title,artist,album_art_url
Shape Of You,Ed Sheeran,https://image-cdn-ak.spotifycdn.com/image/ab67616d00001e02ba5db46f4b838ef6027e6f96
Perfect,Ed Sheeran,https://image-cdn-ak.spotifycdn.com/image/ab67616d00001e02ba5db46f4b838ef6027e6f96
Billie Jean,Michael Jackson,https://image-cdn-fa.spotifycdn.com/image/ab67616d00001e0232a7d87248d1b75463483df5
Bohemian Rhapsody,Queen,https://image-cdn-fa.spotifycdn.com/image/ab67616d00001e02e319baafd16e84f0408af2a0
Save Your Tears,The Weeknd,https://image-cdn-fa.spotifycdn.com/image/ab67616d00001e028863bc11d2aa12b54f5aeb36
Closer,The Chainsmokers Featuring Halsey,https://image-cdn-fa.spotifycdn.com/image/ab67616d00001e02495ce6da9aeb159e94eaa453
Counting Stars,OneRepublic,https://image-cdn-ak.spotifycdn.com/image/ab67616d00001e029e2f95ae77cf436017ada9cb
Thinking Out Loud,Ed Sheeran,https://image-cdn-ak.spotifycdn.com/image/ab67616d00001e02407981084d79d283e24d428e
Uptown Funk!,Mark Ronson Featuring Bruno Mars,https://image-cdn-fa.spotifycdn.com/image/ab67616d00001e029860171ddfee17f77a570cf6
Flowers,Miley Cyrus,https://image-cdn-fa.spotifycdn.com/image/ab67616d00001e0266fd0917f38d472c8576754e
Poker Face,Lady Gaga,https://image-cdn-fa.spotifycdn.com/image/ab67616d00001e02e691217483df8798445c82e2
In Da Club,50 Cent,https://image-cdn-fa.spotifycdn.com/image/ab67616d00001e02f7f74100d5cc850e01172cbf
All Of Me,John Legend,https://image-cdn-ak.spotifycdn.com/image/ab67616d00001e02bdcc3b587b5249932bc415c2
See You Again,Wiz Khalifa Featuring Charlie Puth,https://image-cdn-fa.spotifycdn.com/image/ab67616d00001e024e5df11b17b2727da2b718d8
Sunflower (Spider-Man: Into The Spider-Verse),Post Malone & Swae Lee,https://image-cdn-fa.spotifycdn.com/image/ab67616d00001e02ea0eb66d4b8fef4a84c599fe
Stay,The Kid Laroi & Justin Bieber,https://image-cdn-fa.spotifycdn.com/image/ab67616d00001e02b4d59e6fa7e5e7cbc57ac33a
Sorry,Justin Bieber,https://image-cdn-fa.spotifycdn.com/image/ab67616d00001e02f46b9d202509a8f7384b90de
APT.,ROSE & Bruno Mars,https://image-cdn-fa.spotifycdn.com/image/ab67616d00001e027be65ce6672ed7e5aac6e966
Just The Way You Are,Bruno Mars,https://image-cdn-fa.spotifycdn.com/image/ab67616d00001e027039c1c841fc3dfa2ad8a0d8
Bad Romance,Lady Gaga,https://image-cdn-fa.spotifycdn.com/image/ab67616d00001e0294f32e15943c2a479f565f8c
Believer,Imagine Dragons,https://image-cdn-fa.spotifycdn.com/image/ab67616d00001e025675e83f707f1d7271e5cf8a
Somebody That I Used To Know,Gotye Featuring Kimbra,https://image-cdn-fa.spotifycdn.com/image/ab67616d00001e028ac5768205ad97df3f4f4c0e
Beautiful Things,Benson Boone,https://image-cdn-ak.spotifycdn.com/image/ab67616d00001e02fc302657c7dc52bdaa8c5b46
As It Was,Harry Styles,https://image-cdn-ak.spotifycdn.com/image/ab67616d00001e0282ce362511fb3d9dda6578ee
Levitating,Dua Lipa,https://image-cdn-fa.spotifycdn.com/image/ab67616d00001e024aa538a481e67131c214135a
Starboy,The Weeknd Featuring Daft Punk,https://image-cdn-fa.spotifycdn.com/image/ab67616d00001e024718e2b124f79258be7bc452
Despacito,Luis Fonsi & Daddy Yankee Featuring Justin Bieber,https://image-cdn-ak.spotifycdn.com/image/ab67616d00001e02ef0d4234e1a645740f77d59c
Stressed Out,Twenty One Pilots,https://image-cdn-fa.spotifycdn.com/image/ab67616d00001e02ae1f56dbc14d331f5ed454a5
Umbrella,Rihanna Featuring Jay-Z,https://image-cdn-fa.spotifycdn.com/image/ab67616d00001e02f9f27162ab1ed45b8d7a7e98
Something Just Like This,The Chainsmokers & Coldplay,https://image-cdn-ak.spotifycdn.com/image/ab67616d00001e020c13d3d5a503c84fcc60ae94
Yeah!,Usher Featuring Lil Jon & Ludacris,https://image-cdn-fa.spotifycdn.com/image/ab67616d00001e02365b3fb800c19f7ff72602da
Wake Me Up!,Avicii,https://image-cdn-fa.spotifycdn.com/image/ab67616d00001e02162c5d6dbf1dc3965d1a391a
"Gangsta's Paradise (From ""Dangerous Minds"")",Coolio Featuring L.V.,https://image-cdn-fa.spotifycdn.com/image/ab67616d00001e027438996f6fe67c59d75d4e43
Thunder,Imagine Dragons,https://image-cdn-fa.spotifycdn.com/image/ab67616d00001e025675e83f707f1d7271e5cf8a
Rolling In The Deep,Adele,https://image-cdn-fa.spotifycdn.com/image/ab67616d00001e02827945d7638c464bca9fc647
Dark Horse,Katy Perry Featuring Juicy J,https://image-cdn-fa.spotifycdn.com/image/ab67616d00001e021e9a057052d59004caf47e22
I Gotta Feeling,The Black Eyed Peas,https://image-cdn-fa.spotifycdn.com/image/ab67616d00001e02382514f0114ba8f4a16d5db4
Blank Space,Taylor Swift,https://image-cdn-fa.spotifycdn.com/image/ab67616d00001e029abdf14e6058bd3903686148
Havana,Camila Cabello Featuring Young Thug,https://image-cdn-fa.spotifycdn.com/image/ab67616d00001e02652c9f55dfbf3cfe1800daea
Sugar,Maroon 5,https://image-cdn-fa.spotifycdn.com/image/ab67616d00001e02442b53773d50e1b5369bb16c
I Will Always Love You,Whitney Houston,https://image-cdn-fa.spotifycdn.com/image/ab67616d00001e02456c0b5d0316a80dc600802e
Dynamite,BTS,https://image-cdn-ak.spotifycdn.com/image/ab67616d00001e02c07d5d2fdc02ae252fcd07e5
Lean On,Major Lazer X DJ Snake Featuring Mo,https://image-cdn-fa.spotifycdn.com/image/ab67616d00001e026ecc09ef7f3d0be67660ad62
Beat It,Michael Jackson,https://image-cdn-fa.spotifycdn.com/image/ab67616d00001e0232a7d87248d1b75463483df5
That's What I Like,Bruno Mars,https://image-cdn-fa.spotifycdn.com/image/ab67616d00001e02232711f7d66a1e19e89e28c5
The Hills,The Weeknd,https://image-cdn-ak.spotifycdn.com/image/ab67616d00001e027fcead687e99583072cc217b
Girls Just Want To Have Fun,Cyndi Lauper,https://image-cdn-fa.spotifycdn.com/image/ab67616d00001e02ce023ce7dfdd5199bcdfd5a1
Love Yourself,Justin Bieber,https://image-cdn-fa.spotifycdn.com/image/ab67616d00001e02f46b9d202509a8f7384b90de
Livin' On A Prayer,Bon Jovi,https://image-cdn-ak.spotifycdn.com/image/ab67616d00001e021336b31b6a1799f0de5807ac
Someone You Loved,Lewis Capaldi,https://image-cdn-fa.spotifycdn.com/image/ab67616d00001e02fc2101e6889d6ce9025f85f2
Birds Of A Feather,Billie Eilish,https://image-cdn-fa.spotifycdn.com/image/ab67616d00001e0271d62ea7ea8a5be92d3c1f62
Heat Waves,Glass Animals,https://image-cdn-fa.spotifycdn.com/image/ab67616d00001e02712701c5e263efc8726b1464
Love The Way You Lie,Eminem Featuring Rihanna,https://image-cdn-fa.spotifycdn.com/image/ab67616d00001e02c08d5fa5c0f1a834acef5100
Shake It Off,Taylor Swift,https://image-cdn-fa.spotifycdn.com/image/ab67616d00001e029abdf14e6058bd3903686148
Bring Me To Life,Evanescence Featuring Paul McCoy,https://image-cdn-fa.spotifycdn.com/image/ab67616d00001e026af0b476d4783151541af05d
You Belong With Me,Taylor Swift,https://image-cdn-ak.spotifycdn.com/image/ab67616d00001e0260cb9332e8c8c7d8e50854b3
Girls Like You,Maroon 5 Featuring Cardi B,https://image-cdn-fa.spotifycdn.com/image/ab67616d00001e02fc4852898bc6ed85b3e3f89c
Never Gonna Give You Up,Rick Astley,https://image-cdn-fa.spotifycdn.com/image/ab67616d00001e0215ebbedaacef61af244262a8
When I Was Your Man,Bruno Mars,https://image-cdn-ak.spotifycdn.com/image/ab67616d00001e0249055dce3554e72e82082980
Blinding Lights,The Weeknd,https://image-cdn-ak.spotifycdn.com/image/ab67616d00001e028863bc11d2aa12b54f5aeb36
Rude,MAGIC!,https://image-cdn-fa.spotifycdn.com/image/ab67616d00001e02d4e193f09d2e3d732a82e105
Viva La Vida,Coldplay,https://image-cdn-fa.spotifycdn.com/image/ab67616d00001e02e21cc1db05580b6f2d2a3b6e
All I Want For Christmas Is You,Mariah Carey,https://image-cdn-fa.spotifycdn.com/image/ab67616d00001e02c0862332847213b151ffab31
Calm Down,Rema & Selena Gomez,https://image-cdn-ak.spotifycdn.com/image/ab67616d00001e02a3a7f38ea2033aa501afd4cf
Someone Like You,Adele,https://image-cdn-fa.spotifycdn.com/image/ab67616d00001e02827945d7638c464bca9fc647
Can't Help Falling In Love,Elvis Presley With The Jordanaires,https://image-cdn-fa.spotifycdn.com/image/ab67616d00001e02b184226408f981e3dd17c606
Bad Guy,Billie Eilish,https://image-cdn-fa.spotifycdn.com/image/ab67616d00001e0250a3147b4edd7701a876c6ce
Hot N Cold,Katy Perry,https://image-cdn-ak.spotifycdn.com/image/ab67616d00001e0231cc26681b0164332fa26634
Cheap Thrills,Sia Featuring Sean Paul,https://image-cdn-ak.spotifycdn.com/image/ab67616d00001e0209fc2936525fc269032451c9
Party In The U.S.A.,Miley Cyrus,https://image-cdn-fa.spotifycdn.com/image/ab67616d00001e02d6c3ad6a2a27471e1d5e8103
Halo,Beyonce,https://image-cdn-fa.spotifycdn.com/image/ab67616d00001e02802c5f4c1d84e127c0ab8d78
Senorita,Shawn Mendes & Camila Cabello,https://image-cdn-fa.spotifycdn.com/image/ab67616d00001e02c820f033bd82bef4355d1563
7 Years,Lukas Graham,https://image-cdn-fa.spotifycdn.com/image/ab67616d00001e029c2ba50154a64c3c898ec7e2
Don't Let Me Down,The Chainsmokers Featuring Daya,https://image-cdn-ak.spotifycdn.com/image/ab67616d00001e0202df2d642b572cf4f284a5c3
God's Plan,Drake,https://image-cdn-fa.spotifycdn.com/image/ab67616d00001e02f907de96b9a4fbc04accc0d5
Let Her Go,Passenger,https://image-cdn-ak.spotifycdn.com/image/ab67616d00001e022753d9786604e09ebdbf0244
Locked Out Of Heaven,Bruno Mars,https://image-cdn-ak.spotifycdn.com/image/ab67616d00001e0249055dce3554e72e82082980
Rockstar,Post Malone Featuring 21 Savage,https://image-cdn-fa.spotifycdn.com/image/ab67616d00001e02b1c4b76e23414c9f20242268
Roar,Katy Perry,https://image-cdn-fa.spotifycdn.com/image/ab67616d00001e021e9a057052d59004caf47e22
Heathens,Twenty One Pilots,https://image-cdn-fa.spotifycdn.com/image/ab67616d00001e028fd3753c16c3992b8f401418
Radioactive,Imagine Dragons,https://image-cdn-fa.spotifycdn.com/image/ab67616d00001e02407bd04707c463bbb3410737
Timber,Pitbull Featuring Ke$ha,https://image-cdn-fa.spotifycdn.com/image/ab67616d00001e0211b2eb5bcb327273edb57cc4
Africa,Toto,https://image-cdn-ak.spotifycdn.com/image/ab67616d00001e02ebd6d20c0082524244ef83df
Eye Of The Tiger,Survivor,https://image-cdn-ak.spotifycdn.com/image/ab67616d00001e0228c091d788ec5126817dc07a
We Found Love,Rihanna Featuring Calvin Harris,https://image-cdn-fa.spotifycdn.com/image/ab67616d00001e02439c7d14cc7e91953b8ab9fd
No One,Alicia Keys,https://image-cdn-ak.spotifycdn.com/image/ab67616d00001e02ae33b6bc69fe5405f6884b7e
Can't Hold Us,Macklemore & Ryan Lewis Featuring Ray Dalton,https://image-cdn-fa.spotifycdn.com/image/ab67616d00001e022a6b364528b128a4a17d100d
...Baby One More Time,Britney Spears,https://image-cdn-ak.spotifycdn.com/image/ab67616d00001e0236cf58e3e7cf36a145b1da18
Happier,Marshmello & Bastille,https://image-cdn-fa.spotifycdn.com/image/ab67616d00001e02dd0a40eecd4b13e4c59988da
Crazy In Love,Beyonce Featuring Jay Z,https://image-cdn-ak.spotifycdn.com/image/ab67616d00001e0245680a4a57c97894490a01c1
Stay With Me,Sam Smith,https://image-cdn-fa.spotifycdn.com/image/ab67616d00001e02aeca5ce27cb0041319cbb734
Shallow,Lady Gaga & Bradley Cooper,https://image-cdn-ak.spotifycdn.com/image/ab67616d00001e02b5d4b4ed17ec86c4b3944af2
Diamonds,Rihanna,https://image-cdn-ak.spotifycdn.com/image/ab67616d00001e02e24cbbd5cef05ca77ec67df6
This Is What You Came For,Calvin Harris Featuring Rihanna,https://image-cdn-fa.spotifycdn.com/image/ab67616d00001e022b0b6b4b5f493dbccacd0de4
Let Me Love You,DJ Snake Featuring Justin Bieber,https://image-cdn-fa.spotifycdn.com/image/ab67616d00001e02212d776c31027c511f0ee3bc
I'm Yours,Jason Mraz,https://image-cdn-fa.spotifycdn.com/image/ab67616d00001e0233091fbb40edc2249e682bf2
Stayin' Alive,Bee Gees,https://image-cdn-ak.spotifycdn.com/image/ab67616d00001e0252038992fc6d7868f31d23b7
Hips Don't Lie,Shakira Featuring Wyclef Jean,https://image-cdn-fa.spotifycdn.com/image/ab67616d00001e0285432abc16fd92be0d435cb9
7 Rings,Ariana Grande,https://image-cdn-fa.spotifycdn.com/image/ab67616d00001e0256ac7b86e090f307e218e9c8
Can't Feel My Face,The Weeknd,https://image-cdn-fa.spotifycdn.com/image/ab67616d00001e027fcead687e99583072cc217b
Give Me Everything,"""Pitbull Featuring Ne-Yo, Afrojack & Nayer""",https://image-cdn-ak.spotifycdn.com/image/ab67616d00001e021dc7483a9fcfce54822a2f19
I Like It,"""Cardi B, Bad Bunny & J Balvin""",https://image-cdn-fa.spotifycdn.com/image/ab67616d00001e02a0caffda54afd0a65995bbab
Unforgettable,French Montana Featuring Swae Lee,https://image-cdn-ak.spotifycdn.com/image/ab67616d00001e024b4936565107c79b2e28de18
Sweet Child O' Mine,Guns N' Roses,https://image-cdn-fa.spotifycdn.com/image/ab67616d00001e0221ebf49b3292c3f0f575f0f5
Without Me,Halsey,https://image-cdn-fa.spotifycdn.com/image/ab67616d00001e027636e1c9e67eaafc9f49aefd
Dance Monkey,Tones And I,https://image-cdn-fa.spotifycdn.com/image/ab67616d00001e02d5f839b8f47087f1b6ac5aa9
What Do You Mean?,Justin Bieber,https://image-cdn-fa.spotifycdn.com/image/ab67616d00001e02f46b9d202509a8f7384b90de
Hello,Adele,https://image-cdn-fa.spotifycdn.com/image/ab67616d00001e027b9888dc365b8f957c63df14
Happy,Pharrell Williams,https://image-cdn-fa.spotifycdn.com/image/ab67616d00001e02e89d2c2a3db129062b3b4e4f
Treat You Better,Shawn Mendes,https://image-cdn-ak.spotifycdn.com/image/ab67616d00001e021376b4b16f4bfcba02dc571b
Hey Ya!,OutKast,https://image-cdn-fa.spotifycdn.com/image/ab67616d00001e026e88eb6508fd94cd1b745ce2
Smack That,Akon Featuring Eminem,https://image-cdn-fa.spotifycdn.com/image/ab67616d00001e02d9bcf5565005950b353bc9cf
Demons,Imagine Dragons,https://image-cdn-fa.spotifycdn.com/image/ab67616d00001e02407bd04707c463bbb3410737
Say You Won't Let Go,James Arthur,https://image-cdn-fa.spotifycdn.com/image/ab67616d00001e02b5f59a23dd515f62f785984b
Take Me To Church,Hozier,https://image-cdn-ak.spotifycdn.com/image/ab67616d00001e027a9bf5f82e32d33d4503fe7b
Without Me,Eminem,https://image-cdn-fa.spotifycdn.com/image/ab67616d00001e026ca5c90113b30c3c43ffb8f4
Attention,Charlie Puth,https://image-cdn-fa.spotifycdn.com/image/ab67616d00001e02897f73256b9128a9d70eaf66
Pumped Up Kicks,Foster the People,https://image-cdn-ak.spotifycdn.com/image/ab67616d00001e02121d5f92cf90576907dfb1e5
Stitches,Shawn Mendes,https://image-cdn-fa.spotifycdn.com/image/ab67616d00001e02d26246b23c8bfa8ce543b3bb
Love Me Like You Do,Ellie Goulding,https://image-cdn-fa.spotifycdn.com/image/ab67616d00001e02d561c02b977e44b1404db4c6
Thrift Shop,Macklemore & Ryan Lewis Featuring Wanz,https://image-cdn-ak.spotifycdn.com/image/ab67616d00001e022a6b364528b128a4a17d100d
Single Ladies (Put A Ring On It),Beyonce,https://image-cdn-fa.spotifycdn.com/image/ab67616d00001e02802c5f4c1d84e127c0ab8d78
Old Town Road,Lil Nas X Featuring Billy Ray Cyrus,https://image-cdn-ak.spotifycdn.com/image/ab67616d00001e026239187793c9e492e687db01
Bad Habits,Ed Sheeran,https://image-cdn-ak.spotifycdn.com/image/ab67616d00001e02452eab95b1147fd8376f2006
Can't Stop The Feeling!,Justin Timberlake,https://image-cdn-fa.spotifycdn.com/image/ab67616d00001e02d965d29d7dcf46ade5a8a7e4
Espresso,Sabrina Carpenter,https://image-cdn-ak.spotifycdn.com/image/ab67616d00001e02fd8d7a8d96871e791cb1f626
Cold Heart (PNAU Remix),Elton John & Dua Lipa,https://image-cdn-fa.spotifycdn.com/image/ab67616d00001e02eb842acacb3238b2bf3b8471
Candy Shop,50 Cent Featuring Olivia,https://image-cdn-fa.spotifycdn.com/image/ab67616d00001e02a820aa1b74bd56faddaec63c
Another One Bites The Dust,Queen,https://image-cdn-fa.spotifycdn.com/image/ab67616d00001e0207744e2ed983efa3e6620a47
Say It Right,Nelly Furtado,https://image-cdn-ak.spotifycdn.com/image/ab67616d00001e02a6f439c8957170652f9410e2
Grenade,Bruno Mars,https://image-cdn-ak.spotifycdn.com/image/ab67616d00001e027039c1c841fc3dfa2ad8a0d8
Peaches,Justin Bieber Featuring Daniel Caesar & Giveon,https://image-cdn-fa.spotifycdn.com/image/ab67616d00001e02e6f407c7f3a0ec98845e4431
Chandelier,Sia,https://image-cdn-fa.spotifycdn.com/image/ab67616d00001e02b55ed804149fffbb5e35ff34
New Rules,Dua Lipa,https://image-cdn-ak.spotifycdn.com/image/ab67616d00001e027833c9a792ad032d788d4011
Circles,Post Malone,https://image-cdn-fa.spotifycdn.com/image/ab67616d00001e0291bf597d2ed7528de53f71be
I'm Not The Only One,Sam Smith,https://image-cdn-fa.spotifycdn.com/image/ab67616d00001e02aeca5ce27cb0041319cbb734
Promiscuous,Nelly Furtado Featuring Timbaland,https://image-cdn-fa.spotifycdn.com/image/ab67616d00001e02a6f439c8957170652f9410e2
Love Story,Taylor Swift,https://image-cdn-fa.spotifycdn.com/image/ab67616d00001e0260cb9332e8c8c7d8e50854b3
I Took A Pill In Ibiza,Mike Posner,https://image-cdn-fa.spotifycdn.com/image/ab67616d00001e021db27fa11dbafa67857da8f3
Firework,Katy Perry,https://image-cdn-ak.spotifycdn.com/image/ab67616d00001e02d20c38f295039520d688a888
Sicko Mode,Travis Scott,https://image-cdn-ak.spotifycdn.com/image/ab67616d00001e02daec894c14c0ca42d76eeb32
Hotline Bling,Drake,https://image-cdn-fa.spotifycdn.com/image/ab67616d00001e029416ed64daf84936d89e671c
You're Beautiful,James Blunt,https://image-cdn-fa.spotifycdn.com/image/ab67616d00001e029489b7675f782feada134658
Drivers License,Olivia Rodrigo,https://image-cdn-fa.spotifycdn.com/image/ab67616d00001e028ffc294c1c4362e8472d14cd
We Are Young,fun. Featuring Janelle Monae,https://image-cdn-ak.spotifycdn.com/image/ab67616d00001e02a036e1724bc7f2bab15cfda8
Apologize,Timbaland Featuring OneRepublic,https://image-cdn-fa.spotifycdn.com/image/ab67616d00001e024ed674ab91bdc566534f9285
Memories,Maroon 5,https://image-cdn-ak.spotifycdn.com/image/ab67616d00001e0286a8ab515de4b7aef28cd631
Low,Flo Rida Featuring T-Pain,https://image-cdn-fa.spotifycdn.com/image/ab67616d00001e0249ebebcf0bd7042e5ef931be
Moves Like Jagger,Maroon 5 Featuring Christina Aguilera,https://image-cdn-ak.spotifycdn.com/image/ab67616d00001e02ce70cb2d7063cf869f9f1239
There's Nothing Holdin' Me Back,Shawn Mendes,https://image-cdn-fa.spotifycdn.com/image/ab67616d00001e02ea3ef7697cfd5705b8f47521
Stay,Rihanna Featuring Mikky Ekko,https://image-cdn-ak.spotifycdn.com/image/ab67616d00001e02e24cbbd5cef05ca77ec67df6
Here Without You,3 Doors Down,https://image-cdn-fa.spotifycdn.com/image/ab67616d00001e0283c39b0d32eb4a2064e1e228
Photograph,Ed Sheeran,https://image-cdn-fa.spotifycdn.com/image/ab67616d00001e02407981084d79d283e24d428e
Bang Bang,"""Jessie J, Ariana Grande & Nicki Minaj""",https://image-cdn-fa.spotifycdn.com/image/ab67616d00001e02853048f8a21f1112fb559cce
Don't Stop The Music,Rihanna,https://image-cdn-fa.spotifycdn.com/image/ab67616d00001e02f9f27162ab1ed45b8d7a7e98
Payphone,Maroon 5 Featuring Wiz Khalifa,https://image-cdn-ak.spotifycdn.com/image/ab67616d00001e02ce7d499847da02a9cbd1c084
24K Magic,Bruno Mars,https://image-cdn-fa.spotifycdn.com/image/ab67616d00001e02232711f7d66a1e19e89e28c5
Work,Rihanna Featuring Drake,https://image-cdn-ak.spotifycdn.com/image/ab67616d00001e026be9bac15995f089579074de
We Belong Together,Mariah Carey,https://image-cdn-fa.spotifycdn.com/image/ab67616d00001e0291593c062e0c7c4a20e6eba1
Titanium,David Guetta Featuring Sia,https://image-cdn-fa.spotifycdn.com/image/ab67616d00001e0263bf1cd36632031eb3081cb0
Hotel California,Eagles,https://image-cdn-fa.spotifycdn.com/image/ab67616d00001e02d666181ad183bf7efc7f4105
Good 4 U,Olivia Rodrigo,https://image-cdn-fa.spotifycdn.com/image/ab67616d00001e02a91c10fe9472d9bd89802e5a
Mood,24kGoldn Featuring iann dior,https://image-cdn-fa.spotifycdn.com/image/ab67616d00001e02b4141fad9af613c35f55d589
Last Christmas,Wham!,https://image-cdn-fa.spotifycdn.com/image/ab67616d00001e02f2d2adaa21ad616df6241e7d
Ride,Twenty One Pilots,https://image-cdn-fa.spotifycdn.com/image/ab67616d00001e02398a381d4b82da1038e14c00
Montero (Call Me By Your Name),Lil Nas X,https://image-cdn-ak.spotifycdn.com/image/ab67616d00001e027b98283e5e86ddf0dae96a82
September,"""Earth, Wind & Fire""",https://image-cdn-fa.spotifycdn.com/image/ab67616d00001e022e7558daae7a80e1f5819aa1
Complicated,Avril Lavigne,https://image-cdn-fa.spotifycdn.com/image/ab67616d00001e02f7ec724fbf97a30869d06240
Leave The Door Open,Silk Sonic (Bruno Mars & Anderson .Paak),https://image-cdn-ak.spotifycdn.com/image/ab67616d00001e021756c2022529aacfa98d2eb8
Thriller,Michael Jackson,https://image-cdn-fa.spotifycdn.com/image/ab67616d00001e0232a7d87248d1b75463483df5
Total Eclipse Of The Heart,Bonnie Tyler,https://image-cdn-fa.spotifycdn.com/image/ab67616d00001e028cefe8e2f2cfd63ce073fa96
Where Is The Love?,The Black Eyed Peas,https://image-cdn-fa.spotifycdn.com/image/ab67616d00001e025db09bde92cc685403d7068f
Too Good At Goodbyes,Sam Smith,https://image-cdn-fa.spotifycdn.com/image/ab67616d00001e0208ab2ffa655b2053660096b0
I Feel It Coming,The Weeknd Featuring Daft Punk,https://image-cdn-fa.spotifycdn.com/image/ab67616d00001e02a048415db06a5b6fa7ec4e1a
Just Dance,Lady Gaga Featuring Colby O'Donis,https://image-cdn-fa.spotifycdn.com/image/ab67616d00001e02e691217483df8798445c82e2
Take A Bow,Rihanna,https://image-cdn-fa.spotifycdn.com/image/ab67616d00001e02f9f27162ab1ed45b8d7a7e98
The Way I Are,Timbaland Featuring Keri Hilson,https://image-cdn-fa.spotifycdn.com/image/ab67616d00001e02755a9f1e89ad8e8cf91d4956
Side To Side,Ariana Grande Featuring Nicki Minaj,https://image-cdn-fa.spotifycdn.com/image/ab67616d00001e0233342c57a9b2c4e04c97b3f5
She Will Be Loved,Maroon 5,https://image-cdn-ak.spotifycdn.com/image/ab67616d00001e0292f2d790c6a97b195f66d51e
The Reason,Hoobastank,https://image-cdn-fa.spotifycdn.com/image/ab67616d00001e0294f8b5f85bad2c8affe6cc7d
We Don't Talk Anymore,Charlie Puth Featuring Selena Gomez,https://image-cdn-ak.spotifycdn.com/image/ab67616d00001e0215145482a542a9adb282250b
Mi Gente,J Balvin & Willy William Featuring Beyonce,https://image-cdn-fa.spotifycdn.com/image/ab67616d00001e02dda2b86297d3bfb519f8b785
Work From Home,Fifth Harmony Featuring Ty Dolla $ign,https://image-cdn-fa.spotifycdn.com/image/ab67616d00001e02c926fe88acb49e4226e347c7
Royals,Lorde,https://image-cdn-fa.spotifycdn.com/image/ab67616d00001e02e19c63f62581ab73a6589382
Humble.,Kendrick Lamar,https://image-cdn-fa.spotifycdn.com/image/ab67616d00001e028b52c6b9bc4e43d873869699
Easy On Me,Adele,https://image-cdn-fa.spotifycdn.com/image/ab67616d00001e02c6b577e4c4a6d326354a89f7
Life Is Good,Future Featuring Drake,https://image-cdn-ak.spotifycdn.com/image/ab67616d00001e028a01c7b77a34378a62f46402
Party Rock Anthem,LMFAO Featuring Lauren Bennett & GoonRock,https://image-cdn-fa.spotifycdn.com/image/ab67616d00001e02d77a9a738c99b8c4f7a7c3ee
Cheerleader,OMI,https://image-cdn-ak.spotifycdn.com/image/ab67616d00001e0285ca00029c70d6b5b8372e96
Stronger,Kanye West,https://image-cdn-ak.spotifycdn.com/image/ab67616d00001e0226f7f19c7f0381e56156c94a
Lucid Dreams,Juice WRLD,https://image-cdn-fa.spotifycdn.com/image/ab67616d00001e02f7db43292a6a99b21b51d5b4
Lose Control,Teddy Swims,https://image-cdn-fa.spotifycdn.com/image/ab67616d00001e02ebea8d4457c4db5b2088f287
Set Fire To The Rain,Adele,https://image-cdn-fa.spotifycdn.com/image/ab67616d00001e027e7e5dd9d1ab19fcded8a17f
Intentions,Justin Bieber Featuring Quavo,https://image-cdn-fa.spotifycdn.com/image/ab67616d00001e027fe4a82a08c4f0decbeddbc6
Need You Now,Lady Antebellum,https://image-cdn-ak.spotifycdn.com/image/ab67616d00001e02968053273cfe7949fd91f45b
The Lazy Song,Bruno Mars,https://image-cdn-fa.spotifycdn.com/image/ab67616d00001e028a9eb5a1f701d1d367a5ea10
Don't Start Now,Dua Lipa,https://image-cdn-fa.spotifycdn.com/image/ab67616d00001e02c88bae7846e62a8ba59ee0bd
Fireflies,Owl City,https://image-cdn-fa.spotifycdn.com/image/ab67616d00001e02785d4e702802da500fc78b32
High Hopes,Panic! At The Disco,https://image-cdn-fa.spotifycdn.com/image/ab67616d00001e02c5148520a59be191eea16989
Only Girl (In The World),Rihanna,https://image-cdn-fa.spotifycdn.com/image/ab67616d00001e0231548865f7c729290b96c794
Lollipop,Lil Wayne Featuring Static Major,https://image-cdn-fa.spotifycdn.com/image/ab67616d00001e0202a999c3a283b5392e57737d
Industry Baby,Lil Nas X & Jack Harlow,https://image-cdn-fa.spotifycdn.com/image/ab67616d00001e02f27e4bdc58ebe249a6b90da0
Last Friday Night (T.G.I.F.),Katy Perry,https://image-cdn-fa.spotifycdn.com/image/ab67616d00001e02d20c38f295039520d688a888
Beautiful Girls,Sean Kingston,https://image-cdn-fa.spotifycdn.com/image/ab67616d00001e026a45d20e414fbc456ecea553
Just Give Me A Reason,P!nk Featuring Nate Ruess,https://image-cdn-ak.spotifycdn.com/image/ab67616d00001e0224a1ac503b55e6eef9a7bb8c
What Makes You Beautiful,One Direction,https://image-cdn-fa.spotifycdn.com/image/ab67616d00001e024a5584795dc73860653a9a3e
Smells Like Teen Spirit,Nirvana,https://image-cdn-fa.spotifycdn.com/image/ab67616d00001e02444f118a9126af9e1483dcc0
"""Thank U, Next""",Ariana Grande,https://image-cdn-ak.spotifycdn.com/image/ab67616d00001e0256ac7b86e090f307e218e9c8
How You Remind Me,Nickelback,https://image-cdn-fa.spotifycdn.com/image/ab67616d00001e02699a422d25adc550dc5aa11c
Earned It (Fifty Shades Of Grey),The Weeknd,https://image-cdn-fa.spotifycdn.com/image/ab67616d00001e027fcead687e99583072cc217b
With You,Chris Brown,https://image-cdn-fa.spotifycdn.com/image/ab67616d00001e0239509cc5eadf803928f2f167
Psycho,Post Malone Featuring Ty Dolla $ign,https://image-cdn-ak.spotifycdn.com/image/ab67616d00001e02b1c4b76e23414c9f20242268
I Don't Want To Miss A Thing,Aerosmith,https://image-cdn-fa.spotifycdn.com/image/ab67616d00001e02f039d2a6afcfab0827bb9bc0
Positions,Ariana Grande,https://image-cdn-ak.spotifycdn.com/image/ab67616d00001e0255b8f4c3458e256eca14f18f
Kryptonite,3 Doors Down,https://image-cdn-fa.spotifycdn.com/image/ab67616d00001e0242ba5db3edcc884c23efc5ac
Summer,Calvin Harris,https://image-cdn-fa.spotifycdn.com/image/ab67616d00001e028fba5806a323efd272677c4d
One More Night,Maroon 5,https://image-cdn-fa.spotifycdn.com/image/ab67616d00001e02ce7d499847da02a9cbd1c084
Empire State Of Mind,Jay-Z + Alicia Keys,https://image-cdn-fa.spotifycdn.com/image/ab67616d00001e02fec1b815bb3c50a64a90fd10
I Ain't Worried,OneRepublic,https://image-cdn-ak.spotifycdn.com/image/ab67616d00001e02ec96e006b8bdfc582610ec13
Beauty And A Beat,Justin Bieber Featuring Nicki Minaj,https://image-cdn-fa.spotifycdn.com/image/ab67616d00001e02f1d02a6cec967f8b6b78f76e
Irreplaceable,Beyonce,https://image-cdn-fa.spotifycdn.com/image/ab67616d00001e02632e4eafb2ffba59a2ae4500
Kiss Me More,Doja Cat Featuring SZA,https://image-cdn-fa.spotifycdn.com/image/ab67616d00001e0214b7b2a920a41166d53ddd49
No Tears Left To Cry,Ariana Grande,https://image-cdn-fa.spotifycdn.com/image/ab67616d00001e028e1fa66c1a8f12076378cfb3
Rockabye,Clean Bandit Featuring Sean Paul & Anne-Marie,https://image-cdn-fa.spotifycdn.com/image/ab67616d00001e02306c3a9ddc18b74f329d8cc2
Don't Stop 'Til You Get Enough,Michael Jackson,https://image-cdn-fa.spotifycdn.com/image/ab67616d00001e022b74bf21c7e4f56758610949
I'm The One,"""DJ Khaled Featuring Justin Bieber, Quavo, Chance the Rapper & Lil Wayne""",https://image-cdn-fa.spotifycdn.com/image/ab67616d00001e027a993075e27042a11896b8fb
The Real Slim Shady,Eminem,https://image-cdn-ak.spotifycdn.com/image/ab67616d00001e02dbb3dd82da45b7d7f31b1b42
Better Now,Post Malone,https://image-cdn-fa.spotifycdn.com/image/ab67616d00001e02b1c4b76e23414c9f20242268
Say So,Doja Cat Featuring Nicki Minaj,https://image-cdn-fa.spotifycdn.com/image/ab67616d00001e02d0bbfea6226b5c3707de92ed
The Monster,Eminem Featuring Rihanna,https://image-cdn-fa.spotifycdn.com/image/ab67616d00001e023c65085a58aae2cccd892cbe
Mr. Brightside,The Killers,https://image-cdn-ak.spotifycdn.com/image/ab67616d00001e02ccdddd46119a4ff53eaf1f5d
Always,Bon Jovi,https://image-cdn-fa.spotifycdn.com/image/ab67616d00001e025f66fbeaff0725997250591c
On The Floor,Jennifer Lopez Featuring Pitbull,https://image-cdn-ak.spotifycdn.com/image/ab67616d00001e02d7b2aa3834b82b1cbe899a48
I Have Nothing,Whitney Houston,https://image-cdn-fa.spotifycdn.com/image/ab67616d00001e02456c0b5d0316a80dc600802e
A Bar Song (Tipsy),Shaboozey,https://image-cdn-fa.spotifycdn.com/image/ab67616d00001e02efa97e80fdb012456a40532c
21 Questions,50 Cent Featuring Nate Dogg,https://image-cdn-fa.spotifycdn.com/image/ab67616d00001e02f7f74100d5cc850e01172cbf
One Dance,Drake Featuring Wizkid & Kyla,https://image-cdn-fa.spotifycdn.com/image/ab67616d00001e029416ed64daf84936d89e671c
Watermelon Sugar,Harry Styles,https://image-cdn-ak.spotifycdn.com/image/ab67616d00001e0225180571abce9472f61bd722
I Don't Care,Ed Sheeran & Justin Bieber,https://image-cdn-ak.spotifycdn.com/image/ab67616d00001e02f528fc2d5d8b26e4e3413715
"""Hey, Soul Sister""",Train,https://image-cdn-fa.spotifycdn.com/image/ab67616d00001e026ff8bc258e3ebc835ffe14ca
Losing My Religion,R.E.M.,https://image-cdn-ak.spotifycdn.com/image/ab67616d00001e02e2dd4e821bcc3f70dc0c8ffd
Time After Time,Cyndi Lauper,https://image-cdn-fa.spotifycdn.com/image/ab67616d00001e02ce023ce7dfdd5199bcdfd5a1
Don't Cha,The Pussycat Dolls Featuring Busta Rhymes,https://image-cdn-ak.spotifycdn.com/image/ab67616d00001e028cc44129c3b11adec74058d6
Too Sweet,Hozier,https://image-cdn-fa.spotifycdn.com/image/ab67616d00001e02b07bd43d1bec442c7fcc4d1e
Lose Yourself,Eminem,https://image-cdn-ak.spotifycdn.com/image/ab67616d00001e02eab40fc794b88b9d1e012578
Wrecking Ball,Miley Cyrus,https://image-cdn-fa.spotifycdn.com/image/ab67616d00001e02c19a3bef3b59347c8070770b
Scar Tissue,Red Hot Chili Peppers,https://image-cdn-fa.spotifycdn.com/image/ab67616d00001e0243dab72e4f8a33bab5df92cd
Not Afraid,Eminem,https://image-cdn-fa.spotifycdn.com/image/ab67616d00001e02c08d5fa5c0f1a834acef5100
Taki Taki,"""DJ Snake Featuring Selena Gomez, Ozuna & Cardi B""",https://image-cdn-fa.spotifycdn.com/image/ab67616d00001e02b638ba80fede94a6f609deac
Meant To Be,Bebe Rexha & Florida Georgia Line,https://image-cdn-ak.spotifycdn.com/image/ab67616d00001e0261fe6d3a50c0beaa3cfe33e9
Pompeii,Bastille,https://image-cdn-fa.spotifycdn.com/image/ab67616d00001e02b89cf022db28fa31376e0ed8
Golden,"""HUNTR/X: EJAE, Audrey Nuna & REI AMI""",https://image-cdn-fa.spotifycdn.com/image/ab67616d00001e024dcb6c5df15cf74596ab25a4
Say My Name,Destiny's Child,https://image-cdn-fa.spotifycdn.com/image/ab67616d00001e023718df75b57340c1947747e8
Dancing Queen,ABBA,https://image-cdn-fa.spotifycdn.com/image/ab67616d00001e0270f7a1b35d5165c85b95a0e0
The Box,Roddy Ricch,https://image-cdn-fa.spotifycdn.com/image/ab67616d00001e02820b43679aab8d3b47001f9c
All Star,Smash Mouth,https://image-cdn-fa.spotifycdn.com/image/ab67616d00001e024f3bbf9631faeb8de9912a23
Pillowtalk,ZAYN,https://image-cdn-ak.spotifycdn.com/image/ab67616d00001e025f335cd8135ee4f1a494d108
Sweet But Psycho,Ava Max,https://image-cdn-fa.spotifycdn.com/image/ab67616d00001e02ea46ceca00d552337e5b8ac2
Wild Thoughts,DJ Khaled Featuring Rihanna & Bryson Tiller,https://image-cdn-fa.spotifycdn.com/image/ab67616d00001e027a993075e27042a11896b8fb
Lonely,Akon,https://image-cdn-fa.spotifycdn.com/image/ab67616d00001e026ec7ab30397ea37295340a41
Rockstar,DaBaby Featuring Roddy Ricch,https://image-cdn-ak.spotifycdn.com/image/ab67616d00001e0220e08c8cc23f404d723b5647
Gold Digger,Kanye West Featuring Jamie Foxx,https://image-cdn-fa.spotifycdn.com/image/ab67616d00001e02d79ba8ad2be777bad0e9924b
Rock With You,Michael Jackson,https://image-cdn-fa.spotifycdn.com/image/ab67616d00001e022b74bf21c7e4f56758610949
P.I.M.P.,50 Cent,https://image-cdn-fa.spotifycdn.com/image/ab67616d00001e02f7f74100d5cc850e01172cbf
Blurred Lines,Robin Thicke Featuring T.I. + Pharrell,https://image-cdn-ak.spotifycdn.com/image/ab67616d00001e02bf4733171d920f2a62b24713
Deja Vu,Olivia Rodrigo,https://image-cdn-ak.spotifycdn.com/image/ab67616d00001e02a91c10fe9472d9bd89802e5a
Ordinary,Alex Warren,https://image-cdn-fa.spotifycdn.com/image/ab67616d00001e028d18d73bbfc8985d52865edf
Crank That (Soulja Boy),Soulja Boy Tell'em,https://image-cdn-fa.spotifycdn.com/image/ab67616d00001e029e8a9f316d3e485e2c62fe87
Habits (Stay High),Tove Lo,https://image-cdn-fa.spotifycdn.com/image/ab67616d00001e02edbdf62135e9112a98bffa0c
Mockingbird,Eminem,https://image-cdn-ak.spotifycdn.com/image/ab67616d00001e021bec21e57fff76db49e15a70
I Wanna Dance With Somebody (Who Loves Me),Whitney Houston,https://image-cdn-fa.spotifycdn.com/image/ab67616d00001e02a520a167a62d5548cdb53101
Stereo Hearts,Gym Class Heroes Featuring Adam Levine,https://image-cdn-ak.spotifycdn.com/image/ab67616d00001e0218b8088fe0c3dbf78398b55a
Butter,BTS,https://image-cdn-fa.spotifycdn.com/image/ab67616d00001e0217db30ce3f081d6818a8ad49
Cold Water,Major Lazer Featuring Justin Bieber & Mo,https://image-cdn-fa.spotifycdn.com/image/ab67616d00001e0239ab650e9b93e42c928e7dba
Crazy,Gnarls Barkley,https://image-cdn-fa.spotifycdn.com/image/ab67616d00001e02ab051a2c680f39c0d9827706
Dancing With A Stranger,Sam Smith & Normani,https://image-cdn-ak.spotifycdn.com/image/ab67616d00001e023b52eca47232bedfbb5e9443
Down,Jay Sean Featuring Lil Wayne,https://image-cdn-fa.spotifycdn.com/image/ab67616d00001e0240c2b9ade6132573be714cb7
Rockin' Around The Christmas Tree,Brenda Lee,https://image-cdn-ak.spotifycdn.com/image/ab67616d00001e027845f74d6db14b400fa61cd3
Safe And Sound,Capital Cities,https://image-cdn-fa.spotifycdn.com/image/ab67616d00001e02b03e92f4e7dcd9db3a06c869
Get Lucky,Daft Punk Featuring Pharrell Williams,https://image-cdn-fa.spotifycdn.com/image/ab67616d00001e0219a88dd5c7118e87d7b1619e
Wannabe,Spice Girls,https://image-cdn-ak.spotifycdn.com/image/ab67616d00001e0263facc42e4a35eb3aa182b59
Die With A Smile,Lady Gaga & Bruno Mars,https://image-cdn-fa.spotifycdn.com/image/ab67616d00001e0282ea2e9e1858aa012c57cd45
Summertime Sadness,Lana Del Rey,https://image-cdn-fa.spotifycdn.com/image/ab67616d00001e02f894be72a77b1488292672c7
Eastside,"""Benny Blanco, Halsey & Khalid""",https://image-cdn-fa.spotifycdn.com/image/ab67616d00001e02728fa23a1e6db52295e3f5ae
Baby,Justin Bieber Featuring Ludacris,https://image-cdn-fa.spotifycdn.com/image/ab67616d00001e025832ee286fa8a6964ceb960a
Trap Queen,Fetty Wap,https://image-cdn-fa.spotifycdn.com/image/ab67616d00001e02df7c1e1c441dd172ea8f29f9
Sad!,XXXTENTACION,https://image-cdn-fa.spotifycdn.com/image/ab67616d00001e02c84b393d12905582609d5094
Whatever It Takes,Imagine Dragons,https://image-cdn-fa.spotifycdn.com/image/ab67616d00001e025675e83f707f1d7271e5cf8a
How To Save A Life,The Fray,https://image-cdn-fa.spotifycdn.com/image/ab67616d00001e0259b8b957f164ce660919f1f4
Meet Me Halfway,The Black Eyed Peas,https://image-cdn-fa.spotifycdn.com/image/ab67616d00001e02382514f0114ba8f4a16d5db4
A Sky Full Of Stars,Coldplay,https://image-cdn-fa.spotifycdn.com/image/ab67616d00001e02e5a95573f1b91234630fd2cf
Congratulations,Post Malone Featuring Quavo,https://image-cdn-ak.spotifycdn.com/image/ab67616d00001e0255404f712deb84d0650a4b41
"""Good Luck, Babe!""",Chappell Roan,https://image-cdn-fa.spotifycdn.com/image/ab67616d00001e0291b4bc7c88d91a42e0f3a8b7
Ghost,Justin Bieber,https://image-cdn-ak.spotifycdn.com/image/ab67616d00001e02e6f407c7f3a0ec98845e4431
Last Night,Morgan Wallen,https://image-cdn-ak.spotifycdn.com/image/ab67616d00001e02c37a94d92b0a874ba2419ed7
Girlfriend,Avril Lavigne,https://image-cdn-ak.spotifycdn.com/image/ab67616d00001e02476cdf5837ae39eee951cc15
Problem,Ariana Grande Featuring Iggy Azalea,https://image-cdn-fa.spotifycdn.com/image/ab67616d00001e0246d1ba2fae86b9c5702533e7
You Give Love A Bad Name,Bon Jovi,https://image-cdn-fa.spotifycdn.com/image/ab67616d00001e021336b31b6a1799f0de5807ac
Temperature,Sean Paul,https://image-cdn-fa.spotifycdn.com/image/ab67616d00001e02b82dd1e42423a9bfb6a478a4
A Thousand Years,Christina Perri,https://image-cdn-ak.spotifycdn.com/image/ab67616d00001e023dea4a2ccd58ad1f8e4dbb03
Story Of My Life,One Direction,https://image-cdn-fa.spotifycdn.com/image/ab67616d00001e023cf0191cca87a4bc7e34bc4a
Heartless,Kanye West,https://image-cdn-ak.spotifycdn.com/image/ab67616d00001e0265fbf56c2837be4879b5020a
Die For You,The Weeknd & Ariana Grande,https://image-cdn-fa.spotifycdn.com/image/ab67616d00001e024718e2b124f79258be7bc452
Roses,Saint Jhn,https://image-cdn-fa.spotifycdn.com/image/ab67616d00001e028e51ad44471425be0ddcc6a0
Don't You Worry Child,Swedish House Mafia Featuring John Martin,https://image-cdn-fa.spotifycdn.com/image/ab67616d00001e029cfe80c0c05ce104f7bab18e
Telephone,Lady Gaga Featuring Beyonce,https://image-cdn-ak.spotifycdn.com/image/ab67616d00001e0294f32e15943c2a479f565f8c
Mirrors,Justin Timberlake,https://image-cdn-ak.spotifycdn.com/image/ab67616d00001e0256d5fb0cc9cec001d8ae0c8c
"""Take Me Home, Country Roads""",John Denver With Fat City,https://image-cdn-fa.spotifycdn.com/image/ab67616d00001e02795c9ba853f5a9f7a88b4e31
Otherside,Red Hot Chili Peppers,https://image-cdn-fa.spotifycdn.com/image/ab67616d00001e0243dab72e4f8a33bab5df92cd
WAP,Cardi B Featuring Megan Thee Stallion,https://image-cdn-fa.spotifycdn.com/image/ab67616d00001e02a761e55b720a0778f2170dc9
It Will Rain,Bruno Mars,https://image-cdn-ak.spotifycdn.com/image/ab67616d00001e024c43bd96a211ed67cfe86636
I Had Some Help,Post Malone Featuring Morgan Wallen,https://image-cdn-fa.spotifycdn.com/image/ab67616d00001e0288208159b1b3c69eefdeb2e0
Don't Matter,Akon,https://image-cdn-fa.spotifycdn.com/image/ab67616d00001e02d9bcf5565005950b353bc9cf
Always Be My Baby,Mariah Carey,https://image-cdn-fa.spotifycdn.com/image/ab67616d00001e02749e9bfa78277f30ad2c9a9c
California Gurls,Katy Perry Featuring Snoop Dogg,https://image-cdn-fa.spotifycdn.com/image/ab67616d00001e02d20c38f295039520d688a888
I'm Good (Blue),David Guetta & Bebe Rexha,https://image-cdn-ak.spotifycdn.com/image/ab67616d00001e02f24c7321eabddffc3829676b
Kill Bill,SZA,https://image-cdn-fa.spotifycdn.com/image/ab67616d00001e02bc18bdade69ec5ef0bb25b17
The Climb,Miley Cyrus,https://image-cdn-fa.spotifycdn.com/image/ab67616d00001e02a828119557698a89132abb5f
Super Bass,Nicki Minaj,https://image-cdn-ak.spotifycdn.com/image/ab67616d00001e02aa7d2641af0fa4c1f76fafbf
Every Breath You Take,The Police,https://image-cdn-ak.spotifycdn.com/image/ab67616d00001e02c8e97cafeb2acb85b21a777e
Unstoppable,Sia,https://image-cdn-ak.spotifycdn.com/image/ab67616d00001e0209fc2936525fc269032451c9
MIA,Bad Bunny Featuring Drake,https://image-cdn-ak.spotifycdn.com/image/ab67616d00001e02519266cd05491a5b5bc22d1e
Disturbia,Rihanna,https://image-cdn-fa.spotifycdn.com/image/ab67616d00001e02f9f27162ab1ed45b8d7a7e98
I Don't Wanna Live Forever (Fifty Shades Darker),ZAYN / Taylor Swift,https://image-cdn-fa.spotifycdn.com/image/ab67616d00001e0263d77f99117b28af9f656918
Better,Khalid,https://image-cdn-fa.spotifycdn.com/image/ab67616d00001e02c243500e164150d229750c91
Taste,Tyga Featuring Offset,https://image-cdn-fa.spotifycdn.com/image/ab67616d00001e02a4d73b32e40487605c73cffe
Shivers,Ed Sheeran,https://image-cdn-fa.spotifycdn.com/image/ab67616d00001e02dc806722f6802a8ea9953c89
American Pie (Parts I & II),Don McLean,https://image-cdn-fa.spotifycdn.com/image/ab67616d00001e020085dd4362653ef4c54ebbeb
Dancing In The Dark,Bruce Springsteen,https://image-cdn-fa.spotifycdn.com/image/ab67616d00001e02a43a6482e327d623bb0c0f77
Big Girls Don't Cry,Fergie,https://image-cdn-fa.spotifycdn.com/image/ab67616d00001e0210591d448ff910d4275893a6
Just A Lil Bit,50 Cent,https://image-cdn-fa.spotifycdn.com/image/ab67616d00001e0246b490827a3a7d2c3dcdd14d
Wake Me Up Before You Go-Go,Wham!,https://image-cdn-fa.spotifycdn.com/image/ab67616d00001e02a2fc41b0dd6ce4f0d16a4c46
(Sittin' On) The Dock Of The Bay,Otis Redding,https://image-cdn-fa.spotifycdn.com/image/ab67616d00001e0223d1582953fa34624d3169cb
Sign Of The Times,Harry Styles,https://image-cdn-ak.spotifycdn.com/image/ab67616d00001e023f8b8a9c71b2bd2f3019940b
Black Beatles,Rae Sremmurd Featuring Gucci Mane,https://image-cdn-fa.spotifycdn.com/image/ab67616d00001e02881fb62d913fe712fc2e1c95
Paint The Town Red,Doja Cat,https://image-cdn-fa.spotifycdn.com/image/ab67616d00001e02a54499d7ba4e9afeea91df86
End Of Beginning,Djo,https://image-cdn-fa.spotifycdn.com/image/ab67616d00001e02fddfffec51b4580acae727c1
Under The Bridge,Red Hot Chili Peppers,https://image-cdn-fa.spotifycdn.com/image/ab67616d00001e0243dab72e4f8a33bab5df92cd
Hey There Delilah,Plain White T's,https://image-cdn-ak.spotifycdn.com/image/ab67616d00001e02beae6e69d6505fd379ef3081
California Dreamin',The Mamas & The Papas,https://image-cdn-ak.spotifycdn.com/image/ab67616d00001e0208181b9f840a06e7a071cf72
Kiss Me,Sixpence None the Richer,https://image-cdn-ak.spotifycdn.com/image/ab67616d00001e02cfc5eea6cfd77e89ed3ac5a4
Please Please Please,Sabrina Carpenter,https://image-cdn-fa.spotifycdn.com/image/ab67616d00001e02fd8d7a8d96871e791cb1f626
I Wanna Love You,Akon Featuring Snoop Dogg,https://image-cdn-ak.spotifycdn.com/image/ab67616d00001e02d9bcf5565005950b353bc9cf
Right Round,Flo Rida,https://image-cdn-fa.spotifycdn.com/image/ab67616d00001e0218aa5d7e6d484b832cd5d03f
Chasing Cars,Snow Patrol,https://image-cdn-ak.spotifycdn.com/image/ab67616d00001e025da2756220da9b6f17924f8f
Unholy,Sam Smith & Kim Petras,https://image-cdn-ak.spotifycdn.com/image/ab67616d00001e02a935e4689f15953311772cc4
Hey Jude,The Beatles,https://image-cdn-fa.spotifycdn.com/image/ab67616d00001e026e3d3c964df32136fb1cd594
Enemy,Imagine Dragons X JID,https://image-cdn-fa.spotifycdn.com/image/ab67616d00001e02fc915b69600dce2991a61f13
The One That Got Away,Katy Perry,https://image-cdn-fa.spotifycdn.com/image/ab67616d00001e021d955011a3ed477dc77865ad
Let Me Love You,Mario,https://image-cdn-fa.spotifycdn.com/image/ab67616d00001e02ba8db944ef3e2846ba9efa57
Buy U A Drank (Shawty Snappin'),T-Pain Featuring Yung Joc,https://image-cdn-fa.spotifycdn.com/image/ab67616d00001e02baf2f329d4feeb19761eddf4
Friends,Marshmello & Anne-Marie,https://image-cdn-ak.spotifycdn.com/image/ab67616d00001e02e2c879f3983d1488f2c3ca4e
Ms. Jackson,OutKast,https://image-cdn-fa.spotifycdn.com/image/ab67616d00001e02153b3d6495031cb813a7451c
Style,Taylor Swift,https://image-cdn-fa.spotifycdn.com/image/ab67616d00001e029abdf14e6058bd3903686148
Right Now (Na Na Na),Akon,https://image-cdn-ak.spotifycdn.com/image/ab67616d00001e02e77aece1352dcc4f4cfd097f
Sweater Weather,The Neighbourhood,https://image-cdn-ak.spotifycdn.com/image/ab67616d00001e02c91ed3bc3c8d484f532fab2f
Into You,Ariana Grande,https://image-cdn-fa.spotifycdn.com/image/ab67616d00001e0233342c57a9b2c4e04c97b3f5
Look What You Made Me Do,Taylor Swift,https://image-cdn-fa.spotifycdn.com/image/ab67616d00001e02da5d5aeeabacacc1263c0f4b
Greedy,Tate McRae,https://image-cdn-fa.spotifycdn.com/image/ab67616d00001e02c4258b134ff5756932f9c46f
The Sweet Escape,Gwen Stefani Featuring Akon,https://image-cdn-fa.spotifycdn.com/image/ab67616d00001e028dd53da15b55d402dfc3a20e
Under The Influence,Chris Brown,https://image-cdn-fa.spotifycdn.com/image/ab67616d00001e0248f69a441c575fa5926a0831
Dakiti,Bad Bunny & Jhay Cortez,https://image-cdn-fa.spotifycdn.com/image/ab67616d00001e02005ee342f4eef2cc6e8436ab
Forever,Chris Brown,https://image-cdn-ak.spotifycdn.com/image/ab67616d00001e02b0d747e54b78eb460dcb9316
Drops Of Jupiter (Tell Me),Train,https://image-cdn-fa.spotifycdn.com/image/ab67616d00001e021a0278d4109c0f974821aa33
Hymn For The Weekend,Coldplay,https://image-cdn-ak.spotifycdn.com/image/ab67616d00001e02ac08ece7ad90165ac7d532c4
Don't Go Breaking My Heart,Elton John & Kiki Dee,https://image-cdn-fa.spotifycdn.com/image/ab67616d00001e0242a15a4fe15a8a88ab728d5b
Dream On,Aerosmith,https://image-cdn-fa.spotifycdn.com/image/ab67616d00001e02e0c7891bd7c7ea49d69512e2
Bailando,Enrique Iglesias Featuring Descemer Bueno & Gente De Zona,https://image-cdn-fa.spotifycdn.com/image/ab67616d00001e0290b2ea6298a6e5d98e60d6ec
We Can't Stop,Miley Cyrus,https://image-cdn-fa.spotifycdn.com/image/ab67616d00001e02c19a3bef3b59347c8070770b
Pink Pony Club,Chappell Roan,https://image-cdn-ak.spotifycdn.com/image/ab67616d00001e02a21d22ecf823e1c90aa22d1f
Semi-Charmed Life,Third Eye Blind,https://image-cdn-fa.spotifycdn.com/image/ab67616d00001e020c12ef918102b8d303dc9e9b
Iris,Goo Goo Dolls,https://image-cdn-fa.spotifycdn.com/image/ab67616d00001e02ce5e0c89b768384d45d9b0fa
Wow.,Post Malone,https://image-cdn-ak.spotifycdn.com/image/ab67616d00001e029478c87599550dd73bfa7e02
Hollaback Girl,Gwen Stefani,https://image-cdn-fa.spotifycdn.com/image/ab67616d00001e027c7136a182372ccdffb3d3c4
I Kissed A Girl,Katy Perry,https://image-cdn-fa.spotifycdn.com/image/ab67616d00001e0231cc26681b0164332fa26634
Starships,Nicki Minaj,https://image-cdn-ak.spotifycdn.com/image/ab67616d00001e0285235715597dcd07bb9e0f84
Rather Be,Clean Bandit Featuring Jess Glynne,https://image-cdn-ak.spotifycdn.com/image/ab67616d00001e02c124217d45b77b0ed6983872
HIGHEST IN THE ROOM,Travis Scott,https://image-cdn-fa.spotifycdn.com/image/ab67616d00001e02cc7bfe087a97a09f54c92b28
Smooth Criminal,Michael Jackson,https://image-cdn-fa.spotifycdn.com/image/ab67616d00001e02605223665713cdf285ee0c81
Let It Go,Idina Menzel,https://image-cdn-ak.spotifycdn.com/image/ab67616d00001e027c151ff03d2842c5c7deeb6b
Ain't No Sunshine,Bill Withers,https://image-cdn-fa.spotifycdn.com/image/ab67616d00001e02f64b9ea8a8a409c6af86134f
Right Here Waiting,Richard Marx,https://image-cdn-ak.spotifycdn.com/image/ab67616d00001e02edc27582d8f5c3a7c56893bf
Adore You,Harry Styles,https://image-cdn-fa.spotifycdn.com/image/ab67616d00001e0225180571abce9472f61bd722
"""Whenever, Wherever""",Shakira,https://image-cdn-fa.spotifycdn.com/image/ab67616d00001e021f400a1f4d821b00824cf58f
If I Were A Boy,Beyonce,https://image-cdn-fa.spotifycdn.com/image/ab67616d00001e02802c5f4c1d84e127c0ab8d78
Youngblood,5 Seconds of Summer,https://image-cdn-fa.spotifycdn.com/image/ab67616d00001e0217745f08b79f421ad2176966
Sucker,Jonas Brothers,https://image-cdn-fa.spotifycdn.com/image/ab67616d00001e02de1a3a5eaa0c75bb18e7b597
I Hate U I Love U,Gnash Featuring Olivia O'Brien,https://image-cdn-fa.spotifycdn.com/image/ab67616d00001e024bdfa3edb4c521c570b8c14a
Snooze,SZA,https://image-cdn-fa.spotifycdn.com/image/ab67616d00001e02bc18bdade69ec5ef0bb25b17
Replay,Iyaz,https://image-cdn-fa.spotifycdn.com/image/ab67616d00001e02ae7012fce99c2b2345b54f30
You're Still The One,Shania Twain,https://image-cdn-fa.spotifycdn.com/image/ab67616d00001e02aaf012d56b8c72658da6c45f
Whatever You Like,T.I.,https://image-cdn-fa.spotifycdn.com/image/ab67616d00001e02b6d4478c6f91f1cb2d326c78
I Write Sins Not Tragedies,Panic! At The Disco,https://image-cdn-ak.spotifycdn.com/image/ab67616d00001e023ab3ff3559d2664560e1fdb4
Whatcha Say,Jason Derulo,https://image-cdn-fa.spotifycdn.com/image/ab67616d00001e02eb3092620e6816700d502bb8
Cake By The Ocean,DNCE,https://image-cdn-fa.spotifycdn.com/image/ab67616d00001e028d0a75346badc30c8b845be9
Fantasy,Mariah Carey,https://image-cdn-fa.spotifycdn.com/image/ab67616d00001e02749e9bfa78277f30ad2c9a9c
Feel It Still,Portugal. The Man,https://image-cdn-fa.spotifycdn.com/image/ab67616d00001e02af52c228c9619ff6298b08cd
Pon de Replay,Rihanna,https://image-cdn-ak.spotifycdn.com/image/ab67616d00001e02b21609e1a2d7c1b7ba8efae2
Bodak Yellow (Money Moves),Cardi B,https://image-cdn-ak.spotifycdn.com/image/ab67616d00001e02a0caffda54afd0a65995bbab
We Are The Champions,Queen,https://image-cdn-ak.spotifycdn.com/image/ab67616d00001e0293c65b02f4a72cd6eccf446d
How Deep Is Your Love,Bee Gees,https://image-cdn-ak.spotifycdn.com/image/ab67616d00001e0252038992fc6d7868f31d23b7
Live Your Life,T.I. Featuring Rihanna,https://image-cdn-ak.spotifycdn.com/image/ab67616d00001e02b6d4478c6f91f1cb2d326c78
Genie In A Bottle,Christina Aguilera,https://image-cdn-ak.spotifycdn.com/image/ab67616d00001e02f89996e214be1763b2a9e948
The Joker,The Steve Miller Band,https://image-cdn-fa.spotifycdn.com/image/ab67616d00001e02375445cc7a2aedff11361b51
My Humps,The Black Eyed Peas,https://image-cdn-fa.spotifycdn.com/image/ab67616d00001e02c6710b4a52539506c30e5354
(Everything I Do) I Do It For You,Bryan Adams,https://image-cdn-ak.spotifycdn.com/image/ab67616d00001e023b6427c8257e341348dc5e2a
Womanizer,Britney Spears,https://image-cdn-fa.spotifycdn.com/image/ab67616d00001e021abb421ac1fbbe52c127015e
We Can't Be Friends (Wait For Your Love),Ariana Grande,https://image-cdn-fa.spotifycdn.com/image/ab67616d00001e028b58d20f1b77295730db15b4
Break Free,Ariana Grande Featuring Zedd,https://image-cdn-fa.spotifycdn.com/image/ab67616d00001e02deec12a28d1e336c5052e9aa
Fancy,Iggy Azalea Featuring Charli xcx,https://image-cdn-fa.spotifycdn.com/image/ab67616d00001e02a67377dbc9afa69daf2a7ad8
One Kiss,Calvin Harris & Dua Lipa,https://image-cdn-fa.spotifycdn.com/image/ab67616d00001e02d09f96d82310d4d77c14c108
Before You Go,Lewis Capaldi,https://image-cdn-fa.spotifycdn.com/image/ab67616d00001e027b9639babbe96e25071ec1d4
Bad Moon Rising,Creedence Clearwater Revival,https://image-cdn-ak.spotifycdn.com/image/ab67616d00001e023efcd243aaa5638f55318f91
Barbie Girl,Aqua,https://image-cdn-ak.spotifycdn.com/image/ab67616d00001e02f5768db89dd8ac30fd0e414f
Am I Wrong,Nico & Vinz,https://image-cdn-fa.spotifycdn.com/image/ab67616d00001e02eb3c078694b007169dab4a4f
"""Me, Myself & I""",G-Eazy x Bebe Rexha,https://image-cdn-fa.spotifycdn.com/image/ab67616d00001e0241fe2e2b8cc092bead58f8f5
Panda,Desiigner,https://image-cdn-fa.spotifycdn.com/image/ab67616d00001e02c598ea6ec584cafb062cafdf
Day 'N' Nite,Kid Cudi,https://image-cdn-fa.spotifycdn.com/image/ab67616d00001e02a487deeecb334b6619489d74
Sweet Dreams (Are Made Of This),Eurythmics,https://image-cdn-fa.spotifycdn.com/image/ab67616d00001e02b3994c94dfb241923664bb4d
9 To 5,Dolly Parton,https://image-cdn-fa.spotifycdn.com/image/ab67616d00001e0249cb2d53994caada391cf39e
Believe,Cher,https://image-cdn-fa.spotifycdn.com/image/ab67616d00001e0217514eabfbd713237eebd21f
Uptown Girl,Billy Joel,https://image-cdn-fa.spotifycdn.com/image/ab67616d00001e0229c68eb2726f08eca5ba8613
abcdefu,GAYLE,https://image-cdn-fa.spotifycdn.com/image/ab67616d00001e0257bfb98039e11d9fcb2f4760
Everything I Wanted,Billie Eilish,https://image-cdn-fa.spotifycdn.com/image/ab67616d00001e02f2248cf6dad1d6c062587249
The Middle,"""Zedd, Maren Morris & Grey""",https://image-cdn-fa.spotifycdn.com/image/ab67616d00001e02fbe22d168a743b782a5e856a
Like I'm Gonna Lose You,Meghan Trainor Featuring John Legend,https://image-cdn-fa.spotifycdn.com/image/ab67616d00001e020753a386572b590eb0728227
Paradise,Coldplay,https://image-cdn-fa.spotifycdn.com/image/ab67616d00001e022e62096e4daf8cd0d29fda48
Stick Season,Noah Kahan,https://image-cdn-fa.spotifycdn.com/image/ab67616d00001e026ee35072df1af802cca09918
Gives You Hell,The All-American Rejects,https://image-cdn-fa.spotifycdn.com/image/ab67616d00001e023ebbaf69ee21176cc04c9182
Hold The Line,Toto,https://image-cdn-fa.spotifycdn.com/image/ab67616d00001e02105ef588df1ef91bfa811f94
"Because You Loved Me (From ""Up Close & Personal"")",Celine Dion,https://image-cdn-fa.spotifycdn.com/image/ab67616d00001e02c6aebd89b2dcda3348649633
Castle On The Hill,Ed Sheeran,https://image-cdn-fa.spotifycdn.com/image/ab67616d00001e02ba5db46f4b838ef6027e6f96
Crazy Little Thing Called Love,Queen,https://image-cdn-ak.spotifycdn.com/image/ab67616d00001e0207744e2ed983efa3e6620a47
Let It Be,The Beatles,https://image-cdn-fa.spotifycdn.com/image/ab67616d00001e0284243a01af3c77b56fe01ab1
Young Dumb & Broke,Khalid,https://image-cdn-fa.spotifycdn.com/image/ab67616d00001e024ac041e0d889d3a2608210d5
Buttons,The Pussycat Dolls Featuring Snoop Dogg,https://image-cdn-fa.spotifycdn.com/image/ab67616d00001e028cc44129c3b11adec74058d6
Burn,Ellie Goulding,https://image-cdn-fa.spotifycdn.com/image/ab67616d00001e02a8f674745d4e6757a9b35ba0
Best I Ever Had,Drake,https://image-cdn-ak.spotifycdn.com/image/ab67616d00001e0254ef13c30a024a7f1ba79efd
Natural,Imagine Dragons,https://image-cdn-ak.spotifycdn.com/image/ab67616d00001e02da6f73a25f4c79d0e6b4a8bd
Love On The Brain,Rihanna,https://image-cdn-fa.spotifycdn.com/image/ab67616d00001e026be9bac15995f089579074de
Taste,Sabrina Carpenter,https://image-cdn-fa.spotifycdn.com/image/ab67616d00001e02fd8d7a8d96871e791cb1f626
Good Vibrations,The Beach Boys,https://image-cdn-fa.spotifycdn.com/image/ab67616d00001e02fb9dac3244b8486758058a81
Treasure,Bruno Mars,https://image-cdn-fa.spotifycdn.com/image/ab67616d00001e0249055dce3554e72e82082980
Airplanes,B.o.B Featuring Hayley Williams,https://image-cdn-ak.spotifycdn.com/image/ab67616d00001e02caa23612279c2d059a0d3a82
Dynamite,Taio Cruz,https://image-cdn-fa.spotifycdn.com/image/ab67616d00001e0266c3eb32692a0ae487079cf1
Rocket Man,Elton John,https://image-cdn-ak.spotifycdn.com/image/ab67616d00001e023009007708ab5134936a58b3
Wildest Dreams,Taylor Swift,https://image-cdn-ak.spotifycdn.com/image/ab67616d00001e02eb10050f6fe8e2783a91a4b1
Say Something,A Great Big World & Christina Aguilera,https://image-cdn-fa.spotifycdn.com/image/ab67616d00001e0252744973b0719cda89549292
No Diggity,Blackstreet (Featuring Dr. Dre),https://image-cdn-ak.spotifycdn.com/image/ab67616d00001e02aa52ae0211bb7cbcf047aae3
Ni**as in Paris,Jay Z Kanye West,https://image-cdn-fa.spotifycdn.com/image/ab67616d00001e0252e61456aa4995ba48d94e30
Fast Car,Luke Combs,https://image-cdn-fa.spotifycdn.com/image/ab67616d00001e024f279906df8721c0534c0245
The Way You Make Me Feel,Michael Jackson,https://image-cdn-fa.spotifycdn.com/image/ab67616d00001e02605223665713cdf285ee0c81
Stay,Zedd & Alessia Cara,https://image-cdn-ak.spotifycdn.com/image/ab67616d00001e02b993cba8ff7d0a8e9ee18d46
Bubbly,Colbie Caillat,https://image-cdn-fa.spotifycdn.com/image/ab67616d00001e02d8126126dc45e87c32ad916d
Pepas,Farruko,https://image-cdn-fa.spotifycdn.com/image/ab67616d00001e02b71557ea8911ae076ecf94fa
Bad Blood,Taylor Swift Featuring Kendrick Lamar,https://image-cdn-fa.spotifycdn.com/image/ab67616d00001e029abdf14e6058bd3903686148
Paparazzi,Lady Gaga,https://image-cdn-fa.spotifycdn.com/image/ab67616d00001e02613aaa3ae566d9f36008aed0
Maps,Maroon 5,https://image-cdn-ak.spotifycdn.com/image/ab67616d00001e02780d065ddd0444fc736b4f16
If I Ain't Got You,Alicia Keys,https://image-cdn-fa.spotifycdn.com/image/ab67616d00001e0256ff19308ebeb48e2ba6094b
Pump It,The Black Eyed Peas,https://image-cdn-ak.spotifycdn.com/image/ab67616d00001e02c6710b4a52539506c30e5354
Back In Black,AC/DC,https://image-cdn-fa.spotifycdn.com/image/ab67616d00001e02ff191d7fbdb5a13eaf84132b
Mask Off,Future,https://image-cdn-ak.spotifycdn.com/image/ab67616d00001e02278b422af022b7fa7eb4a672
DJ Got Us Fallin' In Love,Usher Featuring Pitbull,https://image-cdn-ak.spotifycdn.com/image/ab67616d00001e0286b0c9728ad3ed338eaeea79
Godzilla,Eminem Featuring Juice WRLD,https://image-cdn-fa.spotifycdn.com/image/ab67616d00001e02b84b0516d901f95461bb5165
Take On Me,a-ha,https://image-cdn-ak.spotifycdn.com/image/ab67616d00001e02e8dd4db47e7177c63b0b7d53
Boulevard Of Broken Dreams,Green Day,https://image-cdn-ak.spotifycdn.com/image/ab67616d00001e0297e3ca5aecb464f021c601d5
Astronaut In The Ocean,Masked Wolf,https://image-cdn-fa.spotifycdn.com/image/ab67616d00001e02088f522766ecd59d1bbe9d07
Smooth,Santana Featuring Rob Thomas,https://image-cdn-ak.spotifycdn.com/image/ab67616d00001e0247eb3ea5a92904c19e102e54
You're The One That I Want,John Travolta & Olivia Newton-John,https://image-cdn-fa.spotifycdn.com/image/ab67616d00001e02b68df485f3304211904548a8
Unchained Melody,The Righteous Brothers,https://image-cdn-fa.spotifycdn.com/image/ab67616d00001e02cd7530409d09802935c840f9
Wild Ones,Flo Rida Featuring Sia,https://image-cdn-fa.spotifycdn.com/image/ab67616d00001e0287be2cd7396e138e74cb347c
Before He Cheats,Carrie Underwood,https://image-cdn-fa.spotifycdn.com/image/ab67616d00001e02c20ffeb64e39773de0f6c232
It Ain't Me,Kygo x Selena Gomez,https://image-cdn-fa.spotifycdn.com/image/ab67616d00001e02f9dcc529e62f2a4675f88738
I Knew You Were Trouble.,Taylor Swift,https://image-cdn-fa.spotifycdn.com/image/ab67616d00001e0263d77f99117b28af9f656918
Call Me Maybe,Carly Rae Jepsen,https://image-cdn-ak.spotifycdn.com/image/ab67616d00001e02d3ee4bf67c2ac2154006ad72
Dust In The Wind,Kansas,https://image-cdn-ak.spotifycdn.com/image/ab67616d00001e0259f0f56a7cd13526b5b4204c
Dangerous Woman,Ariana Grande,https://image-cdn-ak.spotifycdn.com/image/ab67616d00001e0233342c57a9b2c4e04c97b3f5
Con Calma,Daddy Yankee & Katy Perry Featuring Snow,https://image-cdn-fa.spotifycdn.com/image/ab67616d00001e02896ffcd42561c44fea2bae7b
Run This Town,"""Jay-Z, Rihanna & Kanye West""",https://image-cdn-ak.spotifycdn.com/image/ab67616d00001e02fec1b815bb3c50a64a90fd10
Hey Mama,"""David Guetta Featuring Nicki Minaj, Bebe Rexha & Afrojack""",https://image-cdn-fa.spotifycdn.com/image/ab67616d00001e0216c016cc839adcbd8ec8a717
You Broke Me First.,Tate McRae,https://image-cdn-fa.spotifycdn.com/image/ab67616d00001e027e2764c2192137c81a9e2cab
Feel This Moment,Pitbull Featuring Christina Aguilera,https://image-cdn-fa.spotifycdn.com/image/ab67616d00001e0211b2eb5bcb327273edb57cc4
November Rain,Guns N' Roses,https://image-cdn-fa.spotifycdn.com/image/ab67616d00001e02e44963b8bb127552ac761873
Fallin',Alicia Keys,https://image-cdn-ak.spotifycdn.com/image/ab67616d00001e026d684b553a40e4a11e1db96d
Where Have You Been,Rihanna,https://image-cdn-fa.spotifycdn.com/image/ab67616d00001e02bef074de9ca825bddaeb9f46
Bad Day,Daniel Powter,https://image-cdn-ak.spotifycdn.com/image/ab67616d00001e02d5d74dc15f88ec6e02c7378d
Creepin',"""Metro Boomin, The Weeknd & 21 Savage""",https://image-cdn-fa.spotifycdn.com/image/ab67616d00001e02c4fee55d7b51479627c31f89
Love Song,Sara Bareilles,https://image-cdn-fa.spotifycdn.com/image/ab67616d00001e027f0eb6a8c3ca507382b57ca8
Fight Song,Rachel Platten,https://image-cdn-fa.spotifycdn.com/image/ab67616d00001e02622e61c88fa7816e3e995bfd
Your Song,Elton John,https://image-cdn-ak.spotifycdn.com/image/ab67616d00001e024b292ed7c7360a04d3d6b74a
Lovin On Me,Jack Harlow,https://image-cdn-fa.spotifycdn.com/image/ab67616d00001e023a5390aae0708eefa335b4bf
Unwritten,Natasha Bedingfield,https://image-cdn-fa.spotifycdn.com/image/ab67616d00001e02b337e1ca6629a53c66a3b0d4
Don't Stop Believin',Journey,https://image-cdn-fa.spotifycdn.com/image/ab67616d00001e0223290120a609a65e14cfe018
Good Feeling,Flo Rida,https://image-cdn-fa.spotifycdn.com/image/ab67616d00001e0287be2cd7396e138e74cb347c
Everybody [Backstreet's Back],Backstreet Boys,https://image-cdn-ak.spotifycdn.com/image/ab67616d00001e02a61d92683456632d714508ad
Million Dollar Baby,Tommy Richman,https://image-cdn-fa.spotifycdn.com/image/ab67616d00001e0201c0cd5da820e6128655854f
Twist And Shout,The Beatles,https://image-cdn-ak.spotifycdn.com/image/ab67616d00001e02dbeec63ad914c973e75c24df
Down Under,Men at Work,https://image-cdn-fa.spotifycdn.com/image/ab67616d00001e02aa5e4c9da271951ac0b31fa2
Enter Sandman,Metallica,https://image-cdn-fa.spotifycdn.com/image/ab67616d00001e02c1a13209dfe146aef3296e34
Proud Mary,Creedence Clearwater Revival,https://image-cdn-ak.spotifycdn.com/image/ab67616d00001e02e1f18ad145decb952b8191d3
Adventure Of A Lifetime,Coldplay,https://image-cdn-fa.spotifycdn.com/image/ab67616d00001e028ff7c3580d429c8212b9a3b6
Nice For What,Drake,https://image-cdn-fa.spotifycdn.com/image/ab67616d00001e02f907de96b9a4fbc04accc0d5
I Will Survive,Gloria Gaynor,https://image-cdn-fa.spotifycdn.com/image/ab67616d00001e022a1049b6d0d2b4c3c0abe7a8
Man I Need,Olivia Dean,https://image-cdn-fa.spotifycdn.com/image/ab67616d00001e029a336bfb6d40bbd90a507417
You Found Me,The Fray,https://image-cdn-fa.spotifycdn.com/image/ab67616d00001e0292b32435efed601fc8f1045d
Livin' La Vida Loca,Ricky Martin,https://image-cdn-ak.spotifycdn.com/image/ab67616d00001e02e7e9b85cc1f021ec12130d80
Break My Heart,Dua Lipa,https://image-cdn-fa.spotifycdn.com/image/ab67616d00001e02bb1e7090e662ce98b0e1b4c0
Brown Eyed Girl,Van Morrison,https://image-cdn-ak.spotifycdn.com/image/ab67616d00001e02a145a9479143ec784e2db548
Goosebumps,Travis Scott,https://image-cdn-ak.spotifycdn.com/image/ab67616d00001e020bffddcd4c83baab8303c44d
Numb,Linkin Park,https://image-cdn-fa.spotifycdn.com/image/ab67616d00001e025f1f51d14e8bea89484ecd1b
Let's Stay Together,Al Green,https://image-cdn-fa.spotifycdn.com/image/ab67616d00001e02a1fc113a6858d0824d9aaf38
In My Feelings,Drake,https://image-cdn-ak.spotifycdn.com/image/ab67616d00001e02f907de96b9a4fbc04accc0d5
Ride Wit Me,Nelly Featuring City Spud,https://image-cdn-fa.spotifycdn.com/image/ab67616d00001e02a7ad64a69a42647de9dd0dad
If You Leave Me Now,Chicago,https://image-cdn-fa.spotifycdn.com/image/ab67616d00001e021de27f12958ceb8b1f65461a
My Heart Will Go On,Celine Dion,https://image-cdn-fa.spotifycdn.com/image/ab67616d00001e02def7146ca744f3b1bf838404
Killer Queen,Queen,https://image-cdn-fa.spotifycdn.com/image/ab67616d00001e0209e2ec500166cf2d5ac21050
Goodbye Yellow Brick Road,Elton John,https://image-cdn-fa.spotifycdn.com/image/ab67616d00001e02f72f1e38e9bd48f18a17ed9b
Rain On Me,Lady Gaga & Ariana Grande,https://image-cdn-fa.spotifycdn.com/image/ab67616d00001e026040effba89b9b00a6f6743a
Redbone,Childish Gambino,https://image-cdn-fa.spotifycdn.com/image/ab67616d00001e021c29562d6e8c1f55bb1311d5
Boom Boom Pow,The Black Eyed Peas,https://image-cdn-fa.spotifycdn.com/image/ab67616d00001e02382514f0114ba8f4a16d5db4
Yummy,Justin Bieber,https://image-cdn-ak.spotifycdn.com/image/ab67616d00001e027fe4a82a08c4f0decbeddbc6
Laugh Now Cry Later,Drake Featuring Lil Durk,https://image-cdn-fa.spotifycdn.com/image/ab67616d00001e0252c75ed37313b889447011ef
"""Young, Wild & Free""",Snoop Dogg & Wiz Khalifa Featuring Bruno Mars,https://image-cdn-ak.spotifycdn.com/image/ab67616d00001e02fbd3128cc27caae9c0f1c03a
Gangnam Style,PSY,https://image-cdn-fa.spotifycdn.com/image/ab67616d00001e0220c8eba212bd2e4305304af8
Sweet Caroline (Good Times Never Seemed So Good),Neil Diamond,https://image-cdn-fa.spotifycdn.com/image/ab67616d00001e024d1a7a3e5043173883653ffc
Teenage Dream,Katy Perry,https://image-cdn-fa.spotifycdn.com/image/ab67616d00001e02d20c38f295039520d688a888
All The Stars,Kendrick Lamar & SZA,https://image-cdn-fa.spotifycdn.com/image/ab67616d00001e02e45081495e3a5c7241b20854
Wind Of Change,Scorpions,https://image-cdn-ak.spotifycdn.com/image/ab67616d00001e02787674b6a114f98cad6f834b
Love Me Harder,Ariana Grande & The Weeknd,https://image-cdn-fa.spotifycdn.com/image/ab67616d00001e0246d1ba2fae86b9c5702533e7
Paralyzer,Finger Eleven,https://image-cdn-ak.spotifycdn.com/image/ab67616d00001e02e9c3c16b480e1c5a84d7b188
Suspicious Minds,Elvis Presley,https://image-cdn-ak.spotifycdn.com/image/ab67616d00001e02b26c34d79e4cdaa73672a0b1
What I've Done,Linkin Park,https://image-cdn-ak.spotifycdn.com/image/ab67616d00001e026e996745f2c7b8036abef213
Dilemma,Nelly Featuring Kelly Rowland,https://image-cdn-fa.spotifycdn.com/image/ab67616d00001e02a8b9f97b9ea065b9a857e93f
Kings & Queens,Ava Max,https://image-cdn-fa.spotifycdn.com/image/ab67616d00001e02ea46ceca00d552337e5b8ac2
All That She Wants,Ace of Base,https://image-cdn-fa.spotifycdn.com/image/ab67616d00001e02fda5556cb6981c3113df6175
Drop It Like It's Hot,Snoop Dogg Featuring Pharrell,https://image-cdn-fa.spotifycdn.com/image/ab67616d00001e02e803716268c173c3f9a0c057
Finesse,Bruno Mars & Cardi B,https://image-cdn-ak.spotifycdn.com/image/ab67616d00001e0247e522adf030a78615cdea06
Toxic,Britney Spears,https://image-cdn-fa.spotifycdn.com/image/ab67616d00001e02efc6988972cb04105f002cd4
Glamorous,Fergie Featuring Ludacris,https://image-cdn-fa.spotifycdn.com/image/ab67616d00001e020283b8c1365d34315f5807bf
Whistle,Flo Rida,https://image-cdn-fa.spotifycdn.com/image/ab67616d00001e0287be2cd7396e138e74cb347c
Footloose,Kenny Loggins,https://image-cdn-fa.spotifycdn.com/image/ab67616d00001e0219db9ac54c80a898a179f0f1
Waterfalls,TLC,https://image-cdn-ak.spotifycdn.com/image/ab67616d00001e023ae63e3e2d9da8366e33fdab
Because Of You,Kelly Clarkson,https://image-cdn-ak.spotifycdn.com/image/ab67616d00001e02158c72ad0003cb37ca0c9eff
I Want To Know What Love Is,Foreigner,https://image-cdn-fa.spotifycdn.com/image/ab67616d00001e023e030a7e606959674643d274
Carry On Wayward Son,Kansas,https://image-cdn-fa.spotifycdn.com/image/ab67616d00001e021be40e44db112e123e5e8b51
Dani California,Red Hot Chili Peppers,https://image-cdn-fa.spotifycdn.com/image/ab67616d00001e0209fd83d32aee93dceba78517
Sweet Home Alabama,Lynyrd Skynyrd,https://image-cdn-fa.spotifycdn.com/image/ab67616d00001e0217e1907923e91181f38290ac
"""Hold On, We're Going Home""",Drake Featuring Majid Jordan,https://image-cdn-fa.spotifycdn.com/image/ab67616d00001e02a463abe56cf67ca7f6b8cdd1
Fergalicious,Fergie,https://image-cdn-fa.spotifycdn.com/image/ab67616d00001e020283b8c1365d34315f5807bf
Ain't No Mountain High Enough,Marvin Gaye & Tammi Terrell,https://image-cdn-fa.spotifycdn.com/image/ab67616d00001e029173e50e99bdea2400222f02
Messy,Lola Young,https://image-cdn-fa.spotifycdn.com/image/ab67616d00001e026aa2a180c7b009ca8454ef89
Night Fever,Bee Gees,https://image-cdn-fa.spotifycdn.com/image/ab67616d00001e0252038992fc6d7868f31d23b7
I Remember Everything,Zach Bryan Featuring Kacey Musgraves,https://image-cdn-fa.spotifycdn.com/image/ab67616d00001e023bd1de7368f5f1efd1d787b3
All Out Of Love,Air Supply,https://image-cdn-fa.spotifycdn.com/image/ab67616d00001e02ce152af8c51f3030bbd6435e
Moonlight,XXXTENTACION,https://image-cdn-fa.spotifycdn.com/image/ab67616d00001e0219f38111bd020b2027232d3c
Man! I Feel Like A Woman!,Shania Twain,https://image-cdn-ak.spotifycdn.com/image/ab67616d00001e02aaf012d56b8c72658da6c45f
Vampire,Olivia Rodrigo,https://image-cdn-fa.spotifycdn.com/image/ab67616d00001e02e85259a1cae29a8d91f2093d
Bad And Boujee,Migos Featuring Lil Uzi Vert,https://image-cdn-ak.spotifycdn.com/image/ab67616d00001e026275aeac316378b0dd4f31fd
(Don't Fear) The Reaper,Blue Oyster Cult,https://image-cdn-ak.spotifycdn.com/image/ab67616d00001e02aa802dc9f870e66a8bb6a2a2
Bleeding Love,Leona Lewis,https://image-cdn-fa.spotifycdn.com/image/ab67616d00001e02e6ad6ae83f74c9e3eb3132ab
American Boy,Estelle Featuring Kanye West,https://image-cdn-ak.spotifycdn.com/image/ab67616d00001e0298dc3e242a818007dd67b7c5
Wide Awake,Katy Perry,https://image-cdn-fa.spotifycdn.com/image/ab67616d00001e02937af329667311f4b2831616
We Are Never Ever Getting Back Together,Taylor Swift,https://image-cdn-fa.spotifycdn.com/image/ab67616d00001e021c248e90c3e569f90aef9dec
Water,Tyla,https://image-cdn-fa.spotifycdn.com/image/ab67616d00001e023b4e7b8d3e6d063692406021
"""Dance, Dance""",Fall Out Boy,https://image-cdn-fa.spotifycdn.com/image/ab67616d00001e02221e68c325cfc3821a2a6939
When The Party's Over,Billie Eilish,https://image-cdn-fa.spotifycdn.com/image/ab67616d00001e0250a3147b4edd7701a876c6ce
It's My Life,Bon Jovi,https://image-cdn-fa.spotifycdn.com/image/ab67616d00001e027a231174875d7930de9dad58
Give It To Me,Timbaland Featuring Nelly Furtado & Justin Timberlake,https://image-cdn-fa.spotifycdn.com/image/ab67616d00001e02bc9aee64bdca004ce82c10bc
1-800-273-8255,Logic Featuring Alessia Cara & Khalid,https://image-cdn-ak.spotifycdn.com/image/ab67616d00001e02cfdf40cf325b609a52457805
Karma Chameleon,Culture Club,https://image-cdn-fa.spotifycdn.com/image/ab67616d00001e02c7d7cdad0c2ffa5620129ee8
Miss Independent,Ne-Yo,https://image-cdn-ak.spotifycdn.com/image/ab67616d00001e025694163d7c4ab48251e9b57c
I Know You Want Me (Calle Ocho),Pitbull,https://image-cdn-fa.spotifycdn.com/image/ab67616d00001e02a511f69870fa68e7ba78c099
I Want It That Way,Backstreet Boys,https://image-cdn-ak.spotifycdn.com/image/ab67616d00001e022160c02bc56f192df0f4986b
SOS,Rihanna,https://image-cdn-ak.spotifycdn.com/image/ab67616d00001e02d744a51e193d52170070062b
Enjoy The Silence,Depeche Mode,https://image-cdn-fa.spotifycdn.com/image/ab67616d00001e02234bbbad4dce31cd2950af3e
What's My Name?,Rihanna Featuring Drake,https://image-cdn-ak.spotifycdn.com/image/ab67616d00001e0231548865f7c729290b96c794
One Last Breath,Creed,https://image-cdn-fa.spotifycdn.com/image/ab67616d00001e0280f657ac765c30dc9cf96b2f
We Didn't Start The Fire,Billy Joel,https://image-cdn-fa.spotifycdn.com/image/ab67616d00001e02ce32b2f1b4b9e2f1c68f84cc
Stargazing,Myles Smith,https://image-cdn-fa.spotifycdn.com/image/ab67616d00001e029f308abc74180f2e0e66508a
Maria Maria,Santana Featuring The Product G&B,https://image-cdn-fa.spotifycdn.com/image/ab67616d00001e0205517e4e2defded1e818d3d0
What's Up?,4 Non Blondes,https://image-cdn-fa.spotifycdn.com/image/ab67616d00001e02381371cb8ce680d0dc324600
About Damn Time,Lizzo,https://image-cdn-fa.spotifycdn.com/image/ab67616d00001e02719683dadb742c14a81be63d
Sexy And I Know It,LMFAO,https://image-cdn-fa.spotifycdn.com/image/ab67616d00001e020dfa923895a2814ae422c49a
Hawai,Maluma & The Weeknd,https://image-cdn-ak.spotifycdn.com/image/ab67616d00001e02079fb6c5ba37dc11d66ce1e2
Stronger (What Doesn't Kill You),Kelly Clarkson,https://image-cdn-fa.spotifycdn.com/image/ab67616d00001e02253e3f8fce535f72a6b2c4ba
Wouldn't It Be Nice,The Beach Boys,https://image-cdn-fa.spotifycdn.com/image/ab67616d00001e02bde8dfd1922129f3d9e3732f
Oops!...I Did It Again,Britney Spears,https://image-cdn-fa.spotifycdn.com/image/ab67616d00001e02c50b7d96737041f4bfd844d6
Feel Good Inc,Gorillaz,https://image-cdn-fa.spotifycdn.com/image/ab67616d00001e02e64af6953d2f6c2843c87e09
Lose You To Love Me,Selena Gomez,https://image-cdn-ak.spotifycdn.com/image/ab67616d00001e022abcc266597eb46f897a8666
Time Of Our Lives,Pitbull & Ne-Yo,https://image-cdn-fa.spotifycdn.com/image/ab67616d00001e02e6efeff81a318670a292090f
So Sick,Ne-Yo,https://image-cdn-fa.spotifycdn.com/image/ab67616d00001e029aeedbb4cb36e64f3ed65a3b
Needed Me,Rihanna,https://image-cdn-fa.spotifycdn.com/image/ab67616d00001e026be9bac15995f089579074de
My House,Flo Rida,https://image-cdn-ak.spotifycdn.com/image/ab67616d00001e02cad586071b413dd952caed13
Wolves,Selena Gomez X Marshmello,https://image-cdn-fa.spotifycdn.com/image/ab67616d00001e02307910d4242c0d6b1fedf955
Mo Money Mo Problems,The Notorious B.I.G. Featuring Puff Daddy & Mase,https://image-cdn-ak.spotifycdn.com/image/ab67616d00001e02fc0a9cfb0b4d224cda4db6fe
Call Out My Name,The Weeknd,https://image-cdn-fa.spotifycdn.com/image/ab67616d00001e02b6505c9e982312c40f39cf21
Heart Attack,Demi Lovato,https://image-cdn-fa.spotifycdn.com/image/ab67616d00001e023acee1b4687f712ca89e7f99
Scars To Your Beautiful,Alessia Cara,https://image-cdn-fa.spotifycdn.com/image/ab67616d00001e020a48794d471447a030998815
Wasted On You,Morgan Wallen,https://image-cdn-fa.spotifycdn.com/image/ab67616d00001e02f26e16c256f7042d8f6a814b
A Milli,Lil Wayne,https://image-cdn-fa.spotifycdn.com/image/ab67616d00001e0202a999c3a283b5392e57737d
Roses,The Chainsmokers Featuring ROZES,https://image-cdn-fa.spotifycdn.com/image/ab67616d00001e0242dc3783e8e2de8b4643c598
Hotel Room Service,Pitbull,https://image-cdn-fa.spotifycdn.com/image/ab67616d00001e02a511f69870fa68e7ba78c099
Sorry Not Sorry,Demi Lovato,https://image-cdn-ak.spotifycdn.com/image/ab67616d00001e02f70868aec6eebfea4cd16c70
Roxanne,Arizona Zervas,https://image-cdn-fa.spotifycdn.com/image/ab67616d00001e02069a93617a916760ab88ffea
No Guidance,Chris Brown Featuring Drake,https://image-cdn-fa.spotifycdn.com/image/ab67616d00001e020bf1b932009c0bff47b8cb86
Daylight,David Kushner,https://image-cdn-fa.spotifycdn.com/image/ab67616d00001e02d010d5f2882bad368ee24403
Want To Want Me,Jason Derulo,https://image-cdn-ak.spotifycdn.com/image/ab67616d00001e02c8ef608c30067dd8d3a80f56
Let Me Blow Ya Mind,Eve Featuring Gwen Stefani,https://image-cdn-ak.spotifycdn.com/image/ab67616d00001e022dd8a31709137799f5c937f2
First Class,Jack Harlow,https://image-cdn-fa.spotifycdn.com/image/ab67616d00001e029ba41d0446dee0141062bbe1
Something In The Orange,Zach Bryan,https://image-cdn-ak.spotifycdn.com/image/ab67616d00001e025fea929733035d1b5049863d
Welcome To The Black Parade,My Chemical Romance,https://image-cdn-ak.spotifycdn.com/image/ab67616d00001e02663b6ce496144fa5c3670ac0
Thats What I Want,Lil Nas X,https://image-cdn-fa.spotifycdn.com/image/ab67616d00001e02f27e4bdc58ebe249a6b90da0
Bartender,T-Pain Featuring Akon,https://image-cdn-fa.spotifycdn.com/image/ab67616d00001e02baf2f329d4feeb19761eddf4
One Call Away,Charlie Puth,https://image-cdn-ak.spotifycdn.com/image/ab67616d00001e0215145482a542a9adb282250b
What Lovers Do,Maroon 5 Featuring SZA,https://image-cdn-fa.spotifycdn.com/image/ab67616d00001e023ad198933a3fd3200b003bb2
Riptide,Vance Joy,https://image-cdn-fa.spotifycdn.com/image/ab67616d00001e0205d081cbdc2f67d37a364d63
Love You Like A Love Song,Selena Gomez & The Scene,https://image-cdn-fa.spotifycdn.com/image/ab67616d00001e021c8193de8d62b2ffa49a09db
Elastic Heart,Sia,https://image-cdn-fa.spotifycdn.com/image/ab67616d00001e02b55ed804149fffbb5e35ff34
Without You,The Kid Laroi,https://image-cdn-fa.spotifycdn.com/image/ab67616d00001e02b4d59e6fa7e5e7cbc57ac33a
Cuff It,Beyonce,https://image-cdn-fa.spotifycdn.com/image/ab67616d00001e0269a3c061676c2020adfe8315
You Proof,Morgan Wallen,https://image-cdn-fa.spotifycdn.com/image/ab67616d00001e028337dd45f445c35f7292a81e
Locked Away,R. City Featuring Adam Levine,https://image-cdn-ak.spotifycdn.com/image/ab67616d00001e0274b157379e7686df3d0850a4
Lovely,Billie Eilish & Khalid,https://image-cdn-fa.spotifycdn.com/image/ab67616d00001e028a3f0a3ca7929dea23cd274c
Truth Hurts,Lizzo,https://image-cdn-ak.spotifycdn.com/image/ab67616d00001e02cf6e41c933cfc7694da6e6d4
Centuries,Fall Out Boy,https://image-cdn-fa.spotifycdn.com/image/ab67616d00001e023cf1c1dbcfa3f1ab7282719b
Nothing's Gonna Stop Us Now,Starship,https://image-cdn-fa.spotifycdn.com/image/ab67616d00001e02377198e5b790b5ebf137bd83
Use Somebody,Kings of Leon,https://image-cdn-ak.spotifycdn.com/image/ab67616d00001e0279b30684a8e0dd83917c7cc5
Truly Madly Deeply,Savage Garden,https://image-cdn-fa.spotifycdn.com/image/ab67616d00001e0284fef39a9a8293c86796599f
"Regulate (From ""Above The Rim"")",Warren G & Nate Dogg,https://image-cdn-ak.spotifycdn.com/image/ab67616d00001e02fb009ec94ffc5a282a06f03b
Be Alright,Dean Lewis,https://image-cdn-fa.spotifycdn.com/image/ab67616d00001e02a787f718fb485b66d6219247
Since U Been Gone,Kelly Clarkson,https://image-cdn-ak.spotifycdn.com/image/ab67616d00001e02158c72ad0003cb37ca0c9eff
For The Night,Pop Smoke Featuring Lil Baby & DaBaby,https://image-cdn-fa.spotifycdn.com/image/ab67616d00001e0238cefb245a6327ef91a712a3
I Love It,Icona Pop Featuring Charli xcx,https://image-cdn-fa.spotifycdn.com/image/ab67616d00001e0251b4a23b47059a9aef703df6
Until I Found You,Stephen Sanchez,https://image-cdn-fa.spotifycdn.com/image/ab67616d00001e028792c3e96f8ab97a767c5d0c
Mercy,Shawn Mendes,https://image-cdn-fa.spotifycdn.com/image/ab67616d00001e02ea3ef7697cfd5705b8f47521
34+35,Ariana Grande Feat. Doja Cat & Megan Thee Stallion,https://image-cdn-ak.spotifycdn.com/image/ab67616d00001e0255b8f4c3458e256eca14f18f
Him & I,G-Eazy & Halsey,https://image-cdn-ak.spotifycdn.com/image/ab67616d00001e02046527a9c176f7c2916f3530
Young And Beautiful,Lana Del Rey,https://image-cdn-ak.spotifycdn.com/image/ab67616d00001e02d7fb3e4c63020039d1cff6b2
Turn Down For What,DJ Snake & Lil Jon,https://image-cdn-fa.spotifycdn.com/image/ab67616d00001e02d905e78cad304de028db39b7
Birthday Sex,Jeremih,https://image-cdn-fa.spotifycdn.com/image/ab67616d00001e023ef4572e653cc08326c9551a
Provenza,Karol G,https://image-cdn-ak.spotifycdn.com/image/ab67616d00001e02e70c454b8989f09d1e11ea92
One Last Time,Ariana Grande,https://image-cdn-fa.spotifycdn.com/image/ab67616d00001e0246d1ba2fae86b9c5702533e7
"""10,000 Hours""",Dan + Shay & Justin Bieber,https://image-cdn-ak.spotifycdn.com/image/ab67616d00001e02f41cb36be6216ba6ae9c1d65
"Nuthin' But A ""G"" Thang",Dr. Dre,https://image-cdn-fa.spotifycdn.com/image/ab67616d00001e029710731c9d7baec635f1bab1
Breakeven,The Script,https://image-cdn-ak.spotifycdn.com/image/ab67616d00001e02dde86e2f18dc87260491d0d1
Let You Down,NF,https://image-cdn-fa.spotifycdn.com/image/ab67616d00001e02e213ce07054083ac1d6695cc
Rap God,Eminem,https://image-cdn-fa.spotifycdn.com/image/ab67616d00001e02c6338d684995af10c2bf0533
La Tortura,Shakira Feat. Alejandro Sanz,https://image-cdn-ak.spotifycdn.com/image/ab67616d00001e02afccde0243b5c750c07f6825
Latch,Disclosure Featuring Sam Smith,https://image-cdn-fa.spotifycdn.com/image/ab67616d00001e02786201dca187d2b0c956c24b
Hot In Herre,Nelly,https://image-cdn-fa.spotifycdn.com/image/ab67616d00001e02a8b9f97b9ea065b9a857e93f
How Deep Is Your Love,Calvin Harris & Disciples,https://image-cdn-fa.spotifycdn.com/image/ab67616d00001e0204983fd825ffccc2828f5f5b
Thnks Fr Th Mmrs,Fall Out Boy,https://image-cdn-ak.spotifycdn.com/image/ab67616d00001e02da071ae7564949fbbfc6904d
Family Affair,Mary J. Blige,https://image-cdn-ak.spotifycdn.com/image/ab67616d00001e02096a7fc9668305db9d3175fc
XO TOUR Llif3,Lil Uzi Vert,https://image-cdn-fa.spotifycdn.com/image/ab67616d00001e02d7e1c68ed8e464b03095afda
Suga Suga,Baby Bash Featuring Frankie J,https://image-cdn-fa.spotifycdn.com/image/ab67616d00001e023a5d0b7bc4d28b51ed8385ec
Talk Dirty,Jason Derulo Featuring 2 Chainz,https://image-cdn-fa.spotifycdn.com/image/ab67616d00001e02ba30e4d27e93015180b4924d
Paper Planes,M.I.A.,https://image-cdn-ak.spotifycdn.com/image/ab67616d00001e02a17779330c5ff6def05087a7
This Love,Maroon 5,https://image-cdn-fa.spotifycdn.com/image/ab67616d00001e0292f2d790c6a97b195f66d51e
Titi Me Pregunto,Bad Bunny,https://image-cdn-fa.spotifycdn.com/image/ab67616d00001e0249d694203245f241a1bcaa72
Let It Go,James Bay,https://image-cdn-fa.spotifycdn.com/image/ab67616d00001e02b2c00c75057284b41f88c304
"It Must Have Been Love (From ""Pretty Woman"")",Roxette,https://image-cdn-ak.spotifycdn.com/image/ab67616d00001e02d8803dc4ce397d0456114f16
Stolen Dance,Milky Chance,https://image-cdn-fa.spotifycdn.com/image/ab67616d00001e02266539b00fd32cbcb7579f6c
Part Of Me,Katy Perry,https://image-cdn-fa.spotifycdn.com/image/ab67616d00001e02937af329667311f4b2831616
Loyal,Chris Brown Featuring Lil Wayne & French Montana Or Too $hort Or Tyga,https://image-cdn-fa.spotifycdn.com/image/ab67616d00001e02b37e6176a034d4470304d706
International Love,Pitbull Featuring Chris Brown,https://image-cdn-fa.spotifycdn.com/image/ab67616d00001e021dc7483a9fcfce54822a2f19
Never Be The Same,Camila Cabello,https://image-cdn-fa.spotifycdn.com/image/ab67616d00001e02652c9f55dfbf3cfe1800daea
I Love Rock 'N Roll,Joan Jett & The Blackhearts,https://image-cdn-fa.spotifycdn.com/image/ab67616d00001e029d931a490797521a395708e8
Gimme More,Britney Spears,https://image-cdn-fa.spotifycdn.com/image/ab67616d00001e02d0a8bfe18f25429d76886b1e
What Was I Made For?,Billie Eilish,https://image-cdn-fa.spotifycdn.com/image/ab67616d00001e02ed317ec13d3de9e01fb99c9e
Stuck With U,Ariana Grande & Justin Bieber,https://image-cdn-fa.spotifycdn.com/image/ab67616d00001e022babb9dbd8f5146112f1bf86
LoveGame,Lady Gaga,https://image-cdn-ak.spotifycdn.com/image/ab67616d00001e02e691217483df8798445c82e2
Don't Wanna Know,Maroon 5 Featuring Kendrick Lamar,https://image-cdn-ak.spotifycdn.com/image/ab67616d00001e023ad198933a3fd3200b003bb2
Not Like Us,Kendrick Lamar,https://image-cdn-fa.spotifycdn.com/image/ab67616d00001e021ea0c62b2339cbf493a999ad
Lover,Taylor Swift,https://image-cdn-fa.spotifycdn.com/image/ab67616d00001e02e787cffec20aa2a396a61647
Love Me,Lil Wayne Featuring Drake & Future,https://image-cdn-ak.spotifycdn.com/image/ab67616d00001e023d0fa3f9822032279a1565bc
Piano Man,Billy Joel,https://image-cdn-fa.spotifycdn.com/image/ab67616d00001e02aff4aef671b2510be7c115b3
"""Break Up With Your Girlfriend, I'm Bored""",Ariana Grande,https://image-cdn-ak.spotifycdn.com/image/ab67616d00001e0256ac7b86e090f307e218e9c8
I'm On Fire,Bruce Springsteen,https://image-cdn-ak.spotifycdn.com/image/ab67616d00001e02a43a6482e327d623bb0c0f77
Remember The Time,Michael Jackson,https://image-cdn-fa.spotifycdn.com/image/ab67616d00001e02bf4cf0f48b94d0c8297b751a
I Like Me Better,Lauv,https://image-cdn-ak.spotifycdn.com/image/ab67616d00001e029ed5fcf212f05d55b1e61eae
Good Life,Kanye West Featuring T-Pain,https://image-cdn-fa.spotifycdn.com/image/ab67616d00001e0226f7f19c7f0381e56156c94a
Passionfruit,Drake,https://image-cdn-ak.spotifycdn.com/image/ab67616d00001e024f0fd9dad63977146e685700
Like A Prayer,Madonna,https://image-cdn-ak.spotifycdn.com/image/ab67616d00001e02744ce5f9db16330eb4027f26
Hero,Mariah Carey,https://image-cdn-ak.spotifycdn.com/image/ab67616d00001e024b509947e48d592bfd0d237b
Hypnotize,The Notorious B.I.G.,https://image-cdn-fa.spotifycdn.com/image/ab67616d00001e02fc0a9cfb0b4d224cda4db6fe
Nothin' On You,B.o.B Featuring Bruno Mars,https://image-cdn-ak.spotifycdn.com/image/ab67616d00001e02caa23612279c2d059a0d3a82
Best Day Of My Life,American Authors,https://image-cdn-fa.spotifycdn.com/image/ab67616d00001e02cc761ba55b0e7abad4539abe
Jump Around,House Of Pain,https://image-cdn-fa.spotifycdn.com/image/ab67616d00001e0279606c79fde418c0bc458abb
Holy,Justin Bieber Featuring Chance the Rapper,https://image-cdn-fa.spotifycdn.com/image/ab67616d00001e02e6f407c7f3a0ec98845e4431
Yellow,Coldplay,https://image-cdn-fa.spotifycdn.com/image/ab67616d00001e029164bafe9aaa168d93f4816a
My Love,Justin Timberlake Featuring T.I.,https://image-cdn-fa.spotifycdn.com/image/ab67616d00001e02c68f26a3d34fbd0faed2b473
Pocketful Of Sunshine,Natasha Bedingfield,https://image-cdn-fa.spotifycdn.com/image/ab67616d00001e02861f87fea3ad0f7b23453780
Kiss Kiss,Chris Brown Featuring T-Pain,https://image-cdn-fa.spotifycdn.com/image/ab67616d00001e0239509cc5eadf803928f2f167
Talk,Khalid,https://image-cdn-fa.spotifycdn.com/image/ab67616d00001e02932b12f14fa07ba1e473c465
Hate It Or Love It,The Game Featuring 50 Cent,https://image-cdn-fa.spotifycdn.com/image/ab67616d00001e020e2048fa1e8408e410b8f117
Location,Khalid,https://image-cdn-fa.spotifycdn.com/image/ab67616d00001e024ac041e0d889d3a2608210d5
Tennessee Whiskey,Chris Stapleton,https://image-cdn-fa.spotifycdn.com/image/ab67616d00001e02540fc1d083eac5bcff8dad21
Cruel Summer,Taylor Swift,https://image-cdn-ak.spotifycdn.com/image/ab67616d00001e02e787cffec20aa2a396a61647
Wait For U,Future Featuring Drake & Tems,https://image-cdn-fa.spotifycdn.com/image/ab67616d00001e021692599c8c0f98e470c68106
Golden Hour,JVKE,https://image-cdn-fa.spotifycdn.com/image/ab67616d00001e0225e835b8616b560ac35329cb
Gata Only,FloyyMenor X Cris Mj,https://image-cdn-fa.spotifycdn.com/image/ab67616d00001e02200e2b6526846c59789c92e6
Beautiful Crazy,Luke Combs,https://image-cdn-fa.spotifycdn.com/image/ab67616d00001e02493d0a872c97a661b9606e62
Some Nights,fun.,https://image-cdn-fa.spotifycdn.com/image/ab67616d00001e02a036e1724bc7f2bab15cfda8
Team,Lorde,https://image-cdn-ak.spotifycdn.com/image/ab67616d00001e02e19c63f62581ab73a6589382
Wildflower,Billie Eilish,https://image-cdn-fa.spotifycdn.com/image/ab67616d00001e0271d62ea7ea8a5be92d3c1f62
Animals,Maroon 5,https://image-cdn-fa.spotifycdn.com/image/ab67616d00001e02780d065ddd0444fc736b4f16
Just A Dream,Nelly,https://image-cdn-ak.spotifycdn.com/image/ab67616d00001e02ad198c2dfdaf6b7fdc460df7
Send My Love (To Your New Lover),Adele,https://image-cdn-fa.spotifycdn.com/image/ab67616d00001e027b9888dc365b8f957c63df14
Thinkin' Bout Me,Morgan Wallen,https://image-cdn-fa.spotifycdn.com/image/ab67616d00001e028337dd45f445c35f7292a81e
Anti-Hero,Taylor Swift,https://image-cdn-fa.spotifycdn.com/image/ab67616d00001e02bb54dde68cd23e2a268ae0f5
All About That Bass,Meghan Trainor,https://image-cdn-fa.spotifycdn.com/image/ab67616d00001e020753a386572b590eb0728227
Ho Hey,The Lumineers,https://image-cdn-fa.spotifycdn.com/image/ab67616d00001e02f350c13195ce048876b5fea4
Blame,Calvin Harris Featuring John Newman,https://image-cdn-fa.spotifycdn.com/image/ab67616d00001e028fba5806a323efd272677c4d
I'll Make Love To You,Boyz II Men,https://image-cdn-fa.spotifycdn.com/image/ab67616d00001e026b3b28022871bae1a5d0f057
Late Night Talking,Harry Styles,https://image-cdn-fa.spotifycdn.com/image/ab67616d00001e0282ce362511fb3d9dda6578ee
Waves,Mr. Probz,https://image-cdn-fa.spotifycdn.com/image/ab67616d00001e0220062cf8da0f580e9118b487
White Iverson,Post Malone,https://image-cdn-ak.spotifycdn.com/image/ab67616d00001e0255404f712deb84d0650a4b41
Run It!,Chris Brown,https://image-cdn-fa.spotifycdn.com/image/ab67616d00001e02f9685817281327d5fecb244e
Shake That,Eminem Featuring Nate Dogg,https://image-cdn-ak.spotifycdn.com/image/ab67616d00001e02eab40fc794b88b9d1e012578
"End Of The Road (From ""Boomerang"")",Boyz II Men,https://image-cdn-fa.spotifycdn.com/image/ab67616d00001e0273d0d8625dcf1e48043cfbf9
Seven,Jung Kook Featuring Latto,https://image-cdn-fa.spotifycdn.com/image/ab67616d00001e02bf5cce5a0e1ed03a626bdd74
Black Or White,Michael Jackson,https://image-cdn-ak.spotifycdn.com/image/ab67616d00001e02bf4cf0f48b94d0c8297b751a
My Immortal,Evanescence,https://image-cdn-ak.spotifycdn.com/image/ab67616d00001e026af0b476d4783151541af05d
Feels,"""Calvin Harris Featuring Pharrell Williams, Katy Perry & Big Sean""",https://image-cdn-fa.spotifycdn.com/image/ab67616d00001e024d3fa5ce7ba599f4fd7803ef
Boyfriend,Justin Bieber,https://image-cdn-fa.spotifycdn.com/image/ab67616d00001e02f1d02a6cec967f8b6b78f76e
Dreams,Fleetwood Mac,https://image-cdn-fa.spotifycdn.com/image/ab67616d00001e0257df7ce0eac715cf70e519a7
Chicken Fried,Zac Brown Band,https://image-cdn-ak.spotifycdn.com/image/ab67616d00001e02157d6d0762e17e7dc1ad5203
How Do I Live,LeAnn Rimes,https://image-cdn-fa.spotifycdn.com/image/ab67616d00001e02b8a740229a85f3719d4a4c25
Goodbyes,Post Malone Featuring Young Thug,https://image-cdn-fa.spotifycdn.com/image/ab67616d00001e029478c87599550dd73bfa7e02
Hey Brother,Avicii,https://image-cdn-ak.spotifycdn.com/image/ab67616d00001e02162c5d6dbf1dc3965d1a391a
Highway To Hell,AC/DC,https://image-cdn-fa.spotifycdn.com/image/ab67616d00001e0243058ea096fa35ac33c43587
Misery Business,Paramore,https://image-cdn-fa.spotifycdn.com/image/ab67616d00001e02a6c51ee5d1f5ba4d9fe73612
Raise Your Glass,P!nk,https://image-cdn-fa.spotifycdn.com/image/ab67616d00001e026f3451faa271fbe470685f34
Paris,The Chainsmokers,https://image-cdn-ak.spotifycdn.com/image/ab67616d00001e020c13d3d5a503c84fcc60ae94
Macarena (Bayside Boys Mix),Los del Rio,https://image-cdn-ak.spotifycdn.com/image/ab67616d00001e02a8c284ce171e96a79eabf7de
Return Of The Mack,Mark Morrison,https://image-cdn-fa.spotifycdn.com/image/ab67616d00001e0201841d493ec3808242042c0f
You Need To Calm Down,Taylor Swift,https://image-cdn-fa.spotifycdn.com/image/ab67616d00001e02e787cffec20aa2a396a61647
One Sweet Day,Mariah Carey & Boyz II Men,https://image-cdn-fa.spotifycdn.com/image/ab67616d00001e02749e9bfa78277f30ad2c9a9c
I'm Still Standing,Elton John,https://image-cdn-fa.spotifycdn.com/image/ab67616d00001e02eb11e2abccdca41f39ad3b89
Glad You Came,The Wanted,https://image-cdn-fa.spotifycdn.com/image/ab67616d00001e0217a142a78128fb7c54ab9aa4
More Than Words,Extreme,https://image-cdn-fa.spotifycdn.com/image/ab67616d00001e02fb16b9b69eb891027654bcb1
Life Is A Highway,Rascal Flatts,https://image-cdn-ak.spotifycdn.com/image/ab67616d00001e0278e00fca15a09df6808fd735
Back To Friends,sombr,https://image-cdn-fa.spotifycdn.com/image/ab67616d00001e027fd4049ad3b037358cf809ef
Girl On Fire,Alicia Keys Featuring Nicki Minaj,https://image-cdn-fa.spotifycdn.com/image/ab67616d00001e02a4fe49eb27e8152710e7a590
Lady Marmalade,"""Christina Aguilera, Lil' Kim, Mya & P!nk""",https://image-cdn-fa.spotifycdn.com/image/ab67616d00001e023265458c5b7bc115c5054c96
Get Busy,Sean Paul,https://image-cdn-fa.spotifycdn.com/image/ab67616d00001e02b85a43ff52cecb0ab0a49677
This Is How We Do It,Montell Jordan,https://image-cdn-fa.spotifycdn.com/image/ab67616d00001e02430debb283066ac6725483cf
Ice Ice Baby,Vanilla Ice,https://image-cdn-fa.spotifycdn.com/image/ab67616d00001e020d6c2b91594cc9e59e00f048
Cleanin' Out My Closet,Eminem,https://image-cdn-ak.spotifycdn.com/image/ab67616d00001e026ca5c90113b30c3c43ffb8f4
Need To Know,Doja Cat,https://image-cdn-ak.spotifycdn.com/image/ab67616d00001e0214b7b2a920a41166d53ddd49
Dusk Till Dawn,ZAYN Featuring Sia,https://image-cdn-ak.spotifycdn.com/image/ab67616d00001e028a666ed36f975ba78b1c866e
I Won't Give Up,Jason Mraz,https://image-cdn-fa.spotifycdn.com/image/ab67616d00001e023f1ceb305415a090c0885986
My Universe,Coldplay x BTS,https://image-cdn-ak.spotifycdn.com/image/ab67616d00001e02d5d34557fa33c03782d3e730
Drive By,Train,https://image-cdn-ak.spotifycdn.com/image/ab67616d00001e02bde344cc54eedc35050f4c61
You Make Me Wanna...,Usher,https://image-cdn-ak.spotifycdn.com/image/ab67616d00001e0284aa3b3c591ef78bba3822e8
Imma Be,The Black Eyed Peas,https://image-cdn-fa.spotifycdn.com/image/ab67616d00001e02382514f0114ba8f4a16d5db4
Outside,Calvin Harris Featuring Ellie Goulding,https://image-cdn-ak.spotifycdn.com/image/ab67616d00001e028fba5806a323efd272677c4d
On Bended Knee,Boyz II Men,https://image-cdn-fa.spotifycdn.com/image/ab67616d00001e026b3b28022871bae1a5d0f057
Go Crazy,Chris Brown & Young Thug,https://image-cdn-fa.spotifycdn.com/image/ab67616d00001e02bff2af834c576eaab5bc4d0f
It's Time,Imagine Dragons,https://image-cdn-fa.spotifycdn.com/image/ab67616d00001e02407bd04707c463bbb3410737
Woman,Doja Cat,https://image-cdn-fa.spotifycdn.com/image/ab67616d00001e0214b7b2a920a41166d53ddd49
God Is A Woman,Ariana Grande,https://image-cdn-ak.spotifycdn.com/image/ab67616d00001e02c3af0c2355c24ed7023cd394
Savage Love (Laxed - Siren Beat),Jawsh 685 x Jason Derulo,https://image-cdn-fa.spotifycdn.com/image/ab67616d00001e020f619e50cfa37c94e3f8300e
If I Can't Have You,Shawn Mendes,https://image-cdn-fa.spotifycdn.com/image/ab67616d00001e02c820f033bd82bef4355d1563
In The Air Tonight,Phil Collins,https://image-cdn-ak.spotifycdn.com/image/ab67616d00001e028a1d7cf42a84b10bd1ff8e56
Lips Of An Angel,Hinder,https://image-cdn-fa.spotifycdn.com/image/ab67616d00001e02b4689add7081ea34d856fd4e
Ridin',Chamillionaire Featuring Krayzie Bone,https://image-cdn-fa.spotifycdn.com/image/ab67616d00001e02abeffe927a62a584cf7c2708
Feel So Close,Calvin Harris,https://image-cdn-ak.spotifycdn.com/image/ab67616d00001e02c68d3086e5bf29ac2ff6fc93
Never Forget You,Zara Larsson & MNEK,https://image-cdn-ak.spotifycdn.com/image/ab67616d00001e025b2504656e1eb29aed6e8d5a
I Like The Way You Kiss Me,Artemas,https://image-cdn-fa.spotifycdn.com/image/ab67616d00001e0218f3449e90684e2a89636898
You Shook Me All Night Long,AC/DC,https://image-cdn-fa.spotifycdn.com/image/ab67616d00001e02ff191d7fbdb5a13eaf84132b
Drunk In Love,Beyonce Featuring Jay Z,https://image-cdn-ak.spotifycdn.com/image/ab67616d00001e020d1d6e9325275f104f8e33f3
Because Of You,Ne-Yo,https://image-cdn-ak.spotifycdn.com/image/ab67616d00001e02cebbcd5e6f6b7604a2beb133
Weak,SWV,https://image-cdn-ak.spotifycdn.com/image/ab67616d00001e02f56546aac4f5d002c4c3d705
Body Like A Back Road,Sam Hunt,https://image-cdn-fa.spotifycdn.com/image/ab67616d00001e02b5529363386deb522a4f586c
Forever After All,Luke Combs,https://image-cdn-ak.spotifycdn.com/image/ab67616d00001e02c1910b19976893265d83d36a
Hot Girl Bummer,Blackbear,https://image-cdn-fa.spotifycdn.com/image/ab67616d00001e02e9b6f26ff354f4d70847f02d
Love In This Club,Usher Featuring Young Jeezy,https://image-cdn-ak.spotifycdn.com/image/ab67616d00001e028be38d9324cc1ccb94ccafd9
Le Freak,Chic,https://image-cdn-ak.spotifycdn.com/image/ab67616d00001e02e37d5190acaf635f06cfcc4b
E.T.,Katy Perry Featuring Kanye West,https://image-cdn-fa.spotifycdn.com/image/ab67616d00001e02937af329667311f4b2831616
Wonderwall,Oasis,https://image-cdn-fa.spotifycdn.com/image/ab67616d00001e0285e5dcc05cc216a10f141480
Light My Fire,The Doors,https://image-cdn-fa.spotifycdn.com/image/ab67616d00001e025b96a8c5d61be8878452f8f1
Wanted Dead Or Alive,Bon Jovi,https://image-cdn-fa.spotifycdn.com/image/ab67616d00001e021336b31b6a1799f0de5807ac
The Fate Of Ophelia,Taylor Swift,https://image-cdn-fa.spotifycdn.com/image/ab67616d00001e02d7812467811a7da6e6a44902
The Kind Of Love We Make,Luke Combs,https://image-cdn-fa.spotifycdn.com/image/ab67616d00001e0289b26d4201d9aa5d65000dab
Black Widow,Iggy Azalea Featuring Rita Ora,https://image-cdn-fa.spotifycdn.com/image/ab67616d00001e02ecdc9b06e4b96c6ed4c83699
Clocks,Coldplay,https://image-cdn-ak.spotifycdn.com/image/ab67616d00001e02de09e02aa7febf30b7c02d82
Leave Before You Love Me,Marshmello X Jonas Brothers,https://image-cdn-ak.spotifycdn.com/image/ab67616d00001e02ae40468931087f78919b86ce
Wake Me Up When September Ends,Green Day,https://image-cdn-fa.spotifycdn.com/image/ab67616d00001e0208a1b1e0674086d3f1995e1b
Everyday People,Sly & The Family Stone,https://image-cdn-fa.spotifycdn.com/image/ab67616d00001e02147e35fd67f22f92cb587c3b
Dead And Gone,T.I. Featuring Justin Timberlake,https://image-cdn-fa.spotifycdn.com/image/ab67616d00001e02b6d4478c6f91f1cb2d326c78
BedRock,Young Money Featuring Lloyd,https://image-cdn-fa.spotifycdn.com/image/ab67616d00001e02909727aa4da6dc195b77aba7
Happy Together,The Turtles,https://image-cdn-fa.spotifycdn.com/image/ab67616d00001e020ffc5e905138b8ee65981dd4
Good Days,SZA,https://image-cdn-fa.spotifycdn.com/image/ab67616d00001e02bc18bdade69ec5ef0bb25b17
Rude Boy,Rihanna,https://image-cdn-ak.spotifycdn.com/image/ab67616d00001e024cae51022c6881ac94a7b3a2
Linger,The Cranberries,https://image-cdn-ak.spotifycdn.com/image/ab67616d00001e02753dbf92830094154a21b193
Me & U,Cassie,https://image-cdn-fa.spotifycdn.com/image/ab67616d00001e02f4c4ee507c2558262869f415
Going Bad,Meek Mill Featuring Drake,https://image-cdn-fa.spotifycdn.com/image/ab67616d00001e02cd63c5962050729d260077d6
Traitor,Olivia Rodrigo,https://image-cdn-ak.spotifycdn.com/image/ab67616d00001e02a91c10fe9472d9bd89802e5a
I Fall Apart,Post Malone,https://image-cdn-fa.spotifycdn.com/image/ab67616d00001e0255404f712deb84d0650a4b41
Falling,Trevor Daniel,https://image-cdn-fa.spotifycdn.com/image/ab67616d00001e024dbf782532ca5d09012dc2d5
Sucker For Pain,"""Lil Wayne, Wiz Khalifa & Imagine Dragons With Logic & Ty Dolla $ign Feat. X Ambassadors""",https://image-cdn-fa.spotifycdn.com/image/ab67616d00001e028fd3753c16c3992b8f401418
"Here Comes The Hotstepper (From ""Ready To Wear"")",Ini Kamoze,https://image-cdn-fa.spotifycdn.com/image/ab67616d00001e02e5b1bb6994a3ebc9a6f42d5b
ZEZE,Kodak Black Featuring Travis Scott & Offset,https://image-cdn-ak.spotifycdn.com/image/ab67616d00001e02f9508eb3070b95ceeb82788b
Good For You,Selena Gomez Featuring A$AP Rocky,https://image-cdn-ak.spotifycdn.com/image/ab67616d00001e026bc7473df6c9d1fd90972e84
Manchild,Sabrina Carpenter,https://image-cdn-fa.spotifycdn.com/image/ab67616d00001e02b1863bf95557ea7f357c4947
Starving,Hailee Steinfeld & Grey Featuring Zedd,https://image-cdn-ak.spotifycdn.com/image/ab67616d00001e020506a838892be6229dca857b
(I Can't Get No) Satisfaction,The Rolling Stones,https://image-cdn-ak.spotifycdn.com/image/ab67616d00001e0205c5be85b64eaff732f7cb0b
Can't Take My Eyes Off You,Frankie Valli,https://image-cdn-ak.spotifycdn.com/image/ab67616d00001e02328ba1034774366865d78ac1
Delicate,Taylor Swift,https://image-cdn-fa.spotifycdn.com/image/ab67616d00001e02da5d5aeeabacacc1263c0f4b
Take Care,Drake Featuring Rihanna,https://image-cdn-ak.spotifycdn.com/image/ab67616d00001e02bf7926038f1dd479de84691f
Silence,Marshmello Featuring Khalid,https://image-cdn-fa.spotifycdn.com/image/ab67616d00001e02f33ba583059dc2f7d08bf2b8
Cooler Than Me,Mike Posner,https://image-cdn-ak.spotifycdn.com/image/ab67616d00001e028721ba65c221028ae006ff7a
Strip That Down,Liam Payne Featuring Quavo,https://image-cdn-fa.spotifycdn.com/image/ab67616d00001e02bb19faf82c27f392e29c7300
679,Fetty Wap Featuring Remy Boyz,https://image-cdn-fa.spotifycdn.com/image/ab67616d00001e021769fa68b9643ca67c4d44ce
Texas Hold 'Em,Beyonce,https://image-cdn-fa.spotifycdn.com/image/ab67616d00001e02208e593c3565dae1295b5a26
Another Day In Paradise,Phil Collins,https://image-cdn-fa.spotifycdn.com/image/ab67616d00001e027624d538b596bfdf565184a6
Everybody Talks,Neon Trees,https://image-cdn-fa.spotifycdn.com/image/ab67616d00001e0270c9c3170d9d50e2d329169d
Love Lies,Khalid & Normani,https://image-cdn-fa.spotifycdn.com/image/ab67616d00001e020b28544dd1fbe4c6e13d0a73
She's Always A Woman,Billy Joel,https://image-cdn-fa.spotifycdn.com/image/ab67616d00001e026ce61113662ecf693b605ee5
Born In The U.S.A.,Bruce Springsteen,https://image-cdn-fa.spotifycdn.com/image/ab67616d00001e02a43a6482e327d623bb0c0f77
Club Can't Handle Me,Flo Rida Featuring David Guetta,https://image-cdn-fa.spotifycdn.com/image/ab67616d00001e021dec5cdebb0ea9b3df5fd0ca
Beggin',Maneskin,https://image-cdn-fa.spotifycdn.com/image/ab67616d00001e02fa0ab3a28b5c52d8a5f97045
Middle Child,J. Cole,https://image-cdn-ak.spotifycdn.com/image/ab67616d00001e02c0ae820e3b64854de4642101
I Get Around,The Beach Boys,https://image-cdn-fa.spotifycdn.com/image/ab67616d00001e026f27648d5087e1b7aeb2abdb
FE!N,Travis Scott Featuring Playboi Carti,https://image-cdn-ak.spotifycdn.com/image/ab67616d00001e0204481c826dd292e5e4983b3f
Mine,Bazzi,https://image-cdn-fa.spotifycdn.com/image/ab67616d00001e02fa63868fe09156de4617db8a
Gonna Make You Sweat (Everybody Dance Now),C+C Music Factory,https://image-cdn-fa.spotifycdn.com/image/ab67616d00001e02bf6cc1130a676e73730f6311
It's All Coming Back To Me Now,Celine Dion,https://image-cdn-fa.spotifycdn.com/image/ab67616d00001e02c6aebd89b2dcda3348649633
Surfin' U.S.A.,The Beach Boys,https://image-cdn-fa.spotifycdn.com/image/ab67616d00001e027cb33b8fab5302942e6a78fb
U Got It Bad,Usher,https://image-cdn-ak.spotifycdn.com/image/ab67616d00001e027750146aac26aade0a867913
Whiskey Glasses,Morgan Wallen,https://image-cdn-fa.spotifycdn.com/image/ab67616d00001e021215aac0c23dd8c31f5c14c1
Goodies,Ciara Featuring Petey Pablo,https://image-cdn-fa.spotifycdn.com/image/ab67616d00001e02c1e3659212de0f437bbf395e
One Time,Justin Bieber,https://image-cdn-ak.spotifycdn.com/image/ab67616d00001e028a6872349f425c2d9e2d40a3
The Boy Is Mine,Brandy & Monica,https://image-cdn-fa.spotifycdn.com/image/ab67616d00001e020e51dd1d3dc50fc541942c7c
Austin,Dasha,https://image-cdn-fa.spotifycdn.com/image/ab67616d00001e0282a775a7ac58fcd10ca9c514
I Got 5 On It,Luniz,https://image-cdn-fa.spotifycdn.com/image/ab67616d00001e02b80f8fa04c875eac392cade1
When I'm Gone,Eminem,https://image-cdn-fa.spotifycdn.com/image/ab67616d00001e02c3e575617a5604fc4c34d93b
The Sound Of Silence,Disturbed,https://image-cdn-fa.spotifycdn.com/image/ab67616d00001e02d16fafa6fe32995b9a43533a
Up,Cardi B,https://image-cdn-ak.spotifycdn.com/image/ab67616d00001e024c85017f461d7fb344eb07d7
The A Team,Ed Sheeran,https://image-cdn-fa.spotifycdn.com/image/ab67616d00001e026567a393a964a845a89b7f70
Don't,Bryson Tiller,https://image-cdn-fa.spotifycdn.com/image/ab67616d00001e028fbf8ef444a2b0acc6ee2faf
Love Nwantiti (Ah Ah Ah),CKay,https://image-cdn-fa.spotifycdn.com/image/ab67616d00001e0239bb326b58346f99b8692745
Shut Up And Dance,Walk the Moon,https://image-cdn-fa.spotifycdn.com/image/ab67616d00001e02fc39eb9eb3f3824a58f338dc
Lonely,Justin Bieber & Benny Blanco,https://image-cdn-fa.spotifycdn.com/image/ab67616d00001e02e6f407c7f3a0ec98845e4431
Born This Way,Lady Gaga,https://image-cdn-fa.spotifycdn.com/image/ab67616d00001e026d2bc35812c2d7f67d110e48
That's The Way Love Goes,Janet Jackson,https://image-cdn-fa.spotifycdn.com/image/ab67616d00001e02e63518d50aff63f57d2b8ead
Wherever You Will Go,The Calling,https://image-cdn-fa.spotifycdn.com/image/ab67616d00001e02cb85a33b27895613a537b809
Just The Way You Are,Billy Joel,https://image-cdn-fa.spotifycdn.com/image/ab67616d00001e026ce61113662ecf693b605ee5
Whats Poppin,"""Jack Harlow Featuring DaBaby, Tory Lanez & Lil Wayne""",https://image-cdn-fa.spotifycdn.com/image/ab67616d00001e0205a448540b069450ccfba889
When We Were Young,Adele,https://image-cdn-ak.spotifycdn.com/image/ab67616d00001e027b9888dc365b8f957c63df14
Low Life,Future Featuring The Weeknd,https://image-cdn-fa.spotifycdn.com/image/ab67616d00001e022f62a05cc754995b544ec1f6
"Kokomo (From""Cocktail"" )",The Beach Boys,https://image-cdn-fa.spotifycdn.com/image/ab67616d00001e021ca2b49a8102dc4ec6cb755e
Cat's In The Cradle,Harry Chapin,https://image-cdn-fa.spotifycdn.com/image/ab67616d00001e026f5f94a57fdb922f98b06e86
Hall Of Fame,The Script Featuring will.i.am,https://image-cdn-fa.spotifycdn.com/image/ab67616d00001e0244287246ea331e6f7b0ef8a9
How Long,Charlie Puth,https://image-cdn-ak.spotifycdn.com/image/ab67616d00001e02897f73256b9128a9d70eaf66
In My Head,Jason Derulo,https://image-cdn-ak.spotifycdn.com/image/ab67616d00001e02eb3092620e6816700d502bb8
Let It Rock,Kevin Rudolf Featuring Lil Wayne,https://image-cdn-ak.spotifycdn.com/image/ab67616d00001e0275dd9036b10f422288b23c4d
What Hurts The Most,Rascal Flatts,https://image-cdn-fa.spotifycdn.com/image/ab67616d00001e0278e00fca15a09df6808fd735
Celebration,Kool & The Gang,https://image-cdn-ak.spotifycdn.com/image/ab67616d00001e02887b7c596249f628db6c6473
Issues,Julia Michaels,https://image-cdn-fa.spotifycdn.com/image/ab67616d00001e02a5acfd33d055ca075b829cc1
Nonstop,Drake,https://image-cdn-ak.spotifycdn.com/image/ab67616d00001e02f907de96b9a4fbc04accc0d5
Name,Goo Goo Dolls,https://image-cdn-fa.spotifycdn.com/image/ab67616d00001e027db048b350136b3116ad02d4
Chasin' You,Morgan Wallen,https://image-cdn-ak.spotifycdn.com/image/ab67616d00001e021215aac0c23dd8c31f5c14c1
FourFiveSeconds,Rihanna & Kanye West & Paul McCartney,https://image-cdn-fa.spotifycdn.com/image/ab67616d00001e0236a9ed72b45e54ff307641be
Red Red Wine,UB40,https://image-cdn-fa.spotifycdn.com/image/ab67616d00001e02f1dd69d7399290cc25324706
Alejandro,Lady Gaga,https://image-cdn-fa.spotifycdn.com/image/ab67616d00001e0294f32e15943c2a479f565f8c
Hooked On A Feeling,Blue Swede,https://image-cdn-fa.spotifycdn.com/image/ab67616d00001e02cdcd73410624243d380add9f
Escape (The Pina Colada Song),Rupert Holmes,https://image-cdn-ak.spotifycdn.com/image/ab67616d00001e02080cc92336eb13a0ec662146
Sure Thing,Miguel,https://image-cdn-fa.spotifycdn.com/image/ab67616d00001e02d5a8395b0d80b8c48a5d851c
I'm A Believer,The Monkees,https://image-cdn-ak.spotifycdn.com/image/ab67616d00001e02360a1ae790aa71a0aac4983e
It's Now Or Never,Elvis Presley With The Jordanaires,https://image-cdn-fa.spotifycdn.com/image/ab67616d00001e02a26c4b4be6ac72727eb33a45
Nice & Slow,Usher,https://image-cdn-fa.spotifycdn.com/image/ab67616d00001e020540e183356055dfb31b747e
Jessie's Girl,Rick Springfield,https://image-cdn-ak.spotifycdn.com/image/ab67616d00001e024a57b8b911a372d77dfc1ba7
A Horse With No Name,America,https://image-cdn-fa.spotifycdn.com/image/ab67616d00001e02cc2ef2810c85fde8ec60cbc4
Mrs. Robinson,Simon & Garfunkel,https://image-cdn-ak.spotifycdn.com/image/ab67616d00001e02e67cbc6061edcdaa6f0cf570
Clarity,Zedd Featuring Foxes,https://image-cdn-fa.spotifycdn.com/image/ab67616d00001e02941dd3b3343d9cb9329d37bf
Lush Life,Zara Larsson,https://image-cdn-fa.spotifycdn.com/image/ab67616d00001e02401bf6103d4b7f5230a21582
Circus,Britney Spears,https://image-cdn-fa.spotifycdn.com/image/ab67616d00001e021abb421ac1fbbe52c127015e
No Scrubs,TLC,https://image-cdn-ak.spotifycdn.com/image/ab67616d00001e0261ffafd5e31a37336531cf95
Over My Head (Cable Car),The Fray,https://image-cdn-fa.spotifycdn.com/image/ab67616d00001e0259b8b957f164ce660919f1f4
Santa Tell Me,Ariana Grande,https://image-cdn-fa.spotifycdn.com/image/ab67616d00001e02a1db745e63940bc06985dea5
Learn To Fly,Foo Fighters,https://image-cdn-fa.spotifycdn.com/image/ab67616d00001e026c52084ed1f1748f213783b3
Bad At Love,Halsey,https://image-cdn-fa.spotifycdn.com/image/ab67616d00001e0207fdb7827a09741192c6242e
Glimpse Of Us,Joji,https://image-cdn-ak.spotifycdn.com/image/ab67616d00001e02cdd1a8a427b3f81f4f4f4f7d
FEFE,6ix9ine Featuring Nicki Minaj & Murda Beatz,https://image-cdn-fa.spotifycdn.com/image/ab67616d00001e020a4da3f1a72e4ecaabb76370
Makes Me Wonder,Maroon 5,https://image-cdn-ak.spotifycdn.com/image/ab67616d00001e02515b72d7c72fc65b017a87ea
Lose Control,Missy Elliott Featuring Ciara & Fat Man Scoop,https://image-cdn-fa.spotifycdn.com/image/ab67616d00001e02f1dfae21eaac0d24fb3dcf5a
Angel,Shaggy Featuring Rayvon,https://image-cdn-ak.spotifycdn.com/image/ab67616d00001e029449f9491c364d28a9668e17
You're So Vain,Carly Simon,https://image-cdn-fa.spotifycdn.com/image/ab67616d00001e021af9e8390e2d251b916d9185
Jimmy Cooks,Drake Featuring 21 Savage,https://image-cdn-fa.spotifycdn.com/image/ab67616d00001e028dc0d801766a5aa6a33cbe37
Too Good,Drake Featuring Rihanna,https://image-cdn-fa.spotifycdn.com/image/ab67616d00001e029416ed64daf84936d89e671c
Knock You Down,Keri Hilson Featuring Kanye West & Ne-Yo,https://image-cdn-fa.spotifycdn.com/image/ab67616d00001e0299e51022cde58fd8a7e91a3e
Sk8er Boi,Avril Lavigne,https://image-cdn-ak.spotifycdn.com/image/ab67616d00001e02f7ec724fbf97a30869d06240
Laffy Taffy,D4L,https://image-cdn-fa.spotifycdn.com/image/ab67616d00001e0231ae0599dc09195638781382
Welcome To The Jungle,Guns N' Roses,https://image-cdn-fa.spotifycdn.com/image/ab67616d00001e0221ebf49b3292c3f0f575f0f5
Don't,Ed Sheeran,https://image-cdn-fa.spotifycdn.com/image/ab67616d00001e02407981084d79d283e24d428e
Slow Hands,Niall Horan,https://image-cdn-fa.spotifycdn.com/image/ab67616d00001e025bac234d5511248b248caf36
Applause,Lady Gaga,https://image-cdn-fa.spotifycdn.com/image/ab67616d00001e02d6e30ac5f7f058cbecd33d05
Higher,Creed,https://image-cdn-fa.spotifycdn.com/image/ab67616d00001e02f8f048a5f4749c970078a4fb
Everytime We Touch,Cascada,https://image-cdn-fa.spotifycdn.com/image/ab67616d00001e0222985627424b5534a77915c0
Face Down,The Red Jumpsuit Apparatus,https://image-cdn-fa.spotifycdn.com/image/ab67616d00001e02f98edbc89407338a90437d34
Fake Love,Drake,https://image-cdn-fa.spotifycdn.com/image/ab67616d00001e024f0fd9dad63977146e685700
Lowdown,Boz Scaggs,https://image-cdn-fa.spotifycdn.com/image/ab67616d00001e02f5395c7406ecb6a3e93255d4
The Way You Move,OutKast Featuring Sleepy Brown,https://image-cdn-ak.spotifycdn.com/image/ab67616d00001e026e88eb6508fd94cd1b745ce2
"I Wanna Sex You Up (From ""New Jack City"")",Color Me Badd,https://image-cdn-ak.spotifycdn.com/image/ab67616d00001e02ced0c7756302458ab6daa6d5
It's Goin' Down,Yung Joc,https://image-cdn-fa.spotifycdn.com/image/ab67616d00001e02a8ffeab071c623e31931163c
Beautiful People,Ed Sheeran Featuring Khalid,https://image-cdn-ak.spotifycdn.com/image/ab67616d00001e02f528fc2d5d8b26e4e3413715
Whole Lotta Love,Led Zeppelin,https://image-cdn-fa.spotifycdn.com/image/ab67616d00001e02fc4f17340773c6c3579fea0d
Play That Funky Music,Wild Cherry,https://image-cdn-fa.spotifycdn.com/image/ab67616d00001e02d419ed4f1e89669ce14bd369
Mr. Big Stuff,Jean Knight,https://image-cdn-fa.spotifycdn.com/image/ab67616d00001e028cf0b27efc1217896299eda9
SexyBack,Justin Timberlake,https://image-cdn-fa.spotifycdn.com/image/ab67616d00001e02c6ba98fd3f3b396a6c6f7091
The Sign,Ace of Base,https://image-cdn-fa.spotifycdn.com/image/ab67616d00001e02fda5556cb6981c3113df6175
Baby Got Back,Sir Mix-A-Lot,https://image-cdn-fa.spotifycdn.com/image/ab67616d00001e02c7d37fabcfc88222d67a52bd
More Than A Feeling,Boston,https://image-cdn-ak.spotifycdn.com/image/ab67616d00001e028c1fadcc997a65384f34d694
Good As Hell,Lizzo,https://image-cdn-ak.spotifycdn.com/image/ab67616d00001e02c73afc08102af649ce32d6b4
Don't You Want Me,The Human League,https://image-cdn-ak.spotifycdn.com/image/ab67616d00001e028521e6b66726ca03b2b73172
Everybody Loves Somebody,Dean Martin,https://image-cdn-ak.spotifycdn.com/image/ab67616d00001e02c091f7bdb3eeb3b8222b39f0
Too Close,Next,https://image-cdn-ak.spotifycdn.com/image/ab67616d00001e024ca1daad1145dec4618ea671
Nokia,Drake,https://image-cdn-fa.spotifycdn.com/image/ab67616d00001e02b5a28a256eae6dc0424fef59
Swalla,Jason Derulo Featuring Nicki Minaj & Ty Dolla $ign,https://image-cdn-ak.spotifycdn.com/image/ab67616d00001e02e61bf150469db99447be6206
Sing For The Moment,Eminem,https://image-cdn-ak.spotifycdn.com/image/ab67616d00001e026ca5c90113b30c3c43ffb8f4
Respect,Aretha Franklin,https://image-cdn-fa.spotifycdn.com/image/ab67616d00001e02eac6b999cde838c810943737
Check On It,Beyonce Featuring Slim Thug,https://image-cdn-fa.spotifycdn.com/image/ab67616d00001e02632e4eafb2ffba59a2ae4500
Home,Daughtry,https://image-cdn-fa.spotifycdn.com/image/ab67616d00001e0291eca63cca2e2a766e78f705
Jump,Van Halen,https://image-cdn-fa.spotifycdn.com/image/ab67616d00001e02b414c63fb435b622238c15ed
That's So True,Gracie Abrams,https://image-cdn-fa.spotifycdn.com/image/ab67616d00001e021dac3694b3289cd903cb3acf
How Will I Know,Whitney Houston,https://image-cdn-fa.spotifycdn.com/image/ab67616d00001e029015296f9afabfc102989521
Worth It,Fifth Harmony Featuring Kid Ink,https://image-cdn-fa.spotifycdn.com/image/ab67616d00001e0242d324c29b1f8d408c08f86b
Sunday Best,Surfaces,https://image-cdn-fa.spotifycdn.com/image/ab67616d00001e02525f8fa6cc04a3ff2d141adb
La La La,Naughty Boy Featuring Sam Smith,https://image-cdn-ak.spotifycdn.com/image/ab67616d00001e02fafb4022c8ca1c4498e10b19
Best Of My Love,The Emotions,https://image-cdn-fa.spotifycdn.com/image/ab67616d00001e02c5a010463c2b450902e57599
Jump,Kris Kross,https://image-cdn-ak.spotifycdn.com/image/ab67616d00001e021ffe5d4aa25c7bd1b1fc4847
Chop Suey,System of a Down,https://image-cdn-fa.spotifycdn.com/image/ab67616d00001e0207bc7d2a745636c356b4d0aa
Bette Davis Eyes,Kim Carnes,https://image-cdn-fa.spotifycdn.com/image/ab67616d00001e028ccc17f29764d812062204a8
Photograph,Nickelback,https://image-cdn-fa.spotifycdn.com/image/ab67616d00001e02bad7e941f557e06019b87fd4
Fortunate Son,Creedence Clearwater Revival,https://image-cdn-fa.spotifycdn.com/image/ab67616d00001e029f39192f9f8ca1c90847b3e5
If The World Was Ending,JP Saxe Featuring Julia Michaels,https://image-cdn-fa.spotifycdn.com/image/ab67616d00001e0229263dfeae142e9d08814431
Insane In The Brain,Cypress Hill,https://image-cdn-fa.spotifycdn.com/image/ab67616d00001e02c8d7445dbee75973efa970e8
Yesterday,The Beatles,https://image-cdn-ak.spotifycdn.com/image/ab67616d00001e02e3e3b64cea45265469d4cafa
Love Lockdown,Kanye West,https://image-cdn-ak.spotifycdn.com/image/ab67616d00001e0265fbf56c2837be4879b5020a
Come & Go,Juice WRLD x Marshmello,https://image-cdn-ak.spotifycdn.com/image/ab67616d00001e023e0698e4ae5ffb82a005aeeb
Return To Sender,Elvis Presley With The Jordanaires,https://image-cdn-fa.spotifycdn.com/image/ab67616d00001e026c78d056a41f677770bb02fe
Where Is My Husband!,RAYE,https://image-cdn-ak.spotifycdn.com/image/ab67616d00001e0297c0928704e5a2bd8d4c5b90
Wake Up In The Sky,Gucci Mane X Bruno Mars X Kodak Black,https://image-cdn-fa.spotifycdn.com/image/ab67616d00001e026e4366b5308fd1c5462eb3ab
ily,Surf Mesa Featuring Emilee,https://image-cdn-ak.spotifycdn.com/image/ab67616d00001e02b3de5764cc02f94714487c86
Night Moves,Bob Seger,https://image-cdn-ak.spotifycdn.com/image/ab67616d00001e02676a8230a422123e8012557e
Call Me,Blondie,https://image-cdn-fa.spotifycdn.com/image/ab67616d00001e028cf86a9be38868f1d73cdb58
The Power Of Love,Celine Dion,https://image-cdn-fa.spotifycdn.com/image/ab67616d00001e0263e07c2dbc7450974a146e96
Wagon Wheel,Darius Rucker,https://image-cdn-fa.spotifycdn.com/image/ab67616d00001e023c814f8afa852904e9db8a9f
Spirit In The Sky,Norman Greenbaum,https://image-cdn-ak.spotifycdn.com/image/ab67616d00001e025c1c4d3d94d0e845bd1ebec1
Lovely Day,Bill Withers,https://image-cdn-fa.spotifycdn.com/image/ab67616d00001e0267c1113f55ab816ef61d3993
Night Changes,One Direction,https://image-cdn-ak.spotifycdn.com/image/ab67616d00001e0234a29f220057810cce98e1b4
Let's Get It On,Marvin Gaye,https://image-cdn-fa.spotifycdn.com/image/ab67616d00001e02f8f0a26e4100c490bc384003
My Love Is Your Love,Whitney Houston,https://image-cdn-fa.spotifycdn.com/image/ab67616d00001e0284b84d08fdbaebb99098890c
Unfaithful,Rihanna,https://image-cdn-ak.spotifycdn.com/image/ab67616d00001e02d744a51e193d52170070062b
Grease,Frankie Valli,https://image-cdn-fa.spotifycdn.com/image/ab67616d00001e02a10a214d4d4935347e8079b4
TQG,Karol G x Shakira,https://image-cdn-ak.spotifycdn.com/image/ab67616d00001e029ce5d64fac62023f21f8f04a
Headlines,Drake,https://image-cdn-ak.spotifycdn.com/image/ab67616d00001e02c7ea04a9b455e3f68ef82550
Get Back,The Beatles With Billy Preston,https://image-cdn-fa.spotifycdn.com/image/ab67616d00001e0284243a01af3c77b56fe01ab1
Love Me Do,The Beatles,https://image-cdn-fa.spotifycdn.com/image/ab67616d00001e02dbeec63ad914c973e75c24df
So What,P!nk,https://image-cdn-fa.spotifycdn.com/image/ab67616d00001e025a45d5041e4ffcb9f756f740
Mack The Knife,Bobby Darin,https://image-cdn-fa.spotifycdn.com/image/ab67616d00001e02e774643594281699bde1e4ed
Quit Playing Games (With My Heart),Backstreet Boys,https://image-cdn-fa.spotifycdn.com/image/ab67616d00001e02dafd4b9261a1ab9acd53a53d
Scream & Shout,will.i.am & Britney Spears,https://image-cdn-fa.spotifycdn.com/image/ab67616d00001e028165b764264fb3705d7367d6
My Life,Billy Joel,https://image-cdn-fa.spotifycdn.com/image/ab67616d00001e028ccac298c81dd975fd266e82
Cool For The Summer,Demi Lovato,https://image-cdn-fa.spotifycdn.com/image/ab67616d00001e024e4f7c7ec167ec30c1c66e69
I Swear,All-4-One,https://image-cdn-fa.spotifycdn.com/image/ab67616d00001e02a48cc02c718f9ab73709fbfb
Creep,TLC,https://image-cdn-fa.spotifycdn.com/image/ab67616d00001e023ae63e3e2d9da8366e33fdab
Willow,Taylor Swift,https://image-cdn-fa.spotifycdn.com/image/ab67616d00001e0290fd9741e1838115cd90b3b6
When You Were Young,The Killers,https://image-cdn-ak.spotifycdn.com/image/ab67616d00001e024f87f14089217e3f70a5f39e
What You Know Bout Love,Pop Smoke,https://image-cdn-fa.spotifycdn.com/image/ab67616d00001e024d87da4d821ab59f9ab48919
Walk This Way,Run-D.M.C.,https://image-cdn-fa.spotifycdn.com/image/ab67616d00001e028eba18f886ca46ae6f948c54
Southern Nights,Glen Campbell,https://image-cdn-fa.spotifycdn.com/image/ab67616d00001e02461762c15f05e141fe6f3097
So Easy (To Fall In Love),Olivia Dean,https://image-cdn-ak.spotifycdn.com/image/ab67616d00001e029a336bfb6d40bbd90a507417
Bam Bam,Camila Cabello Featuring Ed Sheeran,https://image-cdn-ak.spotifycdn.com/image/ab67616d00001e02a86df1e6e023bf05eee6097c
Bitter Sweet Symphony,The Verve,https://image-cdn-fa.spotifycdn.com/image/ab67616d00001e02c86113bf1fcdda0cef043139
Californication,Red Hot Chili Peppers,https://image-cdn-ak.spotifycdn.com/image/ab67616d00001e0243dab72e4f8a33bab5df92cd
Same Old Love,Selena Gomez,https://image-cdn-fa.spotifycdn.com/image/ab67616d00001e02e6f5ed9a9059f686965ba90a
Angel Of Mine,Monica,https://image-cdn-fa.spotifycdn.com/image/ab67616d00001e02fb8bcea0096e616a864189fa
Born To Be Wild,Steppenwolf,https://image-cdn-fa.spotifycdn.com/image/ab67616d00001e02e2aacda30b100cc33d523be0
Y.M.C.A.,Village People,https://image-cdn-fa.spotifycdn.com/image/ab67616d00001e026effa8520bc566806f680860
Too Much Heaven,Bee Gees,https://image-cdn-ak.spotifycdn.com/image/ab67616d00001e0244d10bd5b6282b959d695a41
Crocodile Rock,Elton John,https://image-cdn-ak.spotifycdn.com/image/ab67616d00001e02f67fbf0d465cca2b3e25af96
How's It Going To Be,Third Eye Blind,https://image-cdn-fa.spotifycdn.com/image/ab67616d00001e020c12ef918102b8d303dc9e9b
Escapism,RAYE Featuring 070 Shake,https://image-cdn-fa.spotifycdn.com/image/ab67616d00001e0294e5237ce925531dbb38e75f
Changes,XXXTENTACION,https://image-cdn-ak.spotifycdn.com/image/ab67616d00001e0224d11e88c4a20a004c9bbac0
Bye Bye Bye,*NSYNC,https://image-cdn-fa.spotifycdn.com/image/ab67616d00001e02a6cb8fab778e1efc406a5909
Luther,Kendrick Lamar & SZA,https://image-cdn-ak.spotifycdn.com/image/ab67616d00001e027e5e269471fe4a43a42e2f15
Ironic,Alanis Morissette,https://image-cdn-fa.spotifycdn.com/image/ab67616d00001e02242e643ea07118ecf677a6ef
Hot Stuff,Donna Summer,https://image-cdn-fa.spotifycdn.com/image/ab67616d00001e024863c8620f7c3fa135068768
Second Chance,Shinedown,https://image-cdn-ak.spotifycdn.com/image/ab67616d00001e02b8160526ae47eb6ba8a662e5
Thank You,Dido,https://image-cdn-ak.spotifycdn.com/image/ab67616d00001e023e5cbf3b3ac5905cb68377d5
Mr. Blue Sky,Electric Light Orchestra,https://image-cdn-fa.spotifycdn.com/image/ab67616d00001e02c18c4e6c2978fb6cbdef85e2
Heartless,The Weeknd,https://image-cdn-ak.spotifycdn.com/image/ab67616d00001e028863bc11d2aa12b54f5aeb36
Cracklin' Rosie,Neil Diamond,https://image-cdn-fa.spotifycdn.com/image/ab67616d00001e028759a2487d817843bdf1462d
Don't Let Go (Love),En Vogue,https://image-cdn-fa.spotifycdn.com/image/ab67616d00001e02b3f0da6220b1c2bc11876f76
We Built This City,Starship,https://image-cdn-fa.spotifycdn.com/image/ab67616d00001e02da6790936a48b6719083dcac
Runaway Train,Soul Asylum,https://image-cdn-ak.spotifycdn.com/image/ab67616d00001e02fe7b026ecee99597b4ad7eb4
In My Blood,Shawn Mendes,https://image-cdn-ak.spotifycdn.com/image/ab67616d00001e02269423eb6467e308c0fbce24
Making Love Out Of Nothing At All,Air Supply,https://image-cdn-fa.spotifycdn.com/image/ab67616d00001e025c84bb5782c20e7ce5f7571a
Back To You,Selena Gomez,https://image-cdn-fa.spotifycdn.com/image/ab67616d00001e0230885dcb2b5f38512fbcbc59
Mambo No. 5 (A Little Bit Of...),Lou Bega,https://image-cdn-fa.spotifycdn.com/image/ab67616d00001e02cf505191afa6a1978418fdf8
Love Shack,The B-52s,https://image-cdn-fa.spotifycdn.com/image/ab67616d00001e021ad5193a31f6b6e7147cf441
Papa Was A Rollin' Stone,The Temptations,https://image-cdn-fa.spotifycdn.com/image/ab67616d00001e02dabb260cf41a2fbb2c842787
Give Me One Reason,Tracy Chapman,https://image-cdn-fa.spotifycdn.com/image/ab67616d00001e026b38571f15487588ed53032f
Saving All My Love For You,Whitney Houston,https://image-cdn-fa.spotifycdn.com/image/ab67616d00001e029015296f9afabfc102989521
Here,Alessia Cara,https://image-cdn-ak.spotifycdn.com/image/ab67616d00001e020a48794d471447a030998815
Lips Are Movin,Meghan Trainor,https://image-cdn-fa.spotifycdn.com/image/ab67616d00001e020753a386572b590eb0728227
Bad Girls,Donna Summer,https://image-cdn-fa.spotifycdn.com/image/ab67616d00001e020c3a44d76807bef665eacfa3
Tragedy,Bee Gees,https://image-cdn-ak.spotifycdn.com/image/ab67616d00001e0244d10bd5b6282b959d695a41
IDGAF,Dua Lipa,https://image-cdn-fa.spotifycdn.com/image/ab67616d00001e028bd7c90e2316fc02b6416b35
Any Way You Want It,Journey,https://image-cdn-fa.spotifycdn.com/image/ab67616d00001e027e8045e318486885fe243817
Hung Up,Madonna,https://image-cdn-fa.spotifycdn.com/image/ab67616d00001e02aaa9d84415623c1e790cd07b
Broccoli,D.R.A.M. Featuring Lil Yachty,https://image-cdn-fa.spotifycdn.com/image/ab67616d00001e0258aafbee8d662b660081bc90
Just My Imagination (Running Away With Me),The Temptations,https://image-cdn-ak.spotifycdn.com/image/ab67616d00001e0297af872db50723a20da92229
Me And Bobby McGee,Janis Joplin,https://image-cdn-fa.spotifycdn.com/image/ab67616d00001e026f8c26346723dd0531696bed
Twisted,Keith Sweat,https://image-cdn-fa.spotifycdn.com/image/ab67616d00001e020e5806b624d79158f91e83d4
Blue Bayou,Linda Ronstadt,https://image-cdn-ak.spotifycdn.com/image/ab67616d00001e02b01fa4ce18a9d2559adb9f20
Rock And A Hard Place,Bailey Zimmerman,https://image-cdn-fa.spotifycdn.com/image/ab67616d00001e0245bde1d17477fb892aaa7802
Break Your Heart,Taio Cruz Featuring Ludacris,https://image-cdn-fa.spotifycdn.com/image/ab67616d00001e0266c3eb32692a0ae487079cf1
ME!,Taylor Swift Featuring Brendon Urie,https://image-cdn-ak.spotifycdn.com/image/ab67616d00001e02e787cffec20aa2a396a61647
Let's Groove,"""Earth, Wind & Fire""",https://image-cdn-ak.spotifycdn.com/image/ab67616d00001e02e691caf11b86a3729899a304
Your Body Is A Wonderland,John Mayer,https://image-cdn-fa.spotifycdn.com/image/ab67616d00001e028848d57cbfa7751e028f4dc9
When I'm Gone,3 Doors Down,https://image-cdn-ak.spotifycdn.com/image/ab67616d00001e0283c39b0d32eb4a2064e1e228
Rosanna,Toto,https://image-cdn-fa.spotifycdn.com/image/ab67616d00001e02ebd6d20c0082524244ef83df
Unwell,Matchbox Twenty,https://image-cdn-fa.spotifycdn.com/image/ab67616d00001e02bc9e3b023cf66fd1e9aae44c
Hot To Go!,Chappell Roan,https://image-cdn-ak.spotifycdn.com/image/ab67616d00001e0296fa88fb1789be437d5cb4b6
Pray For Me,The Weeknd & Kendrick Lamar,https://image-cdn-fa.spotifycdn.com/image/ab67616d00001e0212a76d1b13ef07188f7dfbc9
Tusa,Karol G & Nicki Minaj,https://image-cdn-fa.spotifycdn.com/image/ab67616d00001e02ddd3154c58e15a8bdb63bbcc
What's Love Got To Do With It,Tina Turner,https://image-cdn-fa.spotifycdn.com/image/ab67616d00001e02e9c361da971c6e81b51ef06b
Budapest,George Ezra,https://image-cdn-fa.spotifycdn.com/image/ab67616d00001e023a60095e50104070cc89ed9f
My Songs Know What You Did In The Dark (Light Em Up),Fall Out Boy,https://image-cdn-fa.spotifycdn.com/image/ab67616d00001e0282708c9fdc7f9539d7e3da97
"I Believe I Can Fly (From ""Space Jam"")",R. Kelly,https://image-cdn-fa.spotifycdn.com/image/ab67616d00001e021a81e3abee4b067492baaf44
Dance The Night,Dua Lipa,https://image-cdn-ak.spotifycdn.com/image/ab67616d00001e0209188510e4e50b2c257cfe0f
Skyfall,Adele,https://image-cdn-ak.spotifycdn.com/image/ab67616d00001e02b479bb2aed275bb1b13d83da
Stickwitu,The Pussycat Dolls,https://image-cdn-fa.spotifycdn.com/image/ab67616d00001e028cc44129c3b11adec74058d6
Drag Me Down,One Direction,https://image-cdn-ak.spotifycdn.com/image/ab67616d00001e024a075ca70ae4143a37eb4fbe
Dangerous,Kardinal Offishall Featuring Akon,https://image-cdn-fa.spotifycdn.com/image/ab67616d00001e0264011678f4f88205f807964c
Heartbreak Anniversary,Giveon,https://image-cdn-fa.spotifycdn.com/image/ab67616d00001e0290fb297f6a608911e7aaf760
You Right,Doja Cat & The Weeknd,https://image-cdn-fa.spotifycdn.com/image/ab67616d00001e0214b7b2a920a41166d53ddd49
With Arms Wide Open,Creed,https://image-cdn-fa.spotifycdn.com/image/ab67616d00001e02f8f048a5f4749c970078a4fb
Money In The Grave,Drake Featuring Rick Ross,https://image-cdn-fa.spotifycdn.com/image/ab67616d00001e023f3b653b0a7b9e889a712c3d
Heart Of Gold,Neil Young,https://image-cdn-fa.spotifycdn.com/image/ab67616d00001e0240007250b3b5624f2c63d050
Classic,MKTO,https://image-cdn-ak.spotifycdn.com/image/ab67616d00001e029474419f15773875a495eed3
Snow ((Hey Oh)),Red Hot Chili Peppers,https://image-cdn-ak.spotifycdn.com/image/ab67616d00001e0209fd83d32aee93dceba78517
Cardigan,Taylor Swift,https://image-cdn-fa.spotifycdn.com/image/ab67616d00001e02c288028c2592f400dd0b9233
Somebody To Love,Queen,https://image-cdn-fa.spotifycdn.com/image/ab67616d00001e0267bc29c251c777361b17a190
RITMO (Bad Boys For Life),Black Eyed Peas X J Balvin,https://image-cdn-fa.spotifycdn.com/image/ab67616d00001e02d459374a978da728adea3f38
Informer,Snow,https://image-cdn-ak.spotifycdn.com/image/ab67616d00001e0250cb0dcd257aea8ae4e44c85
Sail,AWOLNATION,https://image-cdn-fa.spotifycdn.com/image/ab67616d00001e0232f1572738340ddc9569c54b
Disco Inferno,50 Cent,https://image-cdn-fa.spotifycdn.com/image/ab67616d00001e02a820aa1b74bd56faddaec63c
(Hot S**t) Country Grammar,Nelly,https://image-cdn-fa.spotifycdn.com/image/ab67616d00001e02a7ad64a69a42647de9dd0dad
Cruise,Florida Georgia Line Featuring Nelly,https://image-cdn-fa.spotifycdn.com/image/ab67616d00001e02f5601676db551cb2a09e70a0
Bump N' Grind,R. Kelly,https://image-cdn-ak.spotifycdn.com/image/ab67616d00001e02b0369e7bc02fdd7626c7971b
Come & Get It,Selena Gomez,https://image-cdn-ak.spotifycdn.com/image/ab67616d00001e020e36690135fa1a30d048e604
No,Meghan Trainor,https://image-cdn-fa.spotifycdn.com/image/ab67616d00001e02b1cc5f1dbd32a2f79ca0a689
Don't Phunk With My Heart,The Black Eyed Peas,https://image-cdn-fa.spotifycdn.com/image/ab67616d00001e02c6710b4a52539506c30e5354
As Long As You Love Me,Justin Bieber Featuring Big Sean,https://image-cdn-ak.spotifycdn.com/image/ab67616d00001e02f1d02a6cec967f8b6b78f76e
Hate That I Love You,Rihanna Featuring Ne-Yo,https://image-cdn-fa.spotifycdn.com/image/ab67616d00001e02f9f27162ab1ed45b8d7a7e98
It's Not Over,Daughtry,https://image-cdn-fa.spotifycdn.com/image/ab67616d00001e0291eca63cca2e2a766e78f705
Can't Get You Out Of My Head,Kylie Minogue,https://image-cdn-fa.spotifycdn.com/image/ab67616d00001e025d6121285c42ea4535e59048
Please Me,Cardi B & Bruno Mars,https://image-cdn-fa.spotifycdn.com/image/ab67616d00001e02c871a9e5f7febe4f146330fe
If You Had My Love,Jennifer Lopez,https://image-cdn-ak.spotifycdn.com/image/ab67616d00001e025c34d7a87663652675cf3264
You And Me,Lifehouse,https://image-cdn-ak.spotifycdn.com/image/ab67616d00001e02a35daeab41d7d6da14cc809c
All Night Long (All Night),Lionel Richie,https://image-cdn-fa.spotifycdn.com/image/ab67616d00001e02062abeae9a2643960ba40f35
Foolish,Ashanti,https://image-cdn-ak.spotifycdn.com/image/ab67616d00001e020ce7276f98d22a40865d9f0a
Blueberry Faygo,Lil Mosey,https://image-cdn-fa.spotifycdn.com/image/ab67616d00001e027ad8939fda11d5b7d59d8378
Slow Jamz,Twista Featuring Kanye West & Jamie Foxx,https://image-cdn-ak.spotifycdn.com/image/ab67616d00001e0225b055377757b3cdd6f26b78
I Will Wait,Mumford & Sons,https://image-cdn-fa.spotifycdn.com/image/ab67616d00001e0283f859512262378f2aa50a22
Anyone,Justin Bieber,https://image-cdn-fa.spotifycdn.com/image/ab67616d00001e02e6f407c7f3a0ec98845e4431
Against All Odds (Take A Look At Me Now),Phil Collins,https://image-cdn-ak.spotifycdn.com/image/ab67616d00001e026731eabe4c268971eeed3c06
Do It To It,Cherish Featuring Sean Paul Of The YoungBloodZ,https://image-cdn-fa.spotifycdn.com/image/ab67616d00001e02a77aa5b5a8bd7322f93ad90b
Nobody,Keith Sweat Featuring Athena Cage,https://image-cdn-fa.spotifycdn.com/image/ab67616d00001e020e5806b624d79158f91e83d4
Marvin Gaye,Charlie Puth Featuring Meghan Trainor,https://image-cdn-fa.spotifycdn.com/image/ab67616d00001e0215145482a542a9adb282250b
Faith,George Michael,https://image-cdn-fa.spotifycdn.com/image/ab67616d00001e02b7a9a6a2bf311630d3fc6956
Don't Cry,Guns N' Roses,https://image-cdn-fa.spotifycdn.com/image/ab67616d00001e02e44963b8bb127552ac761873
What A Girl Wants,Christina Aguilera,https://image-cdn-fa.spotifycdn.com/image/ab67616d00001e02f89996e214be1763b2a9e948
G.D.F.R.,Flo Rida Featuring Sage The Gemini & Lookas,https://image-cdn-fa.spotifycdn.com/image/ab67616d00001e02cad586071b413dd952caed13
Green River,Creedence Clearwater Revival,https://image-cdn-ak.spotifycdn.com/image/ab67616d00001e023efcd243aaa5638f55318f91
MMMBop,Hanson,https://image-cdn-fa.spotifycdn.com/image/ab67616d00001e02184227f002623fc19f44551a
Touch My Body,Mariah Carey,https://image-cdn-fa.spotifycdn.com/image/ab67616d00001e02633bb0a5f75b91c45c3a6b37
Touch Me,The Doors,https://image-cdn-fa.spotifycdn.com/image/ab67616d00001e0225c8578a80eaf3d0ec34b382
Burn,Usher,https://image-cdn-fa.spotifycdn.com/image/ab67616d00001e02365b3fb800c19f7ff72602da
In The End,Linkin Park,https://image-cdn-fa.spotifycdn.com/image/ab67616d00001e026741ca6e9ba6fdc166037321
Boogie Wonderland,"""Earth, Wind & Fire With The Emotions""",https://image-cdn-fa.spotifycdn.com/image/ab67616d00001e028b2238ebc2b233ba73b8c4ca
The River Of Dreams,Billy Joel,https://image-cdn-fa.spotifycdn.com/image/ab67616d00001e022f1069a5ca2d9b5f3eb56054
Renegades,X Ambassadors,https://image-cdn-fa.spotifycdn.com/image/ab67616d00001e02555f12037889f4b332cce41b
Keep On Loving You,REO Speedwagon,https://image-cdn-fa.spotifycdn.com/image/ab67616d00001e02d514470784e3d02ee0bcdb80
Stop And Stare,OneRepublic,https://image-cdn-fa.spotifycdn.com/image/ab67616d00001e0234ef81d1ff3b4682a4e97f70
We Are The World,USA for Africa,https://image-cdn-fa.spotifycdn.com/image/ab67616d00001e02920f421260033ee54865d673
The Final Countdown,Europe,https://image-cdn-fa.spotifycdn.com/image/ab67616d00001e02f5e30500f0eec7d92b159eae
All For Love,Bryan Adams/Rod Stewart/Sting,https://image-cdn-fa.spotifycdn.com/image/ab67616d00001e029b6cec855adacecc6a140f75
Drip Too Hard,Lil Baby & Gunna,https://image-cdn-fa.spotifycdn.com/image/ab67616d00001e020bbc332e4dec3060dd09b27d
Greatest Love Of All,Whitney Houston,https://image-cdn-ak.spotifycdn.com/image/ab67616d00001e0296a7cfeb4684f97e41135b79
B.Y.O.B.,System of a Down,https://image-cdn-fa.spotifycdn.com/image/ab67616d00001e02c65f8d04502eeddbdd61fa71
Waiting On The World To Change,John Mayer,https://image-cdn-fa.spotifycdn.com/image/ab67616d00001e02ac9fea717d5b78e73cbd89f6
Baby Boy,Beyonce Featuring Sean Paul,https://image-cdn-fa.spotifycdn.com/image/ab67616d00001e0245680a4a57c97894490a01c1
Burning Love,Elvis Presley,https://image-cdn-fa.spotifycdn.com/image/ab67616d00001e028eb2fc8f0f2e218e2262ca6d
Without You,David Guetta Featuring Usher,https://image-cdn-ak.spotifycdn.com/image/ab67616d00001e0263bf1cd36632031eb3081cb0
Tears In Heaven,Eric Clapton,https://image-cdn-fa.spotifycdn.com/image/ab67616d00001e022e195935baff4d0e37da1f68
Smoke On The Water,Deep Purple,https://image-cdn-fa.spotifycdn.com/image/ab67616d00001e02bc9b44e950d5440ff65ea926
The Door,Teddy Swims,https://image-cdn-fa.spotifycdn.com/image/ab67616d00001e02ebea8d4457c4db5b2088f287
3,Britney Spears,https://image-cdn-fa.spotifycdn.com/image/ab67616d00001e0234d125765108570c77768fca
Here You Come Again,Dolly Parton,https://image-cdn-fa.spotifycdn.com/image/ab67616d00001e02d7858b14895fb15088dfd5e1
Million Reasons,Lady Gaga,https://image-cdn-ak.spotifycdn.com/image/ab67616d00001e02dfbbdb57408ce8690ec971e4
In The Ghetto,Elvis Presley,https://image-cdn-ak.spotifycdn.com/image/ab67616d00001e02b26c34d79e4cdaa73672a0b1
Take A Chance On Me,ABBA,https://image-cdn-ak.spotifycdn.com/image/ab67616d00001e026f705bef76c1d861c4d51d8c
"Wind Beneath My Wings (From ""Beaches"")",Bette Midler,https://image-cdn-fa.spotifycdn.com/image/ab67616d00001e025299007ded3da7e949539e03
No Hands,Waka Flocka Flame Featuring Roscoe Dash & Wale,https://i.scdn.co/image/f9cc2e5d29b97a944a08331834c620a44da47e08
Open Arms,Journey,https://image-cdn-fa.spotifycdn.com/image/ab67616d00001e0223290120a609a65e14cfe018
Heart Of Glass,Blondie,https://image-cdn-fa.spotifycdn.com/image/ab67616d00001e028cf86a9be38868f1d73cdb58
Got Money,Lil Wayne Featuring T-Pain,https://image-cdn-fa.spotifycdn.com/image/ab67616d00001e0202a999c3a283b5392e57737d
Lemonade,Internet Money & Gunna Featuring Don Toliver & Nav,https://image-cdn-ak.spotifycdn.com/image/ab67616d00001e02c4adc981dc6656e52c916088
I'd Do Anything For Love (But I Won't Do That),Meat Loaf,https://image-cdn-fa.spotifycdn.com/image/ab67616d00001e026fe5282882cb14e14558f697
Hopelessly Devoted To You,Olivia Newton-John,https://image-cdn-fa.spotifycdn.com/image/ab67616d00001e02b68df485f3304211904548a8
Woman In Love,Barbra Streisand,https://image-cdn-fa.spotifycdn.com/image/ab67616d00001e02af1bb86907b4457c4e83390f
Ordinary World,Duran Duran,https://image-cdn-fa.spotifycdn.com/image/ab67616d00001e025d11c2fe73a7d376d3b06107
Lights,Ellie Goulding,https://image-cdn-fa.spotifycdn.com/image/ab67616d00001e021b2a9188ac775e16998eb78d
She Drives Me Crazy,Fine Young Cannibals,https://image-cdn-fa.spotifycdn.com/image/ab67616d00001e02c573a4a852f010523c4ba383
Whoopty,CJ,https://image-cdn-ak.spotifycdn.com/image/ab67616d00001e02cb730ca75f357fb988d95a06
Teardrops On My Guitar,Taylor Swift,https://image-cdn-fa.spotifycdn.com/image/ab67616d00001e0274e5b00878adddd24c9ab44d
Telephone Line,Electric Light Orchestra,https://image-cdn-ak.spotifycdn.com/image/ab67616d00001e02bf6bcf8620b29052a85c60fd
Daniel,Elton John,https://image-cdn-fa.spotifycdn.com/image/ab67616d00001e02f67fbf0d465cca2b3e25af96
Jumper,Third Eye Blind,https://image-cdn-fa.spotifycdn.com/image/ab67616d00001e020c12ef918102b8d303dc9e9b
Look Alive,BlocBoy JB Featuring Drake,https://image-cdn-fa.spotifycdn.com/image/ab67616d00001e0259ba1bf8385cb016e62a26c0
Rapstar,Polo G,https://image-cdn-fa.spotifycdn.com/image/ab67616d00001e02a493e05c99d8ec5e8020ff2b
Ric Flair Drip,Offset & Metro Boomin,https://image-cdn-ak.spotifycdn.com/image/ab67616d00001e020db43130a9aaa7bae56967ed
How Low,Ludacris,https://image-cdn-ak.spotifycdn.com/image/ab67616d00001e029bfafd29c34d738803a6a033
"Can You Feel The Love Tonight (From ""The Lion King"")",Elton John,https://image-cdn-ak.spotifycdn.com/image/ab67616d00001e02904e306cf32fa5dc93dd927a
London Bridge,Fergie,https://image-cdn-fa.spotifycdn.com/image/ab67616d00001e020283b8c1365d34315f5807bf
A Thousand Miles,Vanessa Carlton,https://image-cdn-fa.spotifycdn.com/image/ab67616d00001e02aabbfbf87c65dfc3d3d4097e
Good Time,Owl City & Carly Rae Jepsen,https://image-cdn-fa.spotifycdn.com/image/ab67616d00001e02cf5459850259268f98b07f7a
Honey,Mariah Carey,https://image-cdn-fa.spotifycdn.com/image/ab67616d00001e0298ed501c6a838b2244ebaf75
Heartbreaker,Mariah Carey Featuring Jay-Z,https://image-cdn-fa.spotifycdn.com/image/ab67616d00001e02941d86b8699ecfceef10e69d
The Heart Wants What It Wants,Selena Gomez,https://image-cdn-ak.spotifycdn.com/image/ab67616d00001e02c0def50bbf66d39644897566
Bury A Friend,Billie Eilish,https://image-cdn-fa.spotifycdn.com/image/ab67616d00001e0250a3147b4edd7701a876c6ce
Vogue,Madonna,https://image-cdn-fa.spotifycdn.com/image/ab67616d00001e02e275f1fbda1c7bc82f9c386b
Flashing Lights,Kanye West Featuring Dwele,https://image-cdn-ak.spotifycdn.com/image/ab67616d00001e0226f7f19c7f0381e56156c94a
Gloria,Laura Branigan,https://image-cdn-ak.spotifycdn.com/image/ab67616d00001e024f3004f43ea41a8ee1510035
See You Again,Miley Cyrus,https://image-cdn-fa.spotifycdn.com/image/ab67616d00001e02ecefbb245706615f71036b9e
DTMF,Bad Bunny,https://image-cdn-fa.spotifycdn.com/image/ab67616d00001e02bbd45c8d36e0e045ef640411
Maneater,Nelly Furtado,https://image-cdn-fa.spotifycdn.com/image/ab67616d00001e02a6f439c8957170652f9410e2
I Think We're Alone Now,Tiffany,https://image-cdn-ak.spotifycdn.com/image/ab67616d00001e02ec908cd672ac564d27f9ae51
Wants And Needs,Drake Featuring Lil Baby,https://image-cdn-fa.spotifycdn.com/image/ab67616d00001e028b20e4631fa15d3953528bbc
Sultans Of Swing,Dire Straits,https://image-cdn-ak.spotifycdn.com/image/ab67616d00001e0205b07080bdc2dd0e2cf6f008
Clumsy,Fergie,https://image-cdn-ak.spotifycdn.com/image/ab67616d00001e020283b8c1365d34315f5807bf
Bones,Imagine Dragons,https://image-cdn-ak.spotifycdn.com/image/ab67616d00001e02813713582dcc508e7d5073c4
What Is Love,Haddaway,https://image-cdn-fa.spotifycdn.com/image/ab67616d00001e0211dd4c0e55e78ffbf805d27b
When Doves Cry,Prince,https://image-cdn-fa.spotifycdn.com/image/ab67616d00001e028a2ce3f148f57584269c3782
Barbara Ann,The Beach Boys,https://image-cdn-ak.spotifycdn.com/image/ab67616d00001e02af188836621942122e3832f5
Be Without You,Mary J. Blige,https://image-cdn-fa.spotifycdn.com/image/ab67616d00001e021f6c43d16c3d2c3685f81735
How Far I'll Go,Auli'i Cravalho,https://image-cdn-fa.spotifycdn.com/image/ab67616d00001e02b30f2e44ae6fa43305bd00bf
Sweet Dreams,Beyonce,https://image-cdn-ak.spotifycdn.com/image/ab67616d00001e02802c5f4c1d84e127c0ab8d78
Easy Lover,Philip Bailey With Phil Collins,https://image-cdn-fa.spotifycdn.com/image/ab67616d00001e02c61fd7cba6914924fea49ea9
Fukumean,Gunna,https://image-cdn-fa.spotifycdn.com/image/ab67616d00001e021e0b04676fae1205f4853706
Shake Your Body (Down To The Ground),The Jacksons,https://image-cdn-ak.spotifycdn.com/image/ab67616d00001e02235a2f67061ba8be87c925e3
The Devil Went Down To Georgia,The Charlie Daniels Band,https://image-cdn-fa.spotifycdn.com/image/ab67616d00001e02f6862fa8a9ae5d2375fbb014
Cyclone,Baby Bash Featuring T-Pain,https://image-cdn-fa.spotifycdn.com/image/ab67616d00001e020e1b13f3c09bddf584e8797c
(I've Had) The Time Of My Life,Bill Medley & Jennifer Warnes,https://image-cdn-fa.spotifycdn.com/image/ab67616d00001e02ac19c6552524d207aac1277b
21 Guns,Green Day,https://image-cdn-fa.spotifycdn.com/image/ab67616d00001e022598847169c6594d06740da0
Price Tag,Jessie J Featuring B.o.B,https://image-cdn-ak.spotifycdn.com/image/ab67616d00001e029900b995cd1a81c35c574ab0
Freaky Friday,Lil Dicky Featuring Chris Brown,https://image-cdn-fa.spotifycdn.com/image/ab67616d00001e02306bbb03a74db2f049203224
iSpy,Kyle Featuring Lil Yachty,https://image-cdn-ak.spotifycdn.com/image/ab67616d00001e029c0037956ad7914bb2be4961
Best Of You,Foo Fighters,https://image-cdn-fa.spotifycdn.com/image/ab67616d00001e0250d3fff0dc3d9b55f164d8d6
Popstar,DJ Khaled Featuring Drake,https://image-cdn-fa.spotifycdn.com/image/ab67616d00001e02dcd4d70294f17175991ba1bb
Nothing Compares 2 U,Sinead O'Connor,https://image-cdn-fa.spotifycdn.com/image/ab67616d00001e02919c02d20d8634f96ccd75ae
Jocelyn Flores,XXXTENTACION,https://image-cdn-fa.spotifycdn.com/image/ab67616d00001e02203c89bd4391468eea4cc3f5
Like A Stone,Audioslave,https://image-cdn-fa.spotifycdn.com/image/ab67616d00001e024d94e1251b7e8c5e247de39c
Beautiful,Christina Aguilera,https://image-cdn-ak.spotifycdn.com/image/ab67616d00001e027cd872c7701c4737b2f81d87
Hungry Like The Wolf,Duran Duran,https://image-cdn-fa.spotifycdn.com/image/ab67616d00001e023a9c2707cb4a8cb3fc0dd2b5
Sloop John B,The Beach Boys,https://image-cdn-fa.spotifycdn.com/image/ab67616d00001e02bde8dfd1922129f3d9e3732f
This Kiss,Faith Hill,https://image-cdn-fa.spotifycdn.com/image/ab67616d00001e0215069968c52552cc2f222391
Beautiful,Akon Featuring Colby O'Donis & Kardinal Offishall,https://image-cdn-fa.spotifycdn.com/image/ab67616d00001e02e77aece1352dcc4f4cfd097f
"""1, 2 Step""",Ciara Featuring Missy Elliott,https://image-cdn-fa.spotifycdn.com/image/ab67616d00001e02c1e3659212de0f437bbf395e
California Girls,The Beach Boys,https://image-cdn-fa.spotifycdn.com/image/ab67616d00001e02ffe1a4788385a4835ae14df8
Stan,Eminem Featuring Dido,https://image-cdn-ak.spotifycdn.com/image/ab67616d00001e02dbb3dd82da45b7d7f31b1b42
I'm Gonna Be (500 Miles),The Proclaimers,https://image-cdn-fa.spotifycdn.com/image/ab67616d00001e02cebdf1f7660ace8c2a80585c
Holiday,Green Day,https://image-cdn-fa.spotifycdn.com/image/ab67616d00001e021bb1db39abc18755d7ab2114
When It Rains It Pours,Luke Combs,https://image-cdn-fa.spotifycdn.com/image/ab67616d00001e02a456620e42fb68e8976c91b5
I'm Sprung,T-Pain,https://image-cdn-fa.spotifycdn.com/image/ab67616d00001e02dbaa4ff0c40e19d9c19ed760
Slide,Calvin Harris Featuring Frank Ocean & Migos,https://image-cdn-fa.spotifycdn.com/image/ab67616d00001e021e439ac0ed08d612808f7122
My All,Mariah Carey,https://image-cdn-ak.spotifycdn.com/image/ab67616d00001e0298ed501c6a838b2244ebaf75
Sailor Song,Gigi Perez,https://image-cdn-fa.spotifycdn.com/image/ab67616d00001e02e6065f209e0a01986206bd53
Break My Soul,Beyonce,https://image-cdn-fa.spotifycdn.com/image/ab67616d00001e0269a3c061676c2020adfe8315
Streets,Doja Cat,https://image-cdn-fa.spotifycdn.com/image/ab67616d00001e02d0bbfea6226b5c3707de92ed
I'm Too Sexy,Right Said Fred,https://image-cdn-fa.spotifycdn.com/image/ab67616d00001e0269f6f83b6490733c92ad7c0a
Gucci Gang,Lil Pump,https://image-cdn-fa.spotifycdn.com/image/ab67616d00001e02d52ef190ae5253eb2c3c764c
Don't Tell 'Em,Jeremih Featuring YG,https://image-cdn-ak.spotifycdn.com/image/ab67616d00001e02262c8e955ad5c60b1d0abf53
Best Friend,Saweetie Featuring Doja Cat,https://image-cdn-fa.spotifycdn.com/image/ab67616d00001e029586402ce4d850abacdad3da
You,Lloyd Featuring Lil Wayne,https://image-cdn-fa.spotifycdn.com/image/ab67616d00001e0223d59254da6c25c82ba868aa
You Are Not Alone,Michael Jackson,https://image-cdn-fa.spotifycdn.com/image/ab67616d00001e02c0bcb98c855138d6dfd8936f
If You're Gone,Matchbox Twenty,https://image-cdn-fa.spotifycdn.com/image/ab67616d00001e024ec322e5cd156477b5000166
Hot Blooded,Foreigner,https://image-cdn-fa.spotifycdn.com/image/ab67616d00001e025627aa0842d6287bbb223cbf
"I'm Every Woman (From ""The Bodyguard"")",Whitney Houston,https://image-cdn-fa.spotifycdn.com/image/ab67616d00001e02456c0b5d0316a80dc600802e
Emotions,Mariah Carey,https://image-cdn-fa.spotifycdn.com/image/ab67616d00001e02ce054b531bc886e762dc5d90
Rich Girl,Gwen Stefani Featuring Eve,https://image-cdn-fa.spotifycdn.com/image/ab67616d00001e027c7136a182372ccdffb3d3c4
I Was Made For Lovin' You,Kiss,https://image-cdn-fa.spotifycdn.com/image/ab67616d00001e024384b6976cadaec272114022
A Lot,21 Savage,https://image-cdn-fa.spotifycdn.com/image/ab67616d00001e021afd2e526e3723dd4a9fb4c8
Breakaway,Kelly Clarkson,https://image-cdn-fa.spotifycdn.com/image/ab67616d00001e02158c72ad0003cb37ca0c9eff
Bad,Michael Jackson,https://image-cdn-fa.spotifycdn.com/image/ab67616d00001e02605223665713cdf285ee0c81
U Remind Me,Usher,https://image-cdn-fa.spotifycdn.com/image/ab67616d00001e027750146aac26aade0a867913
I Hope You Dance,Lee Ann Womack,https://image-cdn-fa.spotifycdn.com/image/ab67616d00001e0263b3168c1970294e9ce5c415
Run Rudolph Run,Chuck Berry,https://image-cdn-fa.spotifycdn.com/image/ab67616d00001e02849bb2723ebca078338e26c2
Mo Bamba,Sheck Wes,https://image-cdn-fa.spotifycdn.com/image/ab67616d00001e02ce95faf5576504fb7ebcfb0a
Do I Wanna Know?,Arctic Monkeys,https://image-cdn-ak.spotifycdn.com/image/ab67616d00001e024ae1c4c5c45aabe565499163
Girl You Know It's True,Milli Vanilli,https://image-cdn-fa.spotifycdn.com/image/ab67616d00001e02ece39be98348e2f4dbead00a
The Next Episode,Dr. Dre Featuring Snoop Dogg,https://image-cdn-fa.spotifycdn.com/image/ab67616d00001e029b19c107109de740bad72df5
Walk This Way,Aerosmith,https://image-cdn-ak.spotifycdn.com/image/ab67616d00001e028cffbbb7fe8645a486a85ea9
Who's Crying Now,Journey,https://image-cdn-ak.spotifycdn.com/image/ab67616d00001e0223290120a609a65e14cfe018
Saturn,SZA,https://image-cdn-fa.spotifycdn.com/image/ab67616d00001e0216fdde9f6b5606419ca9b7ca
The Pretender,Foo Fighters,https://image-cdn-fa.spotifycdn.com/image/ab67616d00001e029d957247c6c610cb7c4da1c5
I Say A Little Prayer,Aretha Franklin,https://image-cdn-fa.spotifycdn.com/image/ab67616d00001e02eac6b999cde838c810943737
Don't Bring Me Down,Electric Light Orchestra,https://image-cdn-fa.spotifycdn.com/image/ab67616d00001e0237e78b6638f7737adee73d6f
I Hope,Gabby Barrett Featuring Charlie Puth,https://image-cdn-fa.spotifycdn.com/image/ab67616d00001e02816075488bdd893d09ef85eb
Paradise City,Guns N' Roses,https://image-cdn-fa.spotifycdn.com/image/ab67616d00001e0221ebf49b3292c3f0f575f0f5
1979,The Smashing Pumpkins,https://image-cdn-ak.spotifycdn.com/image/ab67616d00001e02431ac6e6f393acf475730ec6
How We Do,The Game Featuring 50 Cent,https://image-cdn-fa.spotifycdn.com/image/ab67616d00001e02ba9ced4cc7e5ed4a6085619b
You'll Be In My Heart,Phil Collins,https://image-cdn-fa.spotifycdn.com/image/ab67616d00001e02ba44f1ff74c2c7c2da6e4c3f
Oh,Ciara Featuring Ludacris,https://image-cdn-fa.spotifycdn.com/image/ab67616d00001e02c1e3659212de0f437bbf395e
Our Song,Taylor Swift,https://image-cdn-fa.spotifycdn.com/image/ab67616d00001e0274e5b00878adddd24c9ab44d
Animals,Martin Garrix,https://image-cdn-ak.spotifycdn.com/image/ab67616d00001e026abad6915a2216dc18e7e3a7
Yo (Excuse Me Miss),Chris Brown,https://image-cdn-fa.spotifycdn.com/image/ab67616d00001e02f9685817281327d5fecb244e
I Wanna Be Down,Brandy,https://image-cdn-fa.spotifycdn.com/image/ab67616d00001e02631fa0b99b2d12e9ecd4ae72
Ain't No Love In Oklahoma,Luke Combs,https://image-cdn-fa.spotifycdn.com/image/ab67616d00001e026f555ba312f3317dcbaa2cb9
Grillz,"""Nelly Featuring Paul Wall, Ali & Gipp""",https://image-cdn-ak.spotifycdn.com/image/ab67616d00001e0264f0dd6db9a2023c1275146a
Everybody Wants To Rule The World,Tears for Fears,https://image-cdn-fa.spotifycdn.com/image/ab67616d00001e0222463d6939fec9e17b2a6235
Kiss Me Thru The Phone,Soulja Boy Tell 'em Featuring Sammie,https://image-cdn-ak.spotifycdn.com/image/ab67616d00001e026aef62bd0a60aac7df9a9e37
Two Out Of Three Ain't Bad,Meat Loaf,https://image-cdn-fa.spotifycdn.com/image/ab67616d00001e026f8ff647f7bf9b70f961ca91
Fortnight,Taylor Swift Featuring Post Malone,https://image-cdn-ak.spotifycdn.com/image/ab67616d00001e025076e4160d018e378f488c33
Sunroof,Nicky Youre & dazy,https://image-cdn-fa.spotifycdn.com/image/ab67616d00001e02a438a2e6c1a5c7005d667a56
Man In The Mirror,Michael Jackson,https://image-cdn-ak.spotifycdn.com/image/ab67616d00001e02605223665713cdf285ee0c81
Tiny Dancer,Elton John,https://image-cdn-ak.spotifycdn.com/image/ab67616d00001e02d03ab2da904d8251a87bbc31
Pump Up The Jam,Technotronic Featuring Felly,https://image-cdn-ak.spotifycdn.com/image/ab67616d00001e022d049d80970e51477d64a748
Every Time I Close My Eyes,Babyface,https://image-cdn-ak.spotifycdn.com/image/ab67616d00001e029943ee0d87becde8aac0a930
My Sacrifice,Creed,https://image-cdn-fa.spotifycdn.com/image/ab67616d00001e0280f657ac765c30dc9cf96b2f
Fire Burning,Sean Kingston,https://image-cdn-ak.spotifycdn.com/image/ab67616d00001e026c72ce62151010f83b5ce10f
Middle,DJ Snake Featuring Bipolar Sunshine,https://image-cdn-ak.spotifycdn.com/image/ab67616d00001e02212d776c31027c511f0ee3bc
All Of The Lights,Kanye West,https://image-cdn-fa.spotifycdn.com/image/ab67616d00001e02d9194aa18fa4c9362b47464f
It Wasn't Me,"Shaggy Feat. Ricardo ""RikRok"" Ducent",https://image-cdn-fa.spotifycdn.com/image/ab67616d00001e029449f9491c364d28a9668e17
Young Forever,Jay-Z + Mr. Hudson,https://image-cdn-ak.spotifycdn.com/image/ab67616d00001e02fec1b815bb3c50a64a90fd10
Down On Me,Jeremih Featuring 50 Cent,https://image-cdn-ak.spotifycdn.com/image/ab67616d00001e02ffbe24215d37792901e3bd21
Running Up That Hill (A Deal With God),Kate Bush,https://image-cdn-fa.spotifycdn.com/image/ab67616d00001e02ad08f4b38efbff0c0da0f252
OMG,Usher Featuring will.i.am,https://image-cdn-ak.spotifycdn.com/image/ab67616d00001e0286b0c9728ad3ed338eaeea79
Don't You (Forget About Me),Simple Minds,https://image-cdn-fa.spotifycdn.com/image/ab67616d00001e025695a657aef0e81bde0c6001
White Rabbit,Jefferson Airplane,https://image-cdn-fa.spotifycdn.com/image/ab67616d00001e026a74089537c2dbd548c4a95e
That Don't Impress Me Much,Shania Twain,https://image-cdn-fa.spotifycdn.com/image/ab67616d00001e022da577b0a17e5b2dabacf0f4
Dog Days Are Over,Florence + The Machine,https://image-cdn-fa.spotifycdn.com/image/ab67616d00001e020672b0f8756ae2af86e8a5ce
I Don't Wanna Know,Mario Winans Featuring Enya & P. Diddy,https://image-cdn-fa.spotifycdn.com/image/ab67616d00001e023935bf754fe141100ad5c8d7
Stand By Me,Ben E. King,https://image-cdn-ak.spotifycdn.com/image/ab67616d00001e02c155b31ab9e86a3d96359811
Dior,Pop Smoke,https://image-cdn-fa.spotifycdn.com/image/ab67616d00001e02c1522381cb5d91ef16326867
Holy Grail,Jay Z Featuring Justin Timberlake,https://image-cdn-fa.spotifycdn.com/image/ab67616d00001e025e23873f0f2c3b96e8b1eeaf
Say Aah,Trey Songz Featuring Fabolous,https://image-cdn-fa.spotifycdn.com/image/ab67616d00001e028598603d092c04d26b7066f6
Savage,Megan Thee Stallion Featuring Beyonce,https://image-cdn-fa.spotifycdn.com/image/ab67616d00001e0220fbc17fcb9376bc76a1b510
O.P.P.,Naughty by Nature,https://image-cdn-ak.spotifycdn.com/image/ab67616d00001e02f631e275b1f65ce108977e4e
All Falls Down,Kanye West Featuring Syleena Johnson,https://image-cdn-fa.spotifycdn.com/image/ab67616d00001e0225b055377757b3cdd6f26b78
Superman,Eminem,https://image-cdn-ak.spotifycdn.com/image/ab67616d00001e026ca5c90113b30c3c43ffb8f4
Beautiful Mistakes,Maroon 5 Featuring Megan Thee Stallion,https://image-cdn-fa.spotifycdn.com/image/ab67616d00001e0286a8ab515de4b7aef28cd631
Jesus Walks,Kanye West,https://image-cdn-ak.spotifycdn.com/image/ab67616d00001e0225b055377757b3cdd6f26b78
What About Us,P!nk,https://image-cdn-ak.spotifycdn.com/image/ab67616d00001e02c16f45c31b1ed33e0f998ac1
Wiggle,Jason Derulo Featuring Snoop Dogg,https://image-cdn-ak.spotifycdn.com/image/ab67616d00001e0264d58f6e7672baecc8972806
...Ready For It?,Taylor Swift,https://image-cdn-fa.spotifycdn.com/image/ab67616d00001e02da5d5aeeabacacc1263c0f4b
Unconditionally,Katy Perry,https://image-cdn-fa.spotifycdn.com/image/ab67616d00001e0247f930accd8ac01686401fa2
I'm N Luv (Wit A Stripper),T-Pain Featuring Mike Jones,https://image-cdn-ak.spotifycdn.com/image/ab67616d00001e02dbaa4ff0c40e19d9c19ed760
Panini,Lil Nas X,https://image-cdn-ak.spotifycdn.com/image/ab67616d00001e02de048a43d03fb53a466c1c9f
True Colors,Cyndi Lauper,https://image-cdn-fa.spotifycdn.com/image/ab67616d00001e02edbbd1e4dde99597ce850c54
One,Metallica,https://image-cdn-ak.spotifycdn.com/image/ab67616d00001e02fe896727e3db1027ed72d885
Cups (Pitch Perfect's When I'm Gone),Anna Kendrick,https://image-cdn-fa.spotifycdn.com/image/ab67616d00001e020841a28ca69a34d2a45e58ed
Un-Break My Heart,Toni Braxton,https://image-cdn-fa.spotifycdn.com/image/ab67616d00001e025bc7429f54c5f6745c225fc6
La Isla Bonita,Madonna,https://image-cdn-ak.spotifycdn.com/image/ab67616d00001e02ab2411303d48498dc1d8c137
Back To Life,Soul II Soul,https://image-cdn-fa.spotifycdn.com/image/ab67616d00001e022c6504b9f170161d93079e25
Big Energy,Latto,https://image-cdn-fa.spotifycdn.com/image/ab67616d00001e0241ccbaea202c7073a321a168
Ms. New Booty,Bubba Sparxxx Featuring Ying Yang Twins & Mr. ColliPark,https://image-cdn-fa.spotifycdn.com/image/ab67616d00001e024f9e97fa729c2f120512ddd7
Always Remember Us This Way,Lady Gaga,https://image-cdn-ak.spotifycdn.com/image/ab67616d00001e02b5d4b4ed17ec86c4b3944af2
Started From The Bottom,Drake,https://image-cdn-ak.spotifycdn.com/image/ab67616d00001e02193f6ad901b5a1e72c4c084b
Calling My Phone,Lil Tjay Featuring 6LACK,https://image-cdn-fa.spotifycdn.com/image/ab67616d00001e025af0305457ff290e06dcc4c2
This Is America,Childish Gambino,https://image-cdn-fa.spotifycdn.com/image/ab67616d00001e0227b61d416f074313d5a35b2f
Shake It,Metro Station,https://image-cdn-fa.spotifycdn.com/image/ab67616d00001e021a8598add77d9132e9d4744b
Super Freaky Girl,Nicki Minaj,https://image-cdn-fa.spotifycdn.com/image/ab67616d00001e02facb808b493713699283feca
Waking Up In Vegas,Katy Perry,https://image-cdn-fa.spotifycdn.com/image/ab67616d00001e0231cc26681b0164332fa26634
Heaven,Bryan Adams,https://image-cdn-ak.spotifycdn.com/image/ab67616d00001e02578899f03bd912e82ad531e7
I Need Your Love,Calvin Harris Featuring Ellie Goulding,https://image-cdn-fa.spotifycdn.com/image/ab67616d00001e02c68d3086e5bf29ac2ff6fc93
Let's Hear It For The Boy,Deniece Williams,https://image-cdn-fa.spotifycdn.com/image/ab67616d00001e02d80928fb032fdf43d32399d2
Ex's & Oh's,Elle King,https://image-cdn-fa.spotifycdn.com/image/ab67616d00001e024e856a2522e6972ca0be66cb
If You Want Me To Stay,Sly & The Family Stone,https://image-cdn-fa.spotifycdn.com/image/ab67616d00001e020b1804895a3ce499c4212bca
Sexual Healing,Marvin Gaye,https://image-cdn-ak.spotifycdn.com/image/ab67616d00001e0246e859872ed30a898160aeb2
Good Girls Go Bad,Cobra Starship Featuring Leighton Meester,https://image-cdn-fa.spotifycdn.com/image/ab67616d00001e02c83d25c1b9d5f384c32d834a
What You Know,T.I.,https://image-cdn-fa.spotifycdn.com/image/ab67616d00001e02d5fa46459e5489190606f47f
If It Makes You Happy,Sheryl Crow,https://image-cdn-fa.spotifycdn.com/image/ab67616d00001e02b3ed19f9985ca08a7a30f6c4
Radio Ga Ga,Queen,https://image-cdn-fa.spotifycdn.com/image/ab67616d00001e024aab69127abbdced0dec07e0
Blame It,Jamie Foxx Featuring T-Pain,https://image-cdn-fa.spotifycdn.com/image/ab67616d00001e02382232d7db73671643c8c820
Midnight Sky,Miley Cyrus,https://image-cdn-fa.spotifycdn.com/image/ab67616d00001e02136d46f65c783bd9742dfc6d
Evil Woman,Electric Light Orchestra,https://image-cdn-fa.spotifycdn.com/image/ab67616d00001e02d183a2d842ee145f55c4e9df
Jingle Bell Rock,Bobby Helms,https://image-cdn-fa.spotifycdn.com/image/ab67616d00001e02fd56f3c7a294f5cfe51c7b17
Always On My Mind,Willie Nelson,https://image-cdn-fa.spotifycdn.com/image/ab67616d00001e02e786801505efc5bb2e97ed04
Therefore I Am,Billie Eilish,https://image-cdn-fa.spotifycdn.com/image/ab67616d00001e022a038d3bf875d23e4aeaa84e
Where Are U Now,Skrillex & Diplo With Justin Bieber,https://image-cdn-fa.spotifycdn.com/image/ab67616d00001e0257fc4730e06c9ab20c1e073b
Jealous,Nick Jonas,https://image-cdn-fa.spotifycdn.com/image/ab67616d00001e023721c00c751f3596b38ffdad
The Unforgiven,Metallica,https://image-cdn-ak.spotifycdn.com/image/ab67616d00001e0276c60d2128c8e4649b85f2b2
"""Yes, And?""",Ariana Grande,https://image-cdn-fa.spotifycdn.com/image/ab67616d00001e028b58d20f1b77295730db15b4
Steal My Sunshine,Len,https://image-cdn-fa.spotifycdn.com/image/ab67616d00001e026e74f5fa891ae07c7c2da59c
"""Bills, Bills, Bills""",Destiny's Child,https://image-cdn-fa.spotifycdn.com/image/ab67616d00001e02f028a53cac8a7d030d5b678d
Jumpman,Drake & Future,https://image-cdn-fa.spotifycdn.com/image/ab67616d00001e02d6adfbd3f091d6f2b9af6507
Behind These Hazel Eyes,Kelly Clarkson,https://image-cdn-fa.spotifycdn.com/image/ab67616d00001e0203dadde4d9d305c1c3e0d91c
I'll Be Missing You,Puff Daddy & Faith Evans Featuring 112,https://image-cdn-fa.spotifycdn.com/image/ab67616d00001e02f8373456a306c5f2ec3fbfb3
Meet Virginia,Train,https://image-cdn-fa.spotifycdn.com/image/ab67616d00001e029c38db64f60c6a20068c5442
Telepatia,Kali Uchis,https://image-cdn-fa.spotifycdn.com/image/ab67616d00001e02044a5466dac00f7b3c570b99
Rockstar,Nickelback,https://image-cdn-fa.spotifycdn.com/image/ab67616d00001e02bad7e941f557e06019b87fd4
"""Me, Myself And I""",Beyonce,https://image-cdn-fa.spotifycdn.com/image/ab67616d00001e0245680a4a57c97894490a01c1
In Case You Didn't Know,Brett Young,https://image-cdn-fa.spotifycdn.com/image/ab67616d00001e028c67513a5ffd9a018b410f1b
Addicted,Saving Abel,https://image-cdn-fa.spotifycdn.com/image/ab67616d00001e024c0a189e24f900c7e3da4412
Secrets,OneRepublic,https://image-cdn-ak.spotifycdn.com/image/ab67616d00001e021315cfbb494b981b3e7f1627
Fallin' For You,Colbie Caillat,https://image-cdn-fa.spotifycdn.com/image/ab67616d00001e02be5d79c73e718926afd14d70
Talking Body,Tove Lo,https://image-cdn-fa.spotifycdn.com/image/ab67616d00001e0270cd79659edf4d5fec0840b8
Rock Your Body,Justin Timberlake,https://image-cdn-fa.spotifycdn.com/image/ab67616d00001e02346a5742374ab4cf9ed32dee
Bad Things,Machine Gun Kelly x Camila Cabello,https://image-cdn-ak.spotifycdn.com/image/ab67616d00001e02e82d82470e7a6a6e3d158727
The Middle,Jimmy Eat World,https://image-cdn-fa.spotifycdn.com/image/ab67616d00001e0295d1d98c5176e4f982bd73d6
Hey Baby (Drop It To The Floor),Pitbull Featuring T-Pain,https://image-cdn-ak.spotifycdn.com/image/ab67616d00001e021dc7483a9fcfce54822a2f19
Wicked Game,Chris Isaak,https://image-cdn-fa.spotifycdn.com/image/ab67616d00001e02ad0e25c1c366d63bcbae4073
Bank Account,21 Savage,https://image-cdn-fa.spotifycdn.com/image/ab67616d00001e022719343298d0e4f1790e14cd
Controlla,Drake,https://image-cdn-fa.spotifycdn.com/image/ab67616d00001e029416ed64daf84936d89e671c
Pony,Ginuwine,https://image-cdn-ak.spotifycdn.com/image/ab67616d00001e02283dfa69c2fb724e7fe5087d
Over And Over,Nelly Featuring Tim McGraw,https://image-cdn-ak.spotifycdn.com/image/ab67616d00001e0211ac852a01b0a3c2802dbacd
Soda Pop,"""Saja Boys: Andrew Choi, Neckwav, Danny Chung, Kevin Woo & samUIL Lee""",https://image-cdn-ak.spotifycdn.com/image/ab67616d00001e024dcb6c5df15cf74596ab25a4
Sweet Nothing,Calvin Harris Featuring Florence Welch,https://image-cdn-fa.spotifycdn.com/image/ab67616d00001e02c68d3086e5bf29ac2ff6fc93
How Do You Sleep?,Sam Smith,https://image-cdn-fa.spotifycdn.com/image/ab67616d00001e0276bc1c851462191faec76bf8
Absolutely (Story Of A Girl),Nine Days,https://image-cdn-fa.spotifycdn.com/image/ab67616d00001e02df51a705c36af75f7ecbf181
MAMIII,Becky G X Karol G,https://image-cdn-fa.spotifycdn.com/image/ab67616d00001e02ddad5b63226b0084a7bd06d4
Me Porto Bonito,Bad Bunny & Chencho Corleone,https://image-cdn-fa.spotifycdn.com/image/ab67616d00001e0249d694203245f241a1bcaa72
Unsteady,X Ambassadors,https://image-cdn-fa.spotifycdn.com/image/ab67616d00001e02555f12037889f4b332cce41b
My Girl,The Temptations,https://image-cdn-fa.spotifycdn.com/image/ab67616d00001e021a5b6271ae1c8497df20916e
All The Right Moves,OneRepublic,https://image-cdn-ak.spotifycdn.com/image/ab67616d00001e021315cfbb494b981b3e7f1627
Confessions Part II,Usher,https://image-cdn-fa.spotifycdn.com/image/ab67616d00001e02365b3fb800c19f7ff72602da
Bang!,AJR,https://image-cdn-fa.spotifycdn.com/image/ab67616d00001e0267e137ef965febbf9c18cbbd
Death Bed,Powfu Featuring beabadoobee,https://image-cdn-fa.spotifycdn.com/image/ab67616d00001e02bf01fd0986a195d485922167
Anxiety,Doechii,https://image-cdn-ak.spotifycdn.com/image/ab67616d00001e02ea29212b801087f18319c187
Alone,Heart,https://image-cdn-fa.spotifycdn.com/image/ab67616d00001e02e6db88b395f063ee1ca6e0d5
Somewhere Only We Know,Keane,https://image-cdn-fa.spotifycdn.com/image/ab67616d00001e02045d0a38105fbe7bde43c490
Die A Happy Man,Thomas Rhett,https://image-cdn-fa.spotifycdn.com/image/ab67616d00001e02f00a1acf866539632b187ea0
Houdini,Dua Lipa,https://image-cdn-fa.spotifycdn.com/image/ab67616d00001e022f8790ed72296c2614607575
Ballin',Mustard & Roddy Ricch,https://image-cdn-fa.spotifycdn.com/image/ab67616d00001e0293b1e96fad758869d0974162
Sexy Can I,Ray J & Yung Berg,https://image-cdn-fa.spotifycdn.com/image/ab67616d00001e026cd26ab888f6d5d20f994366
My Way,Calvin Harris,https://image-cdn-fa.spotifycdn.com/image/ab67616d00001e028f29547ed75f352eb4e6a7cb
Riders On The Storm,The Doors,https://image-cdn-ak.spotifycdn.com/image/ab67616d00001e021ef42496a7971d4482cdc40f
Endless Love,Luther Vandross & Mariah Carey,https://image-cdn-fa.spotifycdn.com/image/ab67616d00001e02823384483d789f0f3bade348
Sweet Emotion,Aerosmith,https://image-cdn-fa.spotifycdn.com/image/ab67616d00001e028cffbbb7fe8645a486a85ea9
Bust A Move,Young M.C.,https://image-cdn-ak.spotifycdn.com/image/ab67616d00001e024ca82caf00a35b0b034ac35d
Say Goodbye,Chris Brown,https://image-cdn-ak.spotifycdn.com/image/ab67616d00001e02f9685817281327d5fecb244e
Jar Of Hearts,Christina Perri,https://image-cdn-ak.spotifycdn.com/image/ab67616d00001e02603a5fede652c2d00b79d5f0
Dear Future Husband,Meghan Trainor,https://image-cdn-ak.spotifycdn.com/image/ab67616d00001e020753a386572b590eb0728227
Whoomp! (There It Is),Tag Team,https://image-cdn-fa.spotifycdn.com/image/ab67616d00001e02eaeeffc0bc26046a17a0254a
Papa Don't Preach,Madonna,https://image-cdn-ak.spotifycdn.com/image/ab67616d00001e02ab2411303d48498dc1d8c137
Separate Ways (Worlds Apart),Journey,https://image-cdn-fa.spotifycdn.com/image/ab67616d00001e029675b338e1be8f2bf4dae480
Timeless,The Weeknd & Playboi Carti,https://image-cdn-fa.spotifycdn.com/image/ab67616d00001e02de79f330bc297af3fae736da
The Edge Of Glory,Lady Gaga,https://image-cdn-fa.spotifycdn.com/image/ab67616d00001e024ba15b951a5cff36133ca5bd
How Far We've Come,Matchbox Twenty,https://image-cdn-fa.spotifycdn.com/image/ab67616d00001e020f9b32498b1d1053d4cc5c9c
Who,Jimin,https://image-cdn-fa.spotifycdn.com/image/ab67616d00001e02f02c451189a709b9a952aaec
Rehab,Amy Winehouse,https://image-cdn-fa.spotifycdn.com/image/ab67616d00001e02dc65d5638a3de4a0bdf3c05f
Breathin,Ariana Grande,https://image-cdn-fa.spotifycdn.com/image/ab67616d00001e02c3af0c2355c24ed7023cd394
Toosie Slide,Drake,https://image-cdn-ak.spotifycdn.com/image/ab67616d00001e02bba7cfaf7c59ff0898acba1f
Don't Trust Me,3OH!3,https://image-cdn-fa.spotifycdn.com/image/ab67616d00001e024659e979019065ca972fa9e3
Lido Shuffle,Boz Scaggs,https://image-cdn-ak.spotifycdn.com/image/ab67616d00001e02f5395c7406ecb6a3e93255d4
Crazy,Aerosmith,https://image-cdn-fa.spotifycdn.com/image/ab67616d00001e0291b246743456e285a20a46ed
We R Who We R,Ke$ha,https://image-cdn-fa.spotifycdn.com/image/ab67616d00001e02d94f03f5cae0ba242a13178b
Anaconda,Nicki Minaj,https://image-cdn-fa.spotifycdn.com/image/ab67616d00001e026fc944ef0967cf846c7539d6
Got To Be Real,Cheryl Lynn,https://image-cdn-fa.spotifycdn.com/image/ab67616d00001e02c0e98d7c48b548f1a3833368
Knife Talk,Drake Featuring 21 Savage & Project Pat,https://image-cdn-fa.spotifycdn.com/image/ab67616d00001e02cd945b4e3de57edd28481a3f
Listen To Your Heart,Roxette,https://image-cdn-fa.spotifycdn.com/image/ab67616d00001e0215c293b9489fa5f5fdad4607
Cry Me A River,Justin Timberlake,https://image-cdn-fa.spotifycdn.com/image/ab67616d00001e02346a5742374ab4cf9ed32dee
It's Not My Time,3 Doors Down,https://image-cdn-fa.spotifycdn.com/image/ab67616d00001e0283341df0f125e14e22838afa
All I Have To Give,Backstreet Boys,https://image-cdn-fa.spotifycdn.com/image/ab67616d00001e02dafd4b9261a1ab9acd53a53d
"""This Ain't A Scene, It's An Arms Race""",Fall Out Boy,https://image-cdn-fa.spotifycdn.com/image/ab67616d00001e02da071ae7564949fbbfc6904d
Don't Stop Me Now,Queen,https://image-cdn-fa.spotifycdn.com/image/ab67616d00001e02008b06ec71019afd70153889
Yonaguni,Bad Bunny,https://image-cdn-ak.spotifycdn.com/image/ab67616d00001e0264afd6879102d03460bd3ad9
Un x100to,Grupo Frontera X Bad Bunny,https://image-cdn-fa.spotifycdn.com/image/ab67616d00001e02716c0b0ad51594ff788b5f06
Try,P!nk,https://image-cdn-ak.spotifycdn.com/image/ab67616d00001e0224a1ac503b55e6eef9a7bb8c
The Motto,Drake Featuring Lil Wayne,https://image-cdn-fa.spotifycdn.com/image/ab67616d00001e02b47fe51d7b639a08c342ca6c
"Blaze Of Glory (From ""Young Guns II"")",Jon Bon Jovi,https://image-cdn-fa.spotifycdn.com/image/ab67616d00001e02573737443786e4aed4c3cff7
Opalite,Taylor Swift,https://image-cdn-fa.spotifycdn.com/image/ab67616d00001e02d7812467811a7da6e6a44902
Get Low,Lil Jon & The East Side Boyz Featuring Ying Yang Twins,https://image-cdn-ak.spotifycdn.com/image/ab67616d00001e023ba0e7112f965bfda72b1c5b
The Way,Ariana Grande Featuring Mac Miller,https://image-cdn-fa.spotifycdn.com/image/ab67616d00001e027ac8196b11a3c9dce4dd2222
Black Balloon,Goo Goo Dolls,https://image-cdn-fa.spotifycdn.com/image/ab67616d00001e02d54c4b12c9242bda37f4bb25
No Role Modelz,J. Cole,https://image-cdn-fa.spotifycdn.com/image/ab67616d00001e02c6e0948bbb0681ff29cdbae8
I Like It,Enrique Iglesias Featuring Pitbull,https://image-cdn-fa.spotifycdn.com/image/ab67616d00001e022322cb36f86e371982a7a077
Closer,Ne-Yo,https://image-cdn-fa.spotifycdn.com/image/ab67616d00001e025694163d7c4ab48251e9b57c
Till The World Ends,Britney Spears Featuring Nicki Minaj & Ke$ha,https://image-cdn-ak.spotifycdn.com/image/ab67616d00001e023613a80185a11b15987d2885
Beer Never Broke My Heart,Luke Combs,https://image-cdn-fa.spotifycdn.com/image/ab67616d00001e0212a1dd8db4de62f6e146a43b
Ayo Technology,50 Cent Featuring Justin Timberlake & Timbaland,https://image-cdn-fa.spotifycdn.com/image/ab67616d00001e024b9ca70affe8386d84bd260d
Save Tonight,Eagle-Eye Cherry,https://image-cdn-fa.spotifycdn.com/image/ab67616d00001e02aacc6949864aa4c1073d3060
Come On Eileen,Dexys Midnight Runners,https://image-cdn-ak.spotifycdn.com/image/ab67616d00001e028bd8adbdc4727d9080240905
Agora Hills,Doja Cat,https://image-cdn-fa.spotifycdn.com/image/ab67616d00001e02a54499d7ba4e9afeea91df86
"""Paint It, Black""",The Rolling Stones,https://image-cdn-fa.spotifycdn.com/image/ab67616d00001e02bad7062c3fd2f2d037989694
Don't Dream It's Over,Crowded House,https://image-cdn-fa.spotifycdn.com/image/ab67616d00001e027cef65b561af10a25acbc2df
Daisies,Justin Bieber,https://image-cdn-fa.spotifycdn.com/image/ab67616d00001e02d65c4773bc5061fd27facc5b
Nothing Else Matters,Metallica,https://image-cdn-ak.spotifycdn.com/image/ab67616d00001e02c1a13209dfe146aef3296e34
Just The Two Of Us,"""Grover Washington, Jr. With Bill Withers""",https://image-cdn-fa.spotifycdn.com/image/ab67616d00001e02472fbc1d5743c7d3c75b9ec0
Collide,Howie Day,https://image-cdn-fa.spotifycdn.com/image/ab67616d00001e02fc9edd185a51a1780c1df552
Hard Knock Life (Ghetto Anthem),Jay-Z,https://image-cdn-fa.spotifycdn.com/image/ab67616d00001e029700390e9c33c62cfcd915ce
"""Baby, I Love Your Way""",Peter Frampton,https://image-cdn-ak.spotifycdn.com/image/ab67616d00001e029aa3b16bdacb096988a76c0d
Broken,Seether Featuring Amy Lee,https://image-cdn-fa.spotifycdn.com/image/ab67616d00001e021eb6354949f8eeb9a4fee87e
Be My Baby,The Ronettes,https://image-cdn-ak.spotifycdn.com/image/ab67616d00001e02b298efc29df3b69ec3f0d675
Hip Hop Hooray,Naughty by Nature,https://image-cdn-fa.spotifycdn.com/image/ab67616d00001e029ac4e14fdaf2f24717050239
Swimming Pools (Drank),Kendrick Lamar,https://image-cdn-fa.spotifycdn.com/image/ab67616d00001e024ea4ca0bd7485e2106b3d9a5
Say,John Mayer,https://image-cdn-fa.spotifycdn.com/image/ab67616d00001e02f310b04bb7ae2b8af543862f
Lose My Breath,Destiny's Child,https://image-cdn-fa.spotifycdn.com/image/ab67616d00001e025a4df8a804866955ab8c4def
The Sound Of Silence,Simon & Garfunkel,https://image-cdn-ak.spotifycdn.com/image/ab67616d00001e024b139bf6224f8f7eae9b4b0e
MotorSport,"""Migos, Nicki Minaj & Cardi B""",https://image-cdn-fa.spotifycdn.com/image/ab67616d00001e02fd6fe0db20b774c35628dace
Ignition,R. Kelly,https://image-cdn-fa.spotifycdn.com/image/ab67616d00001e024cb949e9f103f12d96797121
Come And Get Your Love,Redbone,https://image-cdn-fa.spotifycdn.com/image/ab67616d00001e0246814e1b44e54d806753801e
She Got The Best Of Me,Luke Combs,https://image-cdn-fa.spotifycdn.com/image/ab67616d00001e02493d0a872c97a661b9606e62
Home,Phillip Phillips,https://image-cdn-fa.spotifycdn.com/image/ab67616d00001e025c75f5e02580f4c0c3e80e8e
Murder On My Mind,YNW Melly,https://image-cdn-fa.spotifycdn.com/image/ab67616d00001e020f5397dc6aa91374897182e0
Tequila,Dan + Shay,https://image-cdn-ak.spotifycdn.com/image/ab67616d00001e0205e4408393e1c81a8ab1bf26
Mrs. Officer,Lil Wayne Featuring Bobby Valentino & Kidd Kidd,https://image-cdn-fa.spotifycdn.com/image/ab67616d00001e0202a999c3a283b5392e57737d
You Say,Lauren Daigle,https://image-cdn-fa.spotifycdn.com/image/ab67616d00001e02152dff2321bbb3c4fbb757bb
Crack A Bottle,"""Eminem, Dr. Dre & 50 Cent""",https://image-cdn-fa.spotifycdn.com/image/ab67616d00001e02506c4cc93e5a6234164125e1
Permission To Dance,BTS,https://image-cdn-ak.spotifycdn.com/image/ab67616d00001e02a7e481899b7e0396f93d10b8
Old Time Rock & Roll,Bob Seger & The Silver Bullet Band,https://image-cdn-fa.spotifycdn.com/image/ab67616d00001e02ef063cb80508c55eb443a671
Maniac,Michael Sembello,https://image-cdn-fa.spotifycdn.com/image/ab67616d00001e027b436d31c5ae44b334736619
Loser,Beck,https://image-cdn-fa.spotifycdn.com/image/ab67616d00001e02b07e5a0787e609bc1f1270f8
Hands To Myself,Selena Gomez,https://image-cdn-ak.spotifycdn.com/image/ab67616d00001e026bc7473df6c9d1fd90972e84
Cool Kids,Echosmith,https://image-cdn-ak.spotifycdn.com/image/ab67616d00001e02b098cbfb14e8cc251451ca19
Somebody Told Me,The Killers,https://image-cdn-fa.spotifycdn.com/image/ab67616d00001e02ccdddd46119a4ff53eaf1f5d
House Of The Rising Sun,The Animals,https://image-cdn-ak.spotifycdn.com/image/ab67616d00001e02b49cefa2e0f92604950a0a63
Too Little Too Late,JoJo,https://image-cdn-ak.spotifycdn.com/image/ab67616d00001e022ef40d2ab77021d24a74a4df
Happier Than Ever,Billie Eilish,https://image-cdn-fa.spotifycdn.com/image/ab67616d00001e022a038d3bf875d23e4aeaa84e
Just Wanna Rock,Lil Uzi Vert,https://image-cdn-fa.spotifycdn.com/image/ab67616d00001e02d7f97f84ffeaf2077813ef24
Ain't No Other Man,Christina Aguilera,https://image-cdn-fa.spotifycdn.com/image/ab67616d00001e02e86d1964047c965af2e4d35a
Just A Girl,No Doubt,https://image-cdn-fa.spotifycdn.com/image/ab67616d00001e026ebd5e789646a833b8f7d4ba
Toxicity,System of a Down,https://image-cdn-ak.spotifycdn.com/image/ab67616d00001e0207bc7d2a745636c356b4d0aa
Wonderful Tonight,Eric Clapton,https://image-cdn-fa.spotifycdn.com/image/ab67616d00001e0233375d550893179db5077892
Work Out,J. Cole,https://image-cdn-fa.spotifycdn.com/image/ab67616d00001e020d3000894570f210bc8dd198
Achy Breaky Heart,Billy Ray Cyrus,https://image-cdn-ak.spotifycdn.com/image/ab67616d00001e02c0548cc3cffbb803be9feed1
Superstar,Lupe Fiasco Featuring Matthew Santos,https://image-cdn-fa.spotifycdn.com/image/ab67616d00001e02c3244d303444a43b933b9bf4
What A Wonderful World,Louis Armstrong,https://image-cdn-fa.spotifycdn.com/image/ab67616d00001e02845a5660b804e5f3e821fbed
Tattoo,Jordin Sparks,https://image-cdn-ak.spotifycdn.com/image/ab67616d00001e02260e2444b3431b3b8b559bc3
Fireball,Pitbull Featuring John Ryan,https://image-cdn-fa.spotifycdn.com/image/ab67616d00001e02e6efeff81a318670a292090f
Malibu,Miley Cyrus,https://image-cdn-ak.spotifycdn.com/image/ab67616d00001e02b722d4add25425e328237a4e
Superstition,Stevie Wonder,https://image-cdn-fa.spotifycdn.com/image/ab67616d00001e029e447b59bd3e2cbefaa31d91
The Christmas Song (Merry Christmas To You),"Nat ""King"" Cole",https://image-cdn-fa.spotifycdn.com/image/ab67616d00001e0230dc6027fd140c7ba68e900c
Ocean Eyes,Billie Eilish,https://image-cdn-fa.spotifycdn.com/image/ab67616d00001e02a9f6c04ba168640b48aa5795
In Your Eyes,The Weeknd,https://image-cdn-fa.spotifycdn.com/image/ab67616d00001e028863bc11d2aa12b54f5aeb36
My Happy Ending,Avril Lavigne,https://image-cdn-fa.spotifycdn.com/image/ab67616d00001e029c291af4bf0c3071847f2b80
Start Me Up,The Rolling Stones,https://image-cdn-fa.spotifycdn.com/image/ab67616d00001e0206b22c84b37f280cbacdeffb
Yes Indeed,Lil Baby & Drake,https://image-cdn-fa.spotifycdn.com/image/ab67616d00001e026cab41f8c84d6164976400d4
We Be Burnin',Sean Paul,https://image-cdn-ak.spotifycdn.com/image/ab67616d00001e02b82dd1e42423a9bfb6a478a4
All The Small Things,blink-182,https://image-cdn-fa.spotifycdn.com/image/ab67616d00001e026da502e35a7a3e48de2b0f74
Snap Yo Fingers,Lil Jon Featuring E-40 & Sean Paul Of The YoungBloodZ,https://image-cdn-fa.spotifycdn.com/image/ab67616d00001e02aa119fab1d342e3a7e4ddb2c
Black And Yellow,Wiz Khalifa,https://image-cdn-ak.spotifycdn.com/image/ab67616d00001e020ae17b44cc2c047be7442a33
Dirty Little Secret,The All-American Rejects,https://image-cdn-fa.spotifycdn.com/image/ab67616d00001e024d54e4f290fe5c08c66ebc0e
Human Nature,Michael Jackson,https://image-cdn-fa.spotifycdn.com/image/ab67616d00001e0232a7d87248d1b75463483df5
Whip It,Devo,https://image-cdn-fa.spotifycdn.com/image/ab67616d00001e02f4f1f36551dd41c5442c2a2f
"""For What It's Worth (Stop, Hey What's That Sound)""",Buffalo Springfield,https://image-cdn-fa.spotifycdn.com/image/ab67616d00001e022dc5b802303ff19c62a346ab
Against The Wind,Bob Seger,https://image-cdn-fa.spotifycdn.com/image/ab67616d00001e0299b37676fbae815424b4b1a4
Walk It Out,Unk,https://image-cdn-fa.spotifycdn.com/image/ab67616d00001e0219360d7c9720e704861309b7
Please Forgive Me,Bryan Adams,https://image-cdn-ak.spotifycdn.com/image/ab67616d00001e02fcc94755fea2787dcd34b0a6
It's Not Right But It's Okay,Whitney Houston,https://image-cdn-fa.spotifycdn.com/image/ab67616d00001e0284b84d08fdbaebb99098890c
Soul Survivor,Young Jeezy Featuring Akon,https://image-cdn-fa.spotifycdn.com/image/ab67616d00001e02e647a3be0956a5d9769f0444
Baile Inolvidable,Bad Bunny,https://image-cdn-fa.spotifycdn.com/image/ab67616d00001e02bbd45c8d36e0e045ef640411
Me Too,Meghan Trainor,https://image-cdn-ak.spotifycdn.com/image/ab67616d00001e02b1cc5f1dbd32a2f79ca0a689
Faithfully,Journey,https://image-cdn-fa.spotifycdn.com/image/ab67616d00001e029675b338e1be8f2bf4dae480
I Can't Help Myself (Sugar Pie Honey Bunch),Four Tops,https://image-cdn-fa.spotifycdn.com/image/ab67616d00001e02c0fa62ae53b2aeae3766f13d
P.Y.T. (Pretty Young Thing),Michael Jackson,https://image-cdn-fa.spotifycdn.com/image/ab67616d00001e0232a7d87248d1b75463483df5
Waka Waka (This Time For Africa),Shakira Featuring Freshlyground,https://image-cdn-ak.spotifycdn.com/image/ab67616d00001e02ffb27f9337dbb82468b2661a
Love Her Madly,The Doors,https://image-cdn-fa.spotifycdn.com/image/ab67616d00001e027cc10517eb430486cc35a937
Snowman,Sia,https://image-cdn-fa.spotifycdn.com/image/ab67616d00001e02a75e532b61dac3ddafd022ef
Seven Nation Army,The White Stripes,https://image-cdn-fa.spotifycdn.com/image/ab67616d00001e027028981d09d2e5833c9c78ad
Gold,Kiiara,https://image-cdn-fa.spotifycdn.com/image/ab67616d00001e023df320c7de5212472b93d4a0
Money For Nothing,Dire Straits,https://image-cdn-ak.spotifycdn.com/image/ab67616d00001e0258c4e9c84ece7d31f51636f3
No Air,Jordin Sparks Duet With Chris Brown,https://image-cdn-fa.spotifycdn.com/image/ab67616d00001e02260e2444b3431b3b8b559bc3
"""Jesus, Take The Wheel""",Carrie Underwood,https://image-cdn-fa.spotifycdn.com/image/ab67616d00001e02c20ffeb64e39773de0f6c232
Karma,Taylor Swift Featuring Ice Spice,https://image-cdn-fa.spotifycdn.com/image/ab67616d00001e02bb54dde68cd23e2a268ae0f5
U + Ur Hand,P!nk,https://image-cdn-ak.spotifycdn.com/image/ab67616d00001e020156b42e6443277454bb30fa
Will You Be There,Michael Jackson,https://image-cdn-fa.spotifycdn.com/image/ab67616d00001e02bf4cf0f48b94d0c8297b751a
Far Away,Nickelback,https://image-cdn-fa.spotifycdn.com/image/ab67616d00001e02bad7e941f557e06019b87fd4
Forever Young,Alphaville,https://image-cdn-fa.spotifycdn.com/image/ab67616d00001e02d9e75c5f3171721381f2f698
No Limit,G-Eazy Featuring A$AP Rocky & Cardi B,https://image-cdn-fa.spotifycdn.com/image/ab67616d00001e02046527a9c176f7c2916f3530
Underneath It All,No Doubt Featuring Lady Saw,https://image-cdn-fa.spotifycdn.com/image/ab67616d00001e0274d6d9af056634cb96a6f5ac
DNA.,Kendrick Lamar,https://image-cdn-ak.spotifycdn.com/image/ab67616d00001e028b52c6b9bc4e43d873869699
Sacrifice,Elton John,https://image-cdn-fa.spotifycdn.com/image/ab67616d00001e0210a2dbd14d14e7495e7bf7e5
White Horse,Taylor Swift,https://image-cdn-ak.spotifycdn.com/image/ab67616d00001e027b25c072237f29ee50025fdc
You're My Best Friend,Queen,https://image-cdn-fa.spotifycdn.com/image/ab67616d00001e02e319baafd16e84f0408af2a0
Heaven,Kane Brown,https://image-cdn-fa.spotifycdn.com/image/ab67616d00001e0238b5477af6530ef9163c602d
Easy,Commodores,https://image-cdn-fa.spotifycdn.com/image/ab67616d00001e029d52169c3b609d4630e04433
Bounce Back,Big Sean,https://image-cdn-fa.spotifycdn.com/image/ab67616d00001e02fd6fe0db20b774c35628dace
Music,Madonna,https://image-cdn-fa.spotifycdn.com/image/ab67616d00001e02e7bba2f848d93d632e4dfd35
Buy Dirt,Jordan Davis Featuring Luke Bryan,https://image-cdn-fa.spotifycdn.com/image/ab67616d00001e02dfdefe159fd457b152e9d367
Best Song Ever,One Direction,https://image-cdn-fa.spotifycdn.com/image/ab67616d00001e023cf0191cca87a4bc7e34bc4a
You Should Probably Leave,Chris Stapleton,https://image-cdn-fa.spotifycdn.com/image/ab67616d00001e029408342067e2ff50d69a3c98
Fake Love,BTS,https://image-cdn-fa.spotifycdn.com/image/ab67616d00001e02a274bd961be8afb88d0d5c54
All Time Low,Jon Bellion,https://image-cdn-fa.spotifycdn.com/image/ab67616d00001e02a01c1fddc334c0bd15e4452d
Prayer In C,Lillywood & Robin Schulz,https://image-cdn-fa.spotifycdn.com/image/ab67616d00001e024a2428589e34a44ee8844355
Heartbreak Hotel,Whitney Houston Feat. Faith Evans & Kelly Price,https://image-cdn-fa.spotifycdn.com/image/ab67616d00001e0284b84d08fdbaebb99098890c
It's Your Love,Tim McGraw With Faith Hill,https://image-cdn-ak.spotifycdn.com/image/ab67616d00001e02d282f3a0a345c94bf754fa60
Stay Fly,Three 6 Mafia Featuring Young Buck & Eightball & MJG,https://image-cdn-ak.spotifycdn.com/image/ab67616d00001e029d67ee15496b0e2db9ae4404
Arcade,Duncan Laurence,https://image-cdn-fa.spotifycdn.com/image/ab67616d00001e0259ce61a220822995a3ccd27f
Take You There,Sean Kingston,https://image-cdn-ak.spotifycdn.com/image/ab67616d00001e02f7bfc1a13e585524bcd3d376
Always On Time,Ja Rule Featuring Ashanti,https://image-cdn-fa.spotifycdn.com/image/ab67616d00001e0298590fd341411b3ba27d0554
Do You Remember,Jay Sean Featuring Sean Paul & Lil Jon,https://image-cdn-fa.spotifycdn.com/image/ab67616d00001e0240c2b9ade6132573be714cb7
Walk It Talk It,Migos Featuring Drake,https://image-cdn-fa.spotifycdn.com/image/ab67616d00001e029c188c494d8bfaf895411890
The Scotts,"""THE SCOTTS, Travis Scott & Kid Cudi""",https://image-cdn-fa.spotifycdn.com/image/ab67616d00001e0209db38c6c41528684f6ca6a7
Bennie And The Jets,Elton John,https://image-cdn-fa.spotifycdn.com/image/ab67616d00001e02f72f1e38e9bd48f18a17ed9b
Obsessed,Mariah Carey,https://image-cdn-fa.spotifycdn.com/image/ab67616d00001e0230154d10ab00b2c9d33508de
Billionaire,Travie McCoy Featuring Bruno Mars,https://image-cdn-ak.spotifycdn.com/image/ab67616d00001e0237ce3dd20c2318e13c6608ed
Kiss From A Rose,Seal,https://image-cdn-fa.spotifycdn.com/image/ab67616d00001e0233d4866ed921300e8ef50808
Amazed,Lonestar,https://image-cdn-ak.spotifycdn.com/image/ab67616d00001e02a9497d4c1105e8c93a47b432
In The Name Of Love,Martin Garrix & Bebe Rexha,https://image-cdn-fa.spotifycdn.com/image/ab67616d00001e02b3d48927d5a423bdbdb20166
Made You Look,Meghan Trainor,https://image-cdn-fa.spotifycdn.com/image/ab67616d00001e025cd76705ba9e33340a92bca7
Life Goes On,BTS,https://image-cdn-fa.spotifycdn.com/image/ab67616d00001e0217db30ce3f081d6818a8ad49
I Get Around,2Pac,https://image-cdn-fa.spotifycdn.com/image/ab67616d00001e029f4932c81421643cd111a652
Can't Believe It,T-Pain Featuring Lil Wayne,https://image-cdn-fa.spotifycdn.com/image/ab67616d00001e02071774b4c7a8c93855efe6be
New Divide,Linkin Park,https://image-cdn-fa.spotifycdn.com/image/ab67616d00001e02148cd93cd936ee29cb4db587
Two Princes,Spin Doctors,https://image-cdn-fa.spotifycdn.com/image/ab67616d00001e02436e38032cf3389d01426eca
Take My Breath,The Weeknd,https://image-cdn-fa.spotifycdn.com/image/ab67616d00001e02e6c40bd47002f3faffb31ebe
Lost Boy,Ruth B,https://image-cdn-ak.spotifycdn.com/image/ab67616d00001e02b09403f05bc0c306cf96990f
Tainted Love,Soft Cell,https://image-cdn-fa.spotifycdn.com/image/ab67616d00001e0249c982dae436bac27c336f45
Waiting For Tonight,Jennifer Lopez,https://image-cdn-fa.spotifycdn.com/image/ab67616d00001e025c34d7a87663652675cf3264
Walk Of Life,Dire Straits,https://image-cdn-ak.spotifycdn.com/image/ab67616d00001e0258c4e9c84ece7d31f51636f3
Please Mr. Postman,The Marvelettes,https://image-cdn-ak.spotifycdn.com/image/ab67616d00001e027834b647f7c7013e7b2c53de
Creep,Radiohead,https://image-cdn-ak.spotifycdn.com/image/ab67616d00001e02ec548c00d3ac2f10be73366d
"""Sugar, Sugar""",The Archies,https://image-cdn-fa.spotifycdn.com/image/ab67616d00001e02fbc98da6995bb0a504ed363d
Raindrops Keep Fallin' On My Head,B.J. Thomas,https://image-cdn-fa.spotifycdn.com/image/ab67616d00001e022d4b1c24daebd87a7578a0aa
Stuck In The Middle With You,Stealers Wheel,https://image-cdn-ak.spotifycdn.com/image/ab67616d00001e02a5ce236c22035a02cf87d4de
I Like You (A Happier Song),Post Malone Featuring Doja Cat,https://image-cdn-fa.spotifycdn.com/image/ab67616d00001e0234362676667a4322838ccc97
Boom Clap,Charli xcx,https://image-cdn-ak.spotifycdn.com/image/ab67616d00001e02f25708a82f08e58dcc7271bc
I Knew I Loved You,Savage Garden,https://image-cdn-fa.spotifycdn.com/image/ab67616d00001e025f2acb28c792e4594c0f11e8
Faded,Alan Walker,https://image-cdn-fa.spotifycdn.com/image/ab67616d00001e02a108e07c661f9fc54de9c43a
Thunderstruck,AC/DC,https://image-cdn-fa.spotifycdn.com/image/ab67616d00001e029a9b1cc067e4460da04adce2
This Girl,Kungs vs Cookin' On 3 Burners,https://image-cdn-fa.spotifycdn.com/image/ab67616d00001e02af72d0856c5527dc97f3ea08
With Or Without You,U2,https://image-cdn-fa.spotifycdn.com/image/ab67616d00001e02b7bea3d01f04e6d0408d2afe
Beautiful,Bazzi Featuring Camila Cabello,https://image-cdn-ak.spotifycdn.com/image/ab67616d00001e0205559264ebef3889709826cf
Movin' Out (Anthony's Song),Billy Joel,https://image-cdn-ak.spotifycdn.com/image/ab67616d00001e026ce61113662ecf693b605ee5
Missing,Everything But the Girl,https://image-cdn-fa.spotifycdn.com/image/ab67616d00001e027b95909afe7b03cc64c28add
Breathe,Faith Hill,https://image-cdn-fa.spotifycdn.com/image/ab67616d00001e02f4adbbdcd39b09e5f0b9e03e
Hurricane,Luke Combs,https://image-cdn-fa.spotifycdn.com/image/ab67616d00001e02a456620e42fb68e8976c91b5
U Don't Have To Call,Usher,https://image-cdn-ak.spotifycdn.com/image/ab67616d00001e027750146aac26aade0a867913
The Power,Snap!,https://image-cdn-ak.spotifycdn.com/image/ab67616d00001e02dbdaebc580486417330f2500
All I Have,Jennifer Lopez Featuring LL Cool J,https://image-cdn-fa.spotifycdn.com/image/ab67616d00001e02c0d17a37386e6891cc4d8877
Glory Days,Bruce Springsteen,https://image-cdn-ak.spotifycdn.com/image/ab67616d00001e02a43a6482e327d623bb0c0f77
"Stay (I Missed You) (From ""Reality Bites"")",Lisa Loeb & Nine Stories,https://image-cdn-fa.spotifycdn.com/image/ab67616d00001e02ae5d490ee490c3ee46f65ec0
Need You Tonight,INXS,https://image-cdn-fa.spotifycdn.com/image/ab67616d00001e024053ce7818f114a4e8dde08f
Caroline,Amine,https://image-cdn-ak.spotifycdn.com/image/ab67616d00001e02fd6fe0db20b774c35628dace
Your Idol,"""Saja Boys: Andrew Choi, Neckwav, Danny Chung, Kevin Woo & samUIL Lee""",https://image-cdn-fa.spotifycdn.com/image/ab67616d00001e024dcb6c5df15cf74596ab25a4
White Christmas (1947),Bing Crosby With Ken Darby Singers & John Scott Trotter & His Orchestra,https://image-cdn-fa.spotifycdn.com/image/ab67616d00001e028004cd6b343732b0e1e666f5
People Are Strange,The Doors,https://image-cdn-ak.spotifycdn.com/image/ab67616d00001e0286339e6cd71cc2a167451ee5
Shadow Of The Day,Linkin Park,https://image-cdn-fa.spotifycdn.com/image/ab67616d00001e026e996745f2c7b8036abef213
"Streets Of Philadelphia (From ""Philadelphia"")",Bruce Springsteen,https://image-cdn-ak.spotifycdn.com/image/ab67616d00001e0231edc5bd8f156b173015ed19
I Love You Always Forever,Donna Lewis,https://image-cdn-ak.spotifycdn.com/image/ab67616d00001e02e962eb03beb3507c3c2b68f3
Lunch,Billie Eilish,https://image-cdn-fa.spotifycdn.com/image/ab67616d00001e0271d62ea7ea8a5be92d3c1f62
Drive,Incubus,https://image-cdn-ak.spotifycdn.com/image/ab67616d00001e0274fad40214d982351347e46e
Domino,Jessie J,https://image-cdn-ak.spotifycdn.com/image/ab67616d00001e029900b995cd1a81c35c574ab0
Incomplete,Sisqo,https://image-cdn-fa.spotifycdn.com/image/ab67616d00001e02227393028d2b83ced8e74d9b
The Letter,The Box Tops,https://image-cdn-ak.spotifycdn.com/image/ab67616d00001e025f4604aff952dc7b0a8e511e
Daydream Believer,The Monkees,https://image-cdn-fa.spotifycdn.com/image/ab67616d00001e0270be5e47188de936fd94782d
Can't Stop,Red Hot Chili Peppers,https://image-cdn-ak.spotifycdn.com/image/ab67616d00001e020e8ccba32c6b4edbd0a2ce9b
Soldier,Destiny's Child Featuring T.I. & Lil Wayne,https://image-cdn-fa.spotifycdn.com/image/ab67616d00001e025a4df8a804866955ab8c4def
Baby Come Back,Player,https://image-cdn-fa.spotifycdn.com/image/ab67616d00001e0281eae9a98487ae512df29469
I Just Want To Be Your Everything,Andy Gibb,https://image-cdn-fa.spotifycdn.com/image/ab67616d00001e029007e7e22a518d1a8647c70b
Something,The Beatles,https://image-cdn-fa.spotifycdn.com/image/ab67616d00001e02dc30583ba717007b00cceb25
(I Just) Died In Your Arms,Cutting Crew,https://image-cdn-fa.spotifycdn.com/image/ab67616d00001e02fb2faa3ed46d1d0124ca325e
Who Knew,P!nk,https://image-cdn-fa.spotifycdn.com/image/ab67616d00001e020156b42e6443277454bb30fa
Bad Habit,Steve Lacy,https://image-cdn-fa.spotifycdn.com/image/ab67616d00001e026938311000a0e494a26986e5
Your Love,The Outfield,https://image-cdn-fa.spotifycdn.com/image/ab67616d00001e02ffaeb2f6c1acc0ed7180929a
Cupid,112,https://image-cdn-fa.spotifycdn.com/image/ab67616d00001e026b632c6106c8cd4303142d92
Heaven Is A Place On Earth,Belinda Carlisle,https://image-cdn-fa.spotifycdn.com/image/ab67616d00001e023d7a9b3dd60f47955a0cb234
Get It Shawty,Lloyd,https://image-cdn-fa.spotifycdn.com/image/ab67616d00001e02eec376776dc8377060f2be5c
Judas,Lady Gaga,https://image-cdn-ak.spotifycdn.com/image/ab67616d00001e024ba15b951a5cff36133ca5bd
Breaking Me,Topic & A7S,https://image-cdn-fa.spotifycdn.com/image/ab67616d00001e02ca801dab96017456b9847ac2
The Winner Takes It All,ABBA,https://image-cdn-fa.spotifycdn.com/image/ab67616d00001e024d08fc99eff4ed52dfce91fa
Freek-A-Leek,Petey Pablo,https://image-cdn-fa.spotifycdn.com/image/ab67616d00001e02abba73f5c24c0066908196e1
Slow It Down,Benson Boone,https://image-cdn-ak.spotifycdn.com/image/ab67616d00001e02831949037a1db10b87b005fa
If I Die Young,The Band Perry,https://image-cdn-fa.spotifycdn.com/image/ab67616d00001e025726e327fd968a6fb5974350
Unpretty,TLC,https://image-cdn-ak.spotifycdn.com/image/ab67616d00001e0261ffafd5e31a37336531cf95
Do That To Me One More Time,Captain & Tennille,https://image-cdn-fa.spotifycdn.com/image/ab67616d00001e02b7ea2976756af1f39dae0313
Just Lose It,Eminem,https://image-cdn-fa.spotifycdn.com/image/ab67616d00001e021bec21e57fff76db49e15a70
Butterfly,Crazy Town,https://image-cdn-fa.spotifycdn.com/image/ab67616d00001e02523e6f09c8962982254de0cd
Summertime,D.J. Jazzy Jeff & The Fresh Prince,https://image-cdn-fa.spotifycdn.com/image/ab67616d00001e028f8697f6ee69d4b8ea74c9d6
Indian Reservation (The Lament Of The Cherokee Reservation Indian),The Raiders,https://image-cdn-ak.spotifycdn.com/image/ab67616d00001e02674c510352f4c9fe82d1d766
Never Say Never,Justin Bieber Featuring Jaden Smith,https://image-cdn-fa.spotifycdn.com/image/ab67616d00001e0249130b16d4190db1d6822e59
Jolene,Dolly Parton,https://image-cdn-ak.spotifycdn.com/image/ab67616d00001e0214021e9ab9da5813bc6791cb
I'm With You,Avril Lavigne,https://image-cdn-ak.spotifycdn.com/image/ab67616d00001e02f7ec724fbf97a30869d06240
Save The Best For Last,Vanessa Williams,https://image-cdn-fa.spotifycdn.com/image/ab67616d00001e0239eaaca9a95fc2492994a778
Long Cool Woman (In A Black Dress),The Hollies,https://image-cdn-fa.spotifycdn.com/image/ab67616d00001e029edcf15aa5f593bc7ced5254
You Needed Me,Anne Murray,https://image-cdn-ak.spotifycdn.com/image/ab67616d00001e02c9c1d548dd167f2a87182ceb
The Show Goes On,Lupe Fiasco,https://image-cdn-fa.spotifycdn.com/image/ab67616d00001e0220cac893b7a494f729128dac
My Sharona,The Knack,https://image-cdn-fa.spotifycdn.com/image/ab67616d00001e02af6b486fa0a2959f79c8acd8
Like You,Bow Wow Featuring Ciara,https://image-cdn-fa.spotifycdn.com/image/ab67616d00001e02c0e4b61ae442a24e020c67ed
"""Bad, Bad Leroy Brown""",Jim Croce,https://image-cdn-ak.spotifycdn.com/image/ab67616d00001e026a7f07f0bf2eaadd24cd0262
It Was A Good Day,Ice Cube,https://image-cdn-ak.spotifycdn.com/image/ab67616d00001e0255af7e0cd246a50f8cd15194
The Scientist,Coldplay,https://image-cdn-fa.spotifycdn.com/image/ab67616d00001e02de09e02aa7febf30b7c02d82
Bandit,Juice WRLD & YoungBoy Never Broke Again,https://image-cdn-ak.spotifycdn.com/image/ab67616d00001e028b27d35aa2c6dcf99895d664
Dirty Diana,Michael Jackson,https://image-cdn-fa.spotifycdn.com/image/ab67616d00001e02605223665713cdf285ee0c81
Let's Get It Started,The Black Eyed Peas,https://image-cdn-fa.spotifycdn.com/image/ab67616d00001e025db09bde92cc685403d7068f
Reach Out I'll Be There,Four Tops,https://image-cdn-fa.spotifycdn.com/image/ab67616d00001e0247d4f42187d70ddbaac864a2
Live Like You Were Dying,Tim McGraw,https://image-cdn-fa.spotifycdn.com/image/ab67616d00001e02e6b859b16a880b851822871d
The Way We Were,Barbra Streisand,https://image-cdn-fa.spotifycdn.com/image/ab67616d00001e029c51a1091ef3a71fa482e54e
Rhinestone Cowboy,Glen Campbell,https://image-cdn-ak.spotifycdn.com/image/ab67616d00001e027e1bc92612665775f3e747c6
Love Will Keep Us Together,The Captain & Tennille,https://image-cdn-fa.spotifycdn.com/image/ab67616d00001e02e21a289d04d5f3d623807bee
Nobody Gets Me,SZA,https://image-cdn-fa.spotifycdn.com/image/ab67616d00001e0216fdde9f6b5606419ca9b7ca
Never Be Like You,Flume Featuring Kai,https://image-cdn-fa.spotifycdn.com/image/ab67616d00001e02d18aa7480fe7d5f82fc6c466
Turn Me On,David Guetta Featuring Nicki Minaj,https://image-cdn-fa.spotifycdn.com/image/ab67616d00001e0263bf1cd36632031eb3081cb0
My Oh My,Camila Cabello Featuring DaBaby,https://image-cdn-ak.spotifycdn.com/image/ab67616d00001e02f8fc9e1b46c32dff21cede72
"Hungry Eyes (From ""Dirty Dancing"")",Eric Carmen,https://image-cdn-fa.spotifycdn.com/image/ab67616d00001e0256daa802ddbaedf04e8123cc
Poison,Bell Biv DeVoe,https://image-cdn-fa.spotifycdn.com/image/ab67616d00001e020ce91190aaea70dd4fe020c4
"Evergreen (Love Theme From ""A Star Is Born"")",Barbra Streisand,https://image-cdn-fa.spotifycdn.com/image/ab67616d00001e025a8c83a95f63ffc51d794775
Funkytown,"""Lipps, Inc.""",https://image-cdn-fa.spotifycdn.com/image/ab67616d00001e02d81f44fd345122543ae6b652
All Around The World,Lisa Stansfield,https://image-cdn-fa.spotifycdn.com/image/ab67616d00001e022a604708f8cc63898ea5e660
The Motto,Tiesto & Ava Max,https://image-cdn-fa.spotifycdn.com/image/ab67616d00001e02b47fe51d7b639a08c342ca6c
The Longest Time,Billy Joel,https://image-cdn-fa.spotifycdn.com/image/ab67616d00001e0229c68eb2726f08eca5ba8613
I Want To Hold Your Hand,The Beatles,https://image-cdn-fa.spotifycdn.com/image/ab67616d00001e025ef4660298ae29ee18799fc2
Downtown,Petula Clark,https://image-cdn-ak.spotifycdn.com/image/ab67616d00001e0251c5bc666e98ec2ec7dd303c
I Can See Clearly Now,Johnny Nash,https://image-cdn-fa.spotifycdn.com/image/ab67616d00001e024a87eb2baac81b6f4e7f5d8e
Come On Over Baby (All I Want Is You),Christina Aguilera,https://image-cdn-ak.spotifycdn.com/image/ab67616d00001e02f89996e214be1763b2a9e948
You Light Up My Life,Debby Boone,https://image-cdn-fa.spotifycdn.com/image/ab67616d00001e02f1261efb05286fadeaa0734b
Caught Up,Usher,https://image-cdn-fa.spotifycdn.com/image/ab67616d00001e02365b3fb800c19f7ff72602da
You Make Me Feel...,Cobra Starship Featuring Sabi,https://image-cdn-ak.spotifycdn.com/image/ab67616d00001e02828f34f62f8a89ec393fe8ad
Fall For You,Secondhand Serenade,https://image-cdn-fa.spotifycdn.com/image/ab67616d00001e0281d2001059645856e186f4f2
Bring Em Out,T.I.,https://image-cdn-fa.spotifycdn.com/image/ab67616d00001e02dfe8fee228a1aa9476bced26
Shadow Dancing,Andy Gibb,https://image-cdn-fa.spotifycdn.com/image/ab67616d00001e024397d8ed9cc4d6b2ad191d2f
Moth To A Flame,Swedish House Mafia & The Weeknd,https://image-cdn-fa.spotifycdn.com/image/ab67616d00001e02d82b40be0627a65b2d557847
All I Wanna Do,Sheryl Crow,https://image-cdn-fa.spotifycdn.com/image/ab67616d00001e02b478a8ce3aac61a3675aac2a
Seasons In The Sun,Terry Jacks,https://image-cdn-ak.spotifycdn.com/image/ab67616d00001e02786aab4cdeed78f47f82b2c4
Dreamlover,Mariah Carey,https://image-cdn-fa.spotifycdn.com/image/ab67616d00001e024b509947e48d592bfd0d237b
Over You,Daughtry,https://image-cdn-ak.spotifycdn.com/image/ab67616d00001e0291eca63cca2e2a766e78f705
"Can't Help Falling In Love (From ""Sliver"")",UB40,https://image-cdn-fa.spotifycdn.com/image/ab67616d00001e02b184226408f981e3dd17c606
Locked Up,Akon Featuring Styles P.,https://image-cdn-fa.spotifycdn.com/image/ab67616d00001e02f6e36c5147681093d71b3efe
Car Wash,Rose Royce,https://image-cdn-ak.spotifycdn.com/image/ab67616d00001e02f2165490d27e56a9a6dddb74
"""Honey, I'm Good.""",Andy Grammer,https://image-cdn-fa.spotifycdn.com/image/ab67616d00001e0235ab1495cb665ca6f73242d1
Top Of The World,Carpenters,https://image-cdn-fa.spotifycdn.com/image/ab67616d00001e0275fc0e961ba2028df4787966
Eyes Without A Face,Billy Idol,https://image-cdn-fa.spotifycdn.com/image/ab67616d00001e02ea07dca8b4ca808c1e5b17fb
Fast Car,Tracy Chapman,https://image-cdn-fa.spotifycdn.com/image/ab67616d00001e0290b8a540137ee2a718a369f9
Realize,Colbie Caillat,https://image-cdn-ak.spotifycdn.com/image/ab67616d00001e02d8126126dc45e87c32ad916d
Off The Wall,Michael Jackson,https://image-cdn-fa.spotifycdn.com/image/ab67616d00001e022b74bf21c7e4f56758610949
(They Long To Be) Close To You,Carpenters,https://image-cdn-ak.spotifycdn.com/image/ab67616d00001e02242cec3f8fc8c7fee302aac2
Make It With You,Bread,https://image-cdn-ak.spotifycdn.com/image/ab67616d00001e02d1d9453e70655e2e2c30da9d
Poison,Alice Cooper,https://image-cdn-ak.spotifycdn.com/image/ab67616d00001e0234b292a289c635532da02671
Lean On Me,Bill Withers,https://image-cdn-fa.spotifycdn.com/image/ab67616d00001e0272641ed682401fc46c18ac12
Love Me Again,John Newman,https://image-cdn-fa.spotifycdn.com/image/ab67616d00001e02b38d10a0f9eabec693d8f96e
Sunday Morning,Maroon 5,https://image-cdn-fa.spotifycdn.com/image/ab67616d00001e0217b3850d758fff5a2301e537
Shower,Becky G,https://image-cdn-ak.spotifycdn.com/image/ab67616d00001e02f7f5503cfc6a54d31e65b112
Stuck On You,Elvis Presley With The Jordanaires,https://image-cdn-fa.spotifycdn.com/image/ab67616d00001e02a26c4b4be6ac72727eb33a45
Still Into You,Paramore,https://image-cdn-fa.spotifycdn.com/image/ab67616d00001e02fa94e7d8d2480cc906ba4441
By The Way,Red Hot Chili Peppers,https://image-cdn-ak.spotifycdn.com/image/ab67616d00001e02fdbcee40748537ff80a7af70
Love On Top,Beyonce,https://image-cdn-fa.spotifycdn.com/image/ab67616d00001e02c3268ba9b7d84737a71e3ed2
Left And Right,Charlie Puth Featuring Jung Kook,https://image-cdn-fa.spotifycdn.com/image/ab67616d00001e02043168fd87de1ce066b4afa3
Human,The Killers,https://image-cdn-fa.spotifycdn.com/image/ab67616d00001e02a43cd43ef4f3b2d5413b17f9
(You Drive Me) Crazy,Britney Spears,https://image-cdn-fa.spotifycdn.com/image/ab67616d00001e0236cf58e3e7cf36a145b1da18
Fame,David Bowie,https://image-cdn-fa.spotifycdn.com/image/ab67616d00001e02b3bd6493ad6e29dcd2ad5a37
Antidote,Travis Scott,https://image-cdn-ak.spotifycdn.com/image/ab67616d00001e02d3b5affd8824b4ed301b7137
Say Something,Justin Timberlake Featuring Chris Stapleton,https://image-cdn-fa.spotifycdn.com/image/ab67616d00001e02d444296aa0ca8fada177e430
Players,Coi Leray,https://image-cdn-fa.spotifycdn.com/image/ab67616d00001e027eab67f44a584b2a42ecfcd4
Kiss You All Over,Exile,https://image-cdn-fa.spotifycdn.com/image/ab67616d00001e02832c4a25c9f27c51fd2cf14d
These Boots Are Made For Walkin',Nancy Sinatra,https://image-cdn-ak.spotifycdn.com/image/ab67616d00001e0282d92aad3ac1d915434b29d5
Lucky,Jason Mraz & Colbie Caillat,https://image-cdn-fa.spotifycdn.com/image/ab67616d00001e0233091fbb40edc2249e682bf2
Nuevayol,Bad Bunny,https://image-cdn-fa.spotifycdn.com/image/ab67616d00001e02bbd45c8d36e0e045ef640411
Where The Wild Things Are,Luke Combs,https://image-cdn-ak.spotifycdn.com/image/ab67616d00001e024f279906df8721c0534c0245
"Bad Boys (Theme From ""Cops"")",Inner Circle,https://image-cdn-ak.spotifycdn.com/image/ab67616d00001e029d17f31f7b76ad8ec88a4417
Alone Again (Naturally),Gilbert O'Sullivan,https://image-cdn-fa.spotifycdn.com/image/ab67616d00001e02acc5e23ac0089a5649961ca0
The First Time Ever I Saw Your Face,Roberta Flack,https://image-cdn-fa.spotifycdn.com/image/ab67616d00001e02685f8851f3be611c386c7cc0
Sunny,Bobby Hebb,https://image-cdn-fa.spotifycdn.com/image/ab67616d00001e02210b5a5230b3fc2248ad3c33
If I Can't Have You,Yvonne Elliman,https://image-cdn-fa.spotifycdn.com/image/ab67616d00001e02c129b7e46bb0d8b054dae51f
You Make Me Feel Like Dancing,Leo Sayer,https://image-cdn-fa.spotifycdn.com/image/ab67616d00001e027a36d4a054f611e449eca370
Joy To The World,Three Dog Night,https://image-cdn-fa.spotifycdn.com/image/ab67616d00001e028036855102edddcdbe84127d
I Got You Babe,Sonny & Cher,https://image-cdn-fa.spotifycdn.com/image/ab67616d00001e028ab7c00eddee4bc28f770f08
You Make Me Feel Brand New,The Stylistics,https://image-cdn-ak.spotifycdn.com/image/ab67616d00001e02e68585cc5200585257f964bc
Reunited,Peaches & Herb,https://image-cdn-fa.spotifycdn.com/image/ab67616d00001e02b25e0056227d071a2c7393b9
Same Love,Macklemore & Ryan Lewis Featuring Mary Lambert,https://image-cdn-ak.spotifycdn.com/image/ab67616d00001e022a6b364528b128a4a17d100d
Felices Los 4,Maluma,https://image-cdn-fa.spotifycdn.com/image/ab67616d00001e0295a2cf9262058fff7dfe3674
Daughters,John Mayer,https://image-cdn-ak.spotifycdn.com/image/ab67616d00001e025ce3a30ee6d86659603a9536
Nobody Knows,The Tony Rich Project,https://image-cdn-ak.spotifycdn.com/image/ab67616d00001e0291450f3087b074b43772b94e
Bed Chem,Sabrina Carpenter,https://image-cdn-fa.spotifycdn.com/image/ab67616d00001e02fd8d7a8d96871e791cb1f626
Soul Man,Sam & Dave,https://image-cdn-ak.spotifycdn.com/image/ab67616d00001e02d526e12f9cf41ae9069660a8
Babydoll,Dominic Fike,https://image-cdn-fa.spotifycdn.com/image/ab67616d00001e027b1b6f41c1645af9757d5616
You May Be Right,Billy Joel,https://image-cdn-fa.spotifycdn.com/image/ab67616d00001e02f753fddb6af9c9476ed02c9e
Wake Up Call,Maroon 5,https://image-cdn-ak.spotifycdn.com/image/ab67616d00001e029741173cf2b32dab39424538
99 Luftballons,Nena,https://image-cdn-ak.spotifycdn.com/image/ab67616d00001e027e51ffd6a2e8f77ffd56bb8f
Play It Again,Luke Bryan,https://image-cdn-fa.spotifycdn.com/image/ab67616d00001e0216fce2616744168b30462991
Shining Star,"""Earth, Wind & Fire""",https://image-cdn-fa.spotifycdn.com/image/ab67616d00001e023e716266190c38e929f209cf
Love Takes Time,Mariah Carey,https://image-cdn-ak.spotifycdn.com/image/ab67616d00001e02cfce17aef1f25b93f1fcc350
Let Me Hold You,Bow Wow Featuring Omarion,https://image-cdn-fa.spotifycdn.com/image/ab67616d00001e02c0e4b61ae442a24e020c67ed
'03 Bonnie & Clyde,Jay-Z Featuring Beyonce Knowles,https://image-cdn-ak.spotifycdn.com/image/ab67616d00001e02b7c45af95aaf599cee3acf08
Where My Girls At?,702,https://image-cdn-fa.spotifycdn.com/image/ab67616d00001e020100a4e7e46b63b46e03b158
Like Crazy,Jimin,https://image-cdn-fa.spotifycdn.com/image/ab67616d00001e022b46078245d0120690eb560d
I'd Really Love To See You Tonight,England Dan & John Ford Coley,https://image-cdn-ak.spotifycdn.com/image/ab67616d00001e02b28344e9f8f359a95aa9cfe6
Patience,Guns N' Roses,https://image-cdn-ak.spotifycdn.com/image/ab67616d00001e0215d11ba311f61577c5e18370
Hey Ma,"""Cam'Ron Featuring Juelz Santana, Freekey Zekey & Toya""",https://image-cdn-ak.spotifycdn.com/image/ab67616d00001e02df5352d458100973dbb329cc
Bitch,Meredith Brooks,https://image-cdn-fa.spotifycdn.com/image/ab67616d00001e027a8ebb7a3a8c0cadc4490cb4
Green Onions,Booker T. & The MG's,https://image-cdn-ak.spotifycdn.com/image/ab67616d00001e0246007ceff2f1c33c9b9ec19c
Bad Dreams,Teddy Swims,https://image-cdn-ak.spotifycdn.com/image/ab67616d00001e029164809630ef23eab60abaf0
You Should Be Dancing,Bee Gees,https://image-cdn-fa.spotifycdn.com/image/ab67616d00001e0245b4e9481e0846c16553a048
Blinded By The Light,Manfred Mann's Earth Band,https://image-cdn-fa.spotifycdn.com/image/ab67616d00001e02a9029d18d0fd90f8bfa72687
Magic Carpet Ride,Steppenwolf,https://image-cdn-fa.spotifycdn.com/image/ab67616d00001e02626d1849afa1bc27a8743dfe
You're Gonna Miss This,Trace Adkins,https://image-cdn-fa.spotifycdn.com/image/ab67616d00001e0227ce48ca2c98379ec23fb2cf
Change The World,Eric Clapton,https://image-cdn-ak.spotifycdn.com/image/ab67616d00001e0284edd1376faafd5e350bd7a9
Sunshine Of Your Love,Cream,https://image-cdn-fa.spotifycdn.com/image/ab67616d00001e02f7d3ba2473d4452b83ba61c4
My Name Is,Eminem,https://image-cdn-fa.spotifycdn.com/image/ab67616d00001e02d12909c6ebc83cb4c6bef6f4
Every Morning,Sugar Ray,https://image-cdn-ak.spotifycdn.com/image/ab67616d00001e02dfb480ed85ee08fb8748ab50
Watch Me,Silento,https://image-cdn-fa.spotifycdn.com/image/ab67616d00001e025a5aa346c3d8f54d4762125e
Moscow Mule,Bad Bunny,https://image-cdn-fa.spotifycdn.com/image/ab67616d00001e0249d694203245f241a1bcaa72
Be Kind,Marshmello & Halsey,https://image-cdn-ak.spotifycdn.com/image/ab67616d00001e02fdf2e993e10e67396b3bf759
Thank God I'm A Country Boy,John Denver,https://image-cdn-ak.spotifycdn.com/image/ab67616d00001e023c16761584c4015495bdda87
We've Only Just Begun,Carpenters,https://image-cdn-fa.spotifycdn.com/image/ab67616d00001e02242cec3f8fc8c7fee302aac2
Aerials,System of a Down,https://image-cdn-ak.spotifycdn.com/image/ab67616d00001e0207bc7d2a745636c356b4d0aa
Make Me Better,Fabolous Featuring Ne-Yo,https://image-cdn-ak.spotifycdn.com/image/ab67616d00001e020257cdc367bb5b3f41eb949f
To Be With You,Mr. Big,https://image-cdn-ak.spotifycdn.com/image/ab67616d00001e023772435cf1da78168bc1feae
Trampoline,SHAED,https://image-cdn-fa.spotifycdn.com/image/ab67616d00001e02f47caf7b48c39ddacef244be
The Lady In Red,Chris de Burgh,https://image-cdn-fa.spotifycdn.com/image/ab67616d00001e02dbcf079d622c02f298dca4e7
Wanna Be Startin' Somethin',Michael Jackson,https://image-cdn-ak.spotifycdn.com/image/ab67616d00001e0232a7d87248d1b75463483df5
Call Me When You're Sober,Evanescence,https://image-cdn-fa.spotifycdn.com/image/ab67616d00001e02d659b6f3bd8878a0fd43f278
Sundown,Gordon Lightfoot,https://image-cdn-fa.spotifycdn.com/image/ab67616d00001e028f2b3a1c0559ca6188de574b
Kung Fu Fighting,Carl Douglas,https://image-cdn-ak.spotifycdn.com/image/ab67616d00001e02131815c9e03c070a5a953a43
A Whole New World (Aladdin's Theme),Peabo Bryson & Regina Belle,https://image-cdn-ak.spotifycdn.com/image/ab67616d00001e02a743b88f89ee58a228549c97
I Want You,Savage Garden,https://image-cdn-fa.spotifycdn.com/image/ab67616d00001e0284fef39a9a8293c86796599f
You Are The Reason,Calum Scott,https://image-cdn-fa.spotifycdn.com/image/ab67616d00001e02f2d671c22b70e01b78a618a8
Gonna Fly Now,Bill Conti,https://image-cdn-ak.spotifycdn.com/image/ab67616d00001e0279abdfdbe029582f32fe0b94
When I Need You,Leo Sayer,https://image-cdn-fa.spotifycdn.com/image/ab67616d00001e027a36d4a054f611e449eca370
Freak Me,Silk,https://image-cdn-fa.spotifycdn.com/image/ab67616d00001e0204fe63793ee6fc04f9d1858d
Undressed,sombr,https://image-cdn-ak.spotifycdn.com/image/ab67616d00001e024229702de91cb3d3a4383302
Mama Told Me (Not To Come),Three Dog Night,https://image-cdn-fa.spotifycdn.com/image/ab67616d00001e024a0f8a0e94f35094fe49228c
Mirror,Lil Wayne Featuring Bruno Mars,https://image-cdn-fa.spotifycdn.com/image/ab67616d00001e02e80b258c7e0b318202870953
Danger Zone,Kenny Loggins,https://image-cdn-ak.spotifycdn.com/image/ab67616d00001e0219db9ac54c80a898a179f0f1
I Still Haven't Found What I'm Looking For,U2,https://image-cdn-ak.spotifycdn.com/image/ab67616d00001e02b7bea3d01f04e6d0408d2afe
Smile,Uncle Kracker,https://image-cdn-fa.spotifycdn.com/image/ab67616d00001e02b51c32c3c6cabcfe016c08a4
When A Man Loves A Woman,Percy Sledge,https://image-cdn-fa.spotifycdn.com/image/ab67616d00001e020c8a01bf197adb9859044775
"""Courtesy Of The Red, White And Blue (The Angry American)""",Toby Keith,https://image-cdn-fa.spotifycdn.com/image/ab67616d00001e02bb5c54a68f9ce31f83b98de4
Big Green Tractor,Jason Aldean,https://image-cdn-fa.spotifycdn.com/image/ab67616d00001e025cc0709383c840219ed17bce
Too Close,Alex Clare,https://image-cdn-fa.spotifycdn.com/image/ab67616d00001e02e4a4c4e62815010f6cddd2ca
Don't Walk Away,Jade,https://image-cdn-ak.spotifycdn.com/image/ab67616d00001e0229cf454757f957fb528cb18e
Help!,The Beatles,https://image-cdn-ak.spotifycdn.com/image/ab67616d00001e02e3e3b64cea45265469d4cafa
Silly Love Songs,Wings,https://image-cdn-fa.spotifycdn.com/image/ab67616d00001e02b402a0cfc01c8174c7e45483
Let Your Love Flow,The Bellamy Brothers,https://image-cdn-fa.spotifycdn.com/image/ab67616d00001e02dc0b5f94d9ee21d0eb209d81
Emotion,Samantha Sang,https://image-cdn-ak.spotifycdn.com/image/ab67616d00001e02c2ae2d53662bce5a52083674
Star Wars Theme/Cantina Band,Meco,https://image-cdn-fa.spotifycdn.com/image/ab67616d00001e02621560f7bcafead2c1df6a23
Miss You,The Rolling Stones,https://image-cdn-ak.spotifycdn.com/image/ab67616d00001e02517ca507056a999557dd2c25
Where Do You Go,No Mercy,https://image-cdn-ak.spotifycdn.com/image/ab67616d00001e0243e57c8b3faab1b58e3a161b
Bad Liar,Imagine Dragons,https://image-cdn-fa.spotifycdn.com/image/ab67616d00001e02da6f73a25f4c79d0e6b4a8bd
Wichita Lineman,Glen Campbell,https://image-cdn-ak.spotifycdn.com/image/ab67616d00001e02b367fb90309a051f8aaacc9a
Nights In White Satin,The Moody Blues,https://image-cdn-ak.spotifycdn.com/image/ab67616d00001e02ec351e05f8bcf97e7999ac64
I Want To Break Free,Queen,https://image-cdn-ak.spotifycdn.com/image/ab67616d00001e024aab69127abbdced0dec07e0
Don't Worry Baby,The Beach Boys,https://image-cdn-fa.spotifycdn.com/image/ab67616d00001e02e9303d395184aab6ad4f0ea1
Brandy (You're A Fine Girl),Looking Glass,https://image-cdn-fa.spotifycdn.com/image/ab67616d00001e027d12d6d8dcffd1594123b3bd
Baby Love,The Supremes,https://image-cdn-fa.spotifycdn.com/image/ab67616d00001e02a6ed1f91084943664654d5b2
Only The Good Die Young,Billy Joel,https://image-cdn-fa.spotifycdn.com/image/ab67616d00001e026ce61113662ecf693b605ee5
You'll Never Find Another Love Like Mine,Lou Rawls,https://image-cdn-ak.spotifycdn.com/image/ab67616d00001e02994c7fa375ca7606a6538cfd
The Rubberband Man,The Spinners,https://image-cdn-ak.spotifycdn.com/image/ab67616d00001e0271babe239c18fc21b5e2f0f5
White Flag,Dido,https://image-cdn-ak.spotifycdn.com/image/ab67616d00001e0230e165a27ff94cce9e91b7f2
Keep Ya Head Up,2Pac,https://image-cdn-fa.spotifycdn.com/image/ab67616d00001e029f4932c81421643cd111a652
What A Fool Believes,The Doobie Brothers,https://image-cdn-ak.spotifycdn.com/image/ab67616d00001e02ba6340ac3b1653b6ea0e5da5
Mad,Ne-Yo,https://image-cdn-ak.spotifycdn.com/image/ab67616d00001e025694163d7c4ab48251e9b57c
Your Love Is My Drug,Ke$ha,https://image-cdn-ak.spotifycdn.com/image/ab67616d00001e0297c7b770b28ffeed164f4d0e
Break My Stride,Matthew Wilder,https://image-cdn-fa.spotifycdn.com/image/ab67616d00001e029824c6e084b02d24b2e22e94
The Boys Of Summer,Don Henley,https://image-cdn-fa.spotifycdn.com/image/ab67616d00001e0238a8040723d47a318341e87c
Where'd You Go,Fort Minor Featuring Holly Brook,https://image-cdn-fa.spotifycdn.com/image/ab67616d00001e02c5454d7ff89392760678c491
Rose Garden,Lynn Anderson,https://image-cdn-ak.spotifycdn.com/image/ab67616d00001e02c88a398a82acc86bb938ebda
Shawty,Plies Featuring T-Pain,https://image-cdn-fa.spotifycdn.com/image/ab67616d00001e022d9f3326c45a2733eea2164f
They Don't Care About Us,Michael Jackson,https://image-cdn-fa.spotifycdn.com/image/ab67616d00001e028d4d568860551583ac652d37
Shortie Like Mine,Bow Wow Featuring Chris Brown & Johnta Austin,https://image-cdn-fa.spotifycdn.com/image/ab67616d00001e021a16a162f671e39c206dd3ef
The Logical Song,Supertramp,https://image-cdn-ak.spotifycdn.com/image/ab67616d00001e02a924b911ffbb6aab25c48a8a
C'mon N' Ride It (The Train),Quad City DJ's,https://image-cdn-fa.spotifycdn.com/image/ab67616d00001e021f01cd016c3c1bc834778fa7
Hero,Enrique Iglesias,https://image-cdn-fa.spotifycdn.com/image/ab67616d00001e0236a32dd014e65113fac5d6bd
Black Water,The Doobie Brothers,https://image-cdn-fa.spotifycdn.com/image/ab67616d00001e02f8fc7e7d8ed70a0b6d85f35f
Mine,Taylor Swift,https://image-cdn-fa.spotifycdn.com/image/ab67616d00001e02e1bc852a04501952c765d5cd
Please Mr. Postman,Carpenters,https://image-cdn-ak.spotifycdn.com/image/ab67616d00001e0230e5af0ab55dbfa49af947a2
Abracadabra,Lady Gaga,https://image-cdn-ak.spotifycdn.com/image/ab67616d00001e02b0860cf0a98e09663c82290c
Annie's Song,John Denver,https://image-cdn-fa.spotifycdn.com/image/ab67616d00001e023c16761584c4015495bdda87
Unbelievable,EMF,https://image-cdn-fa.spotifycdn.com/image/ab67616d00001e021cfc7506e5aa43fc22fca3f2
The Freshmen,The Verve Pipe,https://image-cdn-fa.spotifycdn.com/image/ab67616d00001e023744b2ac418a362d4dc816b3
Something Like That,Tim McGraw,https://image-cdn-fa.spotifycdn.com/image/ab67616d00001e02674c7a81aa925a9d6071f60c
Knock On Wood,Amii Stewart,https://image-cdn-fa.spotifycdn.com/image/ab67616d00001e024bafc1623dd0db4c9de622da
Lay Down Sally,Eric Clapton,https://image-cdn-ak.spotifycdn.com/image/ab67616d00001e021533db576b16a1d821fc4bd3
Wait For You,Elliott Yamin,https://image-cdn-ak.spotifycdn.com/image/ab67616d00001e0275ad2d94db9a89eff40cbe4f
Bleed It Out,Linkin Park,https://image-cdn-fa.spotifycdn.com/image/ab67616d00001e028145b51d1cdca483aff64358
Feliz Navidad,Jose Feliciano,https://image-cdn-fa.spotifycdn.com/image/ab67616d00001e02ddf52275ffabcc1151c65cae
In My Mind,Dynoro,https://image-cdn-ak.spotifycdn.com/image/ab67616d00001e02c1d25017774b9744920fad83
Build Me Up Buttercup,The Foundations,https://image-cdn-ak.spotifycdn.com/image/ab67616d00001e02663fe218f7d98306c533af10
Smooth Operator,Sade,https://image-cdn-ak.spotifycdn.com/image/ab67616d00001e025e25e034e25258b356774c79
You Sexy Thing,Hot Chocolate,https://image-cdn-ak.spotifycdn.com/image/ab67616d00001e0254fd442096deb4407b4d1516
If I Ever Fall In Love,Shai,https://image-cdn-fa.spotifycdn.com/image/ab67616d00001e02b7bc7394a6a5995a887330ef
Helena (So Long & Goodnight),My Chemical Romance,https://image-cdn-ak.spotifycdn.com/image/ab67616d00001e02cab7ae4868e9f9ce6bdfdf43
Sexy Love,Ne-Yo,https://image-cdn-fa.spotifycdn.com/image/ab67616d00001e0204b67fb83d6cb42795cf6a9e
Chained To The Rhythm,Katy Perry Featuring Skip Marley,https://image-cdn-fa.spotifycdn.com/image/ab67616d00001e02a8b9a7539b3e80c1abdb1058
Killing Me Softly With His Song,Roberta Flack,https://image-cdn-fa.spotifycdn.com/image/ab67616d00001e02bc161bb58763f72fc71a3a01
Angie,The Rolling Stones,https://image-cdn-ak.spotifycdn.com/image/ab67616d00001e0261b669f15b10e729dd423ca8
LaLa,Myke Towers,https://image-cdn-fa.spotifycdn.com/image/ab67616d00001e02d646ace05ec913ac690a00c3
Right Back Where We Started From,Maxine Nightingale,https://image-cdn-fa.spotifycdn.com/image/ab67616d00001e02cfa6a3679b1471b340e15c4c
Sometimes When We Touch,Dan Hill,https://image-cdn-ak.spotifycdn.com/image/ab67616d00001e0203415aaaada0c9c28cda20ee
Like That,"""Future, Metro Boomin & Kendrick Lamar""",https://image-cdn-fa.spotifycdn.com/image/ab67616d00001e02cec3fc072352b5f4f637d9fa
Bridge Over Troubled Water,Simon & Garfunkel,https://image-cdn-fa.spotifycdn.com/image/ab67616d00001e028453b853c2cc9c077828eefb
Upside Down,Diana Ross,https://image-cdn-ak.spotifycdn.com/image/ab67616d00001e023e58082f362590e07334fbbd
My Love Mine All Mine,Mitski,https://image-cdn-fa.spotifycdn.com/image/ab67616d00001e0234f21d3047d85440dfa37f10
It's Your Thing,The Isley Brothers,https://image-cdn-fa.spotifycdn.com/image/ab67616d00001e02dbaa9bf27b9f7db47f5235a8
Exchange,Bryson Tiller,https://image-cdn-fa.spotifycdn.com/image/ab67616d00001e028fbf8ef444a2b0acc6ee2faf
You're The Inspiration,Chicago,https://image-cdn-fa.spotifycdn.com/image/ab67616d00001e02192f3a588427f2cbf8365506
Happier,Olivia Rodrigo,https://image-cdn-ak.spotifycdn.com/image/ab67616d00001e02a91c10fe9472d9bd89802e5a
Good Luck Charm,Elvis Presley With The Jordanaires,https://image-cdn-fa.spotifycdn.com/image/ab67616d00001e02a26c4b4be6ac72727eb33a45
Somebody To Love,Jefferson Airplane,https://image-cdn-fa.spotifycdn.com/image/ab67616d00001e026a74089537c2dbd548c4a95e
I Love A Rainy Night,Eddie Rabbitt,https://image-cdn-fa.spotifycdn.com/image/ab67616d00001e0260dcdb684d00b3332fd98bbd
2U,David Guetta Featuring Justin Bieber,https://image-cdn-fa.spotifycdn.com/image/ab67616d00001e0278970ae7a1d564a7ba00fe39
All By Myself,Eric Carmen,https://image-cdn-fa.spotifycdn.com/image/ab67616d00001e029ada12167b62ba71788df622
Houdini,Eminem,https://image-cdn-ak.spotifycdn.com/image/ab67616d00001e021633c43b5695735f7de36487
You Should Be Sad,Halsey,https://image-cdn-ak.spotifycdn.com/image/ab67616d00001e02309b0cb81728d42a6dfb2b81
I'm So Excited,The Pointer Sisters,https://image-cdn-fa.spotifycdn.com/image/ab67616d00001e024650ca0a8f88129d4667acc5
Summer Love,Justin Timberlake,https://image-cdn-fa.spotifycdn.com/image/ab67616d00001e02c6ba98fd3f3b396a6c6f7091
La Diabla,Xavi,https://image-cdn-ak.spotifycdn.com/image/ab67616d00001e021501c770de50a22b25d67611
Born To Run,Bruce Springsteen,https://image-cdn-fa.spotifycdn.com/image/ab67616d00001e028c5b6f7dcdc5817dc5050b2a
Falling Down,Lil Peep & XXXTENTACION,https://image-cdn-fa.spotifycdn.com/image/ab67616d00001e0255e36b0dc5b0ef008fc85319
Gasolina,Daddy Yankee,https://image-cdn-fa.spotifycdn.com/image/ab67616d00001e0211b9999b620ef9bc0e957623
Let It Snow! Let It Snow! Let It Snow!,Dean Martin,https://image-cdn-ak.spotifycdn.com/image/ab67616d00001e026d88028a85c771f37374c8ea
Just Another Day,Jon Secada,https://image-cdn-fa.spotifycdn.com/image/ab67616d00001e02b4b02d890230139604057523
Good Times,Chic,https://image-cdn-fa.spotifycdn.com/image/ab67616d00001e02dbb735f620859d5be2073920
Babe,Styx,https://image-cdn-ak.spotifycdn.com/image/ab67616d00001e025375070081edf3a7b188f0c7
All The Man That I Need,Whitney Houston,https://image-cdn-ak.spotifycdn.com/image/ab67616d00001e0280148b7ab75ef59d481b3576
50 Ways To Leave Your Lover,Paul Simon,https://image-cdn-fa.spotifycdn.com/image/ab67616d00001e02f081c7a1a21fb8f983a9d3cb
Dirt Off Your Shoulder,Jay-Z,https://image-cdn-ak.spotifycdn.com/image/ab67616d00001e02c528802c308a1e0e4d9945dd
I'll Take You There,The Staple Singers,https://image-cdn-fa.spotifycdn.com/image/ab67616d00001e0239c931d088d0642629dd54a5
Ain't It Fun,Paramore,https://image-cdn-fa.spotifycdn.com/image/ab67616d00001e02fa94e7d8d2480cc906ba4441
Speechless,Dan + Shay,https://image-cdn-ak.spotifycdn.com/image/ab67616d00001e0205e4408393e1c81a8ab1bf26
Crying In The Chapel,Elvis Presley With The Jordanaires,https://image-cdn-ak.spotifycdn.com/image/ab67616d00001e02126ee81851d45ad87202ca39
When You're Gone,Avril Lavigne,https://image-cdn-ak.spotifycdn.com/image/ab67616d00001e02476cdf5837ae39eee951cc15
Get Up,Ciara Featuring Chamillionaire,https://image-cdn-fa.spotifycdn.com/image/ab67616d00001e02a266462096a3d2a5b8337b35
Fix You,Coldplay,https://image-cdn-fa.spotifycdn.com/image/ab67616d00001e024e0362c225863f6ae2432651
Rhythm Is A Dancer,Snap!,https://image-cdn-ak.spotifycdn.com/image/ab67616d00001e024c894b7dd6b2939c8c547d3d
The Tide Is High,Blondie,https://image-cdn-fa.spotifycdn.com/image/ab67616d00001e022c240cf9bee7ac86cc272c92
It's Five O'Clock Somewhere,Alan Jackson & Jimmy Buffett,https://image-cdn-fa.spotifycdn.com/image/ab67616d00001e024dba85eab31b275e997a12d4
Meet Me At Our Spot,THE ANXIETY: WILLOW & Tyler Cole,https://image-cdn-fa.spotifycdn.com/image/ab67616d00001e022f7aca94ae63cf18d01e9f25
Perfect,One Direction,https://image-cdn-fa.spotifycdn.com/image/ab67616d00001e024a075ca70ae4143a37eb4fbe
La Bebe,Yng Lvcas x Peso Pluma,https://image-cdn-fa.spotifycdn.com/image/ab67616d00001e02ca5819be231847ef7744f841
Good News,Shaboozey,https://image-cdn-ak.spotifycdn.com/image/ab67616d00001e022f5de32853d6c64cb1d8c22b
2002,Anne-Marie,https://image-cdn-fa.spotifycdn.com/image/ab67616d00001e02d04b0657298bd6401896de5e
Write This Down,George Strait,https://image-cdn-ak.spotifycdn.com/image/ab67616d00001e0209b72b61970ed83b5d304e89
I Can Love You Like That,All-4-One,https://image-cdn-fa.spotifycdn.com/image/ab67616d00001e02efe9c020aa222f0b71c886d6
"For You I Will (From ""Space Jam"")",Monica,https://image-cdn-fa.spotifycdn.com/image/ab67616d00001e02906517a520b13959f9b8832a
We Can Work It Out,The Beatles,https://image-cdn-ak.spotifycdn.com/image/ab67616d00001e025ef4660298ae29ee18799fc2
Stop! In The Name Of Love,The Supremes,https://image-cdn-fa.spotifycdn.com/image/ab67616d00001e0280dfad41724e7375115b5c08
Summer Of '69,Bryan Adams,https://image-cdn-fa.spotifycdn.com/image/ab67616d00001e02578899f03bd912e82ad531e7
Danza Kuduro,Don Omar & Lucenzo,https://image-cdn-fa.spotifycdn.com/image/ab67616d00001e02d4c273fe23a0950d7ac9fce2
Springsteen,Eric Church,https://image-cdn-fa.spotifycdn.com/image/ab67616d00001e02852b036b24050ad27b4afa33
Ruby Tuesday,The Rolling Stones,https://image-cdn-fa.spotifycdn.com/image/ab67616d00001e028260863a56134f1516913d7f
Mandy,Barry Manilow,https://image-cdn-fa.spotifycdn.com/image/ab67616d00001e028d45df295851f8e7a8ebdf56
Feel Like Makin' Love,Roberta Flack,https://image-cdn-fa.spotifycdn.com/image/ab67616d00001e026956e56a4b85a1e902d22f43
When Will I See You Again,The Three Degrees,https://image-cdn-fa.spotifycdn.com/image/ab67616d00001e028f2a0ed2e991f7c16ac8cd41
Wonderful World,Sam Cooke,https://image-cdn-fa.spotifycdn.com/image/ab67616d00001e028ae06030ae3a8dd0d3cc25ae
BOP,DaBaby,https://image-cdn-fa.spotifycdn.com/image/ab67616d00001e02f2b94b2fda4f08836d6371ba
Naughty Girl,Beyonce,https://image-cdn-ak.spotifycdn.com/image/ab67616d00001e02a9fd4a0405945cd51e8de130
Lady,Kenny Rogers,https://image-cdn-fa.spotifycdn.com/image/ab67616d00001e023a1ea916a8e734e0b1057486
No Brainer,"""DJ Khaled Featuring Justin Bieber, Chance the Rapper & Quavo""",https://image-cdn-ak.spotifycdn.com/image/ab67616d00001e02675b26746823f1049dc39342
Caribbean Queen (No More Love On The Run),Billy Ocean,https://image-cdn-ak.spotifycdn.com/image/ab67616d00001e0299ee23dac7128cb5754f593c
I Just Called To Say I Love You,Stevie Wonder,https://image-cdn-fa.spotifycdn.com/image/ab67616d00001e02f97219e49a23bfdd4de7eed1
Don't Take It Personal (Just One Of Dem Days),Monica,https://image-cdn-fa.spotifycdn.com/image/ab67616d00001e024bd2aba4ed75e367a3fa9706
Big Pimpin',Jay-Z Featuring UGK,https://image-cdn-ak.spotifycdn.com/image/ab67616d00001e02391385a114ab8ba962c59a36
You've Got A Friend,James Taylor,https://image-cdn-fa.spotifycdn.com/image/ab67616d00001e0269d28156f24f78c5c5d9a1af
Baker Street,Gerry Rafferty,https://image-cdn-fa.spotifycdn.com/image/ab67616d00001e0231b610609f2623823d3bdbf1
Love,Keyshia Cole,https://image-cdn-fa.spotifycdn.com/image/ab67616d00001e0294840b8534b68dc36020e685
Drift Away,Dobie Gray,https://image-cdn-fa.spotifycdn.com/image/ab67616d00001e0209742e3446a646bf23eeb21e
Mickey,Toni Basil,https://image-cdn-fa.spotifycdn.com/image/ab67616d00001e024ed811465a94f3cd506fb7ea
Se Preparó,Ozuna,https://image-cdn-fa.spotifycdn.com/image/ab67616d00001e02b0a875d7f1bfe4ec4aaffa48
How Much I Feel,Ambrosia,https://image-cdn-fa.spotifycdn.com/image/ab67616d00001e0225e144abecb6f12ee4dca756
It's My Life,No Doubt,https://image-cdn-fa.spotifycdn.com/image/ab67616d00001e0280b2e67cf5fcd534a0b8a8b3
Flashdance...What A Feeling,Irene Cara,https://image-cdn-fa.spotifycdn.com/image/ab67616d00001e022ff76b4da68f018b4735ee59
(When You Gonna) Give It Up To Me,Sean Paul Feat. Keyshia Cole,https://image-cdn-fa.spotifycdn.com/image/ab67616d00001e0229a11127a1ccc876fe6ded9e
Little Lies,Fleetwood Mac,https://image-cdn-fa.spotifycdn.com/image/ab67616d00001e02aaba065944cd82a6f15c86b6
Lighters,Bad Meets Evil Featuring Bruno Mars,https://image-cdn-ak.spotifycdn.com/image/ab67616d00001e0259a1132f3cab22f80b2d2777
Knockin' On Heaven's Door,Bob Dylan,https://image-cdn-fa.spotifycdn.com/image/ab67616d00001e026c86683d20c72e3874c11c6d
"""Hello, I Love You""",The Doors,https://image-cdn-fa.spotifycdn.com/image/ab67616d00001e026cfec8f547938915052fe510
Family Affair,Sly & The Family Stone,https://image-cdn-ak.spotifycdn.com/image/ab67616d00001e02096a7fc9668305db9d3175fc
Tell Me,Groove Theory,https://image-cdn-fa.spotifycdn.com/image/ab67616d00001e028392098a96a694c07b78333e
Centerfold,The J. Geils Band,https://image-cdn-ak.spotifycdn.com/image/ab67616d00001e0238b2429ef948e6ca8d3ab599
Time In A Bottle,Jim Croce,https://image-cdn-fa.spotifycdn.com/image/ab67616d00001e025b7a6cabbcb9fe150966563c
Can't Tell Me Nothing,Kanye West,https://image-cdn-fa.spotifycdn.com/image/ab67616d00001e0226f7f19c7f0381e56156c94a
Superhero (Heroes & Villains),"""Metro Boomin, Future & Chris Brown""",https://image-cdn-fa.spotifycdn.com/image/ab67616d00001e02c4fee55d7b51479627c31f89
Stumblin' In,Suzi Quatro & Chris Norman,https://image-cdn-fa.spotifycdn.com/image/ab67616d00001e022030f2acc06a7f49ca5d49bc
Todo de Ti,Rauw Alejandro,https://image-cdn-ak.spotifycdn.com/image/ab67616d00001e02f793c0c53727d8c5c950f809
Crush,Jennifer Paige,https://image-cdn-ak.spotifycdn.com/image/ab67616d00001e0205b4604eeac9ef036ca18a6e
Be My Lover,La Bouche,https://image-cdn-ak.spotifycdn.com/image/ab67616d00001e02d5d55c3e0f45d6b9da1812d1
Candy Rain,Soul For Real,https://image-cdn-fa.spotifycdn.com/image/ab67616d00001e0295838aa2462ce2b9933e2087
Levels,Avicii,https://image-cdn-ak.spotifycdn.com/image/ab67616d00001e02ffb343926530168be4724dd4
Butterfly Effect,Travis Scott,https://image-cdn-fa.spotifycdn.com/image/ab67616d00001e02daec894c14c0ca42d76eeb32
Lean Back,Terror Squad,https://image-cdn-fa.spotifycdn.com/image/ab67616d00001e022e49046fecfba5be6bc7b92a
I'll Never Love This Way Again,Dionne Warwick,https://image-cdn-fa.spotifycdn.com/image/ab67616d00001e026f8ae6d9ef1237baecfd85ff
I Hate U,SZA,https://image-cdn-fa.spotifycdn.com/image/ab67616d00001e02bc18bdade69ec5ef0bb25b17
Save Me,Jelly Roll With Lainey Wilson,https://image-cdn-fa.spotifycdn.com/image/ab67616d00001e0207744e2ed983efa3e6620a47
You Know You Like It,DJ Snake & AlunaGeorge,https://image-cdn-ak.spotifycdn.com/image/ab67616d00001e02567a71695181017949f14f99
Show Me Love,Robin S.,https://image-cdn-fa.spotifycdn.com/image/ab67616d00001e02f454aa96e81265bc61b8d4ed
Sex On Fire,Kings of Leon,https://image-cdn-fa.spotifycdn.com/image/ab67616d00001e0279b30684a8e0dd83917c7cc5
Don't Take The Girl,Tim McGraw,https://image-cdn-fa.spotifycdn.com/image/ab67616d00001e0280abb42139a2464c7783ef2e
Free Fallin',Tom Petty,https://image-cdn-fa.spotifycdn.com/image/ab67616d00001e0236572e6726714544f5bed456
Don't Wake Me Up,Chris Brown,https://image-cdn-ak.spotifycdn.com/image/ab67616d00001e02781583ade2f00c2966a35965
On My Mind,Ellie Goulding,https://image-cdn-fa.spotifycdn.com/image/ab67616d00001e02d561c02b977e44b1404db4c6
I'm Gonna Make You Love Me,Diana Ross And The Supremes & The Temptations,https://image-cdn-fa.spotifycdn.com/image/ab67616d00001e023c35d5ff66f0ed3254f52b90
I Love It,Kanye West & Lil Pump,https://image-cdn-fa.spotifycdn.com/image/ab67616d00001e02a89a23025e950aa2aeaa4a22
6 Foot 7 Foot,Lil Wayne Featuring Cory Gunz,https://image-cdn-ak.spotifycdn.com/image/ab67616d00001e02e80b258c7e0b318202870953
Hello,Lionel Richie,https://image-cdn-fa.spotifycdn.com/image/ab67616d00001e027ebe4ccb79ca0dc76356b9bb
H.O.L.Y.,Florida Georgia Line,https://image-cdn-fa.spotifycdn.com/image/ab67616d00001e02e6f407c7f3a0ec98845e4431
Party Up (Up In Here),DMX,https://image-cdn-fa.spotifycdn.com/image/ab67616d00001e02581d9fcb8a2e6d600d59b819
Physical,Olivia Newton-John,https://image-cdn-ak.spotifycdn.com/image/ab67616d00001e023b741185c5115ef4454f99bf
Free Bird,Lynyrd Skynyrd,https://image-cdn-fa.spotifycdn.com/image/ab67616d00001e02128450651c9f0442780d8eb8
Lay Me Down,Sam Smith,https://image-cdn-fa.spotifycdn.com/image/ab67616d00001e02fe5d69bf1aa9f9d88837cbb6
Look Back At It,A Boogie wit da Hoodie,https://image-cdn-ak.spotifycdn.com/image/ab67616d00001e02a5c7151899ae5da4f4382d54
Go Your Own Way,Fleetwood Mac,https://image-cdn-fa.spotifycdn.com/image/ab67616d00001e02813da91820fd194cbee5bdce
Go All The Way,Raspberries,https://image-cdn-fa.spotifycdn.com/image/ab67616d00001e021d99f5402883ad273f45ebf8
TV Off,Kendrick Lamar Featuring Lefty Gunplay,https://image-cdn-ak.spotifycdn.com/image/ab67616d00001e027e5e269471fe4a43a42e2f15
It's A Heartache,Bonnie Tyler,https://image-cdn-fa.spotifycdn.com/image/ab67616d00001e02763dd7f3e5d04ce41c5897a1
Scream,Usher,https://image-cdn-fa.spotifycdn.com/image/ab67616d00001e0298109dd76ee302735ba256d4
"Baby I Love Your Way (From ""Reality Bites"")",Big Mountain,https://image-cdn-fa.spotifycdn.com/image/ab67616d00001e0252315b331cb38d883c063ae6
When You Believe,Whitney Houston & Mariah Carey,https://image-cdn-fa.spotifycdn.com/image/ab67616d00001e0284b84d08fdbaebb99098890c
The Air That I Breathe,The Hollies,https://image-cdn-fa.spotifycdn.com/image/ab67616d00001e02a1a6624920aef54c91d83100
When You're In Love With A Beautiful Woman,Dr. Hook,https://image-cdn-fa.spotifycdn.com/image/ab67616d00001e0262ee3a243ec7e3606d521a80
Blue (Da Ba Dee),Eiffel 65,https://image-cdn-fa.spotifycdn.com/image/ab67616d00001e0263d5a6f7b79c5b7d75d2ace9
What A Man Gotta Do,Jonas Brothers,https://image-cdn-ak.spotifycdn.com/image/ab67616d00001e027a73cc006248544e1a9882ea
Chain Of Fools,Aretha Franklin,https://image-cdn-fa.spotifycdn.com/image/ab67616d00001e02eac6b999cde838c810943737
Return To Innocence,Enigma,https://image-cdn-fa.spotifycdn.com/image/ab67616d00001e026d7e526534a3561be5e94a85
Versace On The Floor,Bruno Mars,https://image-cdn-ak.spotifycdn.com/image/ab67616d00001e02232711f7d66a1e19e89e28c5
Be Like That,Kane Brown With Swae Lee & Khalid,https://image-cdn-fa.spotifycdn.com/image/ab67616d00001e02394ffad431a4ec1dc5418dce
We Are Family,Sister Sledge,https://image-cdn-fa.spotifycdn.com/image/ab67616d00001e023bf5ea3a790675d745115e93
Shut Up And Drive,Rihanna,https://image-cdn-ak.spotifycdn.com/image/ab67616d00001e02f9f27162ab1ed45b8d7a7e98
Surrender,Elvis Presley With The Jordanaires,https://image-cdn-fa.spotifycdn.com/image/ab67616d00001e02a26c4b4be6ac72727eb33a45
Lil Boo Thang,Paul Russell,https://image-cdn-fa.spotifycdn.com/image/ab67616d00001e0252c9bb0bd6c3f839d7c57519
Stereo Love,Edward Maya & Vika Jigulina,https://image-cdn-ak.spotifycdn.com/image/ab67616d00001e02b12c3bbec1fa848e0affdde9
Sugar,Robin Schulz Featuring Francesco Yates,https://image-cdn-ak.spotifycdn.com/image/ab67616d00001e0270dd2ebd8a41b3cab44f0c7b
What's Your Fantasy,Ludacris Featuring Shawnna,https://image-cdn-fa.spotifycdn.com/image/ab67616d00001e0224858c881eb141ea70f5b48d
X,Nicky Jam x J Balvin,https://image-cdn-fa.spotifycdn.com/image/ab67616d00001e02072a21c666bf2f7b3fababef
Survivor,Destiny's Child,https://image-cdn-ak.spotifycdn.com/image/ab67616d00001e0269c31a0f21885826fa6813f0
Stir Fry,Migos,https://image-cdn-fa.spotifycdn.com/image/ab67616d00001e029c188c494d8bfaf895411890
I Feel Love,Donna Summer,https://image-cdn-fa.spotifycdn.com/image/ab67616d00001e024863c8620f7c3fa135068768
Let It Go,Keyshia Cole Featuring Missy Elliott & Lil Kim,https://image-cdn-fa.spotifycdn.com/image/ab67616d00001e02911ef35f75422d0482cec8bf
Can't Fight The Moonlight,LeAnn Rimes,https://image-cdn-ak.spotifycdn.com/image/ab67616d00001e029cf85b6196c53ca41416cda4
If,Janet Jackson,https://image-cdn-ak.spotifycdn.com/image/ab67616d00001e02e63518d50aff63f57d2b8ead
Magic,Pilot,https://image-cdn-fa.spotifycdn.com/image/ab67616d00001e02899723466c43d2fe91244f52
La Curiosidad,Jay Wheeler,https://image-cdn-fa.spotifycdn.com/image/ab67616d00001e02509c45194c1ef6c1cb509e5d
She's A Lady,Tom Jones,https://image-cdn-fa.spotifycdn.com/image/ab67616d00001e026168a09c3fdc2e00d00689bd
What Goes Around...Comes Around,Justin Timberlake,https://image-cdn-fa.spotifycdn.com/image/ab67616d00001e02c6ba98fd3f3b396a6c6f7091
Gimme That,Chris Brown Featuring Lil Wayne,https://image-cdn-fa.spotifycdn.com/image/ab67616d00001e02f9685817281327d5fecb244e
Walk Like An Egyptian,The Bangles,https://image-cdn-ak.spotifycdn.com/image/ab67616d00001e02a0fb06737987cb6770382f92
On My Own,Patti LaBelle & Michael McDonald,https://image-cdn-fa.spotifycdn.com/image/ab67616d00001e025fbefc776196a8d8419f13de
The Bones,Maren Morris,https://image-cdn-fa.spotifycdn.com/image/ab67616d00001e0294ddce95f0424bbf2c4aae11
Arthur's Theme (Best That You Can Do),Christopher Cross,https://image-cdn-fa.spotifycdn.com/image/ab67616d00001e02b00a6721828724ce38a1e7a3
Time Of The Season,The Zombies,https://image-cdn-fa.spotifycdn.com/image/ab67616d00001e021745b63f9866f75c76626a40
Summer In The City,The Lovin' Spoonful,https://image-cdn-fa.spotifycdn.com/image/ab67616d00001e02633c04118b43d201581e3328
Favorite Crime,Olivia Rodrigo,https://image-cdn-fa.spotifycdn.com/image/ab67616d00001e02a91c10fe9472d9bd89802e5a
The Business,Tiesto,https://image-cdn-ak.spotifycdn.com/image/ab67616d00001e02b47fe51d7b639a08c342ca6c
Calma,Pedro Capo X Farruko,https://image-cdn-fa.spotifycdn.com/image/ab67616d00001e022cb06480e685590049707d15
Oui,Jeremih,https://image-cdn-fa.spotifycdn.com/image/ab67616d00001e02262c8e955ad5c60b1d0abf53
Bless The Broken Road,Rascal Flatts,https://image-cdn-fa.spotifycdn.com/image/ab67616d00001e0278e00fca15a09df6808fd735
Just A Friend,Biz Markie,https://image-cdn-fa.spotifycdn.com/image/ab67616d00001e021960be23ca49f8e0639000ca
Love Train,The O'Jays,https://image-cdn-ak.spotifycdn.com/image/ab67616d00001e027bc09ea8d6c7db1993dfb77d
You Don't Bring Me Flowers,Barbra Streisand & Neil Diamond,https://image-cdn-fa.spotifycdn.com/image/ab67616d00001e02d8c5d4a8af240a4e5ed16039
Sing,Ed Sheeran,https://image-cdn-fa.spotifycdn.com/image/ab67616d00001e02407981084d79d283e24d428e
I'm Like A Bird,Nelly Furtado,https://image-cdn-fa.spotifycdn.com/image/ab67616d00001e02709087714422d592d6591f41
Teenagers,My Chemical Romance,https://image-cdn-fa.spotifycdn.com/image/ab67616d00001e02663b6ce496144fa5c3670ac0
Daylight,Maroon 5,https://image-cdn-fa.spotifycdn.com/image/ab67616d00001e02fc8633e22a7dba6aab817bff
Can't Smile Without You,Barry Manilow,https://image-cdn-fa.spotifycdn.com/image/ab67616d00001e02419d720d1c3b36cfc6eba201
Hello Goodbye,The Beatles,https://image-cdn-fa.spotifycdn.com/image/ab67616d00001e02692d9189b2bd75525893f0c1
All You Need Is Love,The Beatles,https://image-cdn-fa.spotifycdn.com/image/ab67616d00001e02692d9189b2bd75525893f0c1
Don't Speak,No Doubt,https://image-cdn-fa.spotifycdn.com/image/ab67616d00001e026ebd5e789646a833b8f7d4ba
Rehab,Rihanna,https://image-cdn-fa.spotifycdn.com/image/ab67616d00001e02f9f27162ab1ed45b8d7a7e98
I Feel Fine,The Beatles,https://image-cdn-fa.spotifycdn.com/image/ab67616d00001e025ef4660298ae29ee18799fc2
Rock And Roll All Nite,Kiss,https://image-cdn-fa.spotifycdn.com/image/ab67616d00001e0283c7a3d87674e9b7ecaaa1f5
Heather,Conan Gray,https://image-cdn-ak.spotifycdn.com/image/ab67616d00001e0225fb12689bbc453d22c322fc
2 Become 1,Spice Girls,https://image-cdn-fa.spotifycdn.com/image/ab67616d00001e0263facc42e4a35eb3aa182b59
My Ex's Best Friend,Machine Gun Kelly X Blackbear,https://image-cdn-fa.spotifycdn.com/image/ab67616d00001e02d4d4929a3a86fe2f9fadbd42
You Don't Know My Name,Alicia Keys,https://image-cdn-fa.spotifycdn.com/image/ab67616d00001e0256ff19308ebeb48e2ba6094b
Just When I Needed You Most,Randy VanWarmer,https://image-cdn-fa.spotifycdn.com/image/ab67616d00001e02e5d99818e382608a7fd5442e
Love Hurts,Nazareth,https://image-cdn-fa.spotifycdn.com/image/ab67616d00001e0285bc3b24dd834a6dfbb876da
Only Human,Jonas Brothers,https://image-cdn-fa.spotifycdn.com/image/ab67616d00001e02de1a3a5eaa0c75bb18e7b597
Coward Of The County,Kenny Rogers,https://image-cdn-ak.spotifycdn.com/image/ab67616d00001e023a1ea916a8e734e0b1057486
"""Boy's A Liar, Pt. 2""",PinkPantheress & Ice Spice,https://image-cdn-fa.spotifycdn.com/image/ab67616d00001e026a605c9d974d3461b1741948
You Can't Hurry Love,Phil Collins,https://image-cdn-fa.spotifycdn.com/image/ab67616d00001e02a92f267144250d6e7cb60945
What Was I Thinkin',Dierks Bentley,https://image-cdn-fa.spotifycdn.com/image/ab67616d00001e02e7c0434e9352f465a7223dd9
7/11,Beyonce,https://image-cdn-fa.spotifycdn.com/image/ab67616d00001e020d1d6e9325275f104f8e33f3
Mood Swings,Pop Smoke Featuring Lil Tjay,https://image-cdn-ak.spotifycdn.com/image/ab67616d00001e0238cefb245a6327ef91a712a3
Why Can't We Be Friends?,War,https://image-cdn-fa.spotifycdn.com/image/ab67616d00001e02a07cc88003498f7559787673
Toes,Zac Brown Band,https://image-cdn-fa.spotifycdn.com/image/ab67616d00001e02157d6d0762e17e7dc1ad5203
From A Distance,Bette Midler,https://image-cdn-fa.spotifycdn.com/image/ab67616d00001e027f6ec8782beefbc3eea88a82
Praying,Kesha,https://image-cdn-fa.spotifycdn.com/image/ab67616d00001e02ce0a6bbe1146b073c2b9fdb4
"""No, No, No""",Destiny's Child,https://image-cdn-fa.spotifycdn.com/image/ab67616d00001e02fc9694c77337d5b2a9e8ebe8
Ridin' Solo,Jason Derulo,https://image-cdn-ak.spotifycdn.com/image/ab67616d00001e02eb3092620e6816700d502bb8
Addicted To Love,Robert Palmer,https://image-cdn-fa.spotifycdn.com/image/ab67616d00001e02f3bc80c86bab200ea5ffe10b
If U Seek Amy,Britney Spears,https://image-cdn-fa.spotifycdn.com/image/ab67616d00001e021abb421ac1fbbe52c127015e
A Boy Named Sue,Johnny Cash,https://image-cdn-fa.spotifycdn.com/image/ab67616d00001e025693188cd64bf587c4ab938a
One Man Band,Old Dominion,https://image-cdn-fa.spotifycdn.com/image/ab67616d00001e029f6be517fa37d6d8d07139d5
Barracuda,Heart,https://image-cdn-fa.spotifycdn.com/image/ab67616d00001e0266e2e0df78c4ec35a8ed20a0
Beautiful Day,U2,https://image-cdn-fa.spotifycdn.com/image/ab67616d00001e02e3f4221446f724b575a9aafb
More Than I Can Say,Leo Sayer,https://image-cdn-fa.spotifycdn.com/image/ab67616d00001e02f69dba8334f318bc9ffbedc5
Cold As Ice,Foreigner,https://image-cdn-ak.spotifycdn.com/image/ab67616d00001e020ef24611a73e7be48f6c2802
Little Talks,Of Monsters and Men,https://image-cdn-ak.spotifycdn.com/image/ab67616d00001e02cb3f67e8026e2e493a1e8262
Jenny From The Block,Jennifer Lopez Featuring Styles & Jadakiss,https://image-cdn-ak.spotifycdn.com/image/ab67616d00001e02d5cf73c1679244d959651dff
I'd Love You To Want Me,Lobo,https://image-cdn-fa.spotifycdn.com/image/ab67616d00001e02bcfed2b555f5563dbd8b267b
The Humpty Dance,Digital Underground,https://image-cdn-ak.spotifycdn.com/image/ab67616d00001e021789ef99b7e8bf117bf186df
Haven't Met You Yet,Michael Buble,https://image-cdn-ak.spotifycdn.com/image/ab67616d00001e02ecf8d272ecbb4d59e1ec2929
How It's Done,"""HUNTR/X: EJAE, Audrey Nuna & REI AMI""",https://image-cdn-fa.spotifycdn.com/image/ab67616d00001e024dcb6c5df15cf74596ab25a4
I Cry,Flo Rida,https://image-cdn-fa.spotifycdn.com/image/ab67616d00001e0215785fa4f22f8c50902b3a42
One Of Us,Joan Osborne,https://image-cdn-ak.spotifycdn.com/image/ab67616d00001e0278cb3d2e25c2424c1eee3fe5
The Rose,Bette Midler,https://image-cdn-ak.spotifycdn.com/image/ab67616d00001e02fc40a25fc081378f7c436359
It Never Rains In Southern California,Albert Hammond,https://image-cdn-fa.spotifycdn.com/image/ab67616d00001e027a26b62978e61d5068164a63
Roses,OutKast,https://image-cdn-fa.spotifycdn.com/image/ab67616d00001e026e88eb6508fd94cd1b745ce2
Cherish,Kool & The Gang,https://image-cdn-fa.spotifycdn.com/image/ab67616d00001e02cddc25435cb94483d4b7bb45
I Shot The Sheriff,Eric Clapton,https://image-cdn-fa.spotifycdn.com/image/ab67616d00001e02b367abd1c70d41d6ee4b2a6e
Say You'll Be There,Spice Girls,https://image-cdn-ak.spotifycdn.com/image/ab67616d00001e0263facc42e4a35eb3aa182b59
Criminal,Fiona Apple,https://image-cdn-fa.spotifycdn.com/image/ab67616d00001e02b254ca0983d65ede8e3d2f7a
Robbery,Juice WRLD,https://image-cdn-fa.spotifycdn.com/image/ab67616d00001e028b27d35aa2c6dcf99895d664
Exile,Taylor Swift Featuring Bon Iver,https://image-cdn-ak.spotifycdn.com/image/ab67616d00001e0295f754318336a07e85ec59bc
Drive,The Cars,https://image-cdn-fa.spotifycdn.com/image/ab67616d00001e02473881855ae3ceadb949a625
Blame It On The Rain,Milli Vanilli,https://image-cdn-fa.spotifycdn.com/image/ab67616d00001e0227633a9334316bf2ce9d6bc2
Immigrant Song,Led Zeppelin,https://image-cdn-fa.spotifycdn.com/image/ab67616d00001e0290a50cfe99a4c19ff3cbfbdb
Last Kiss,Pearl Jam,https://image-cdn-fa.spotifycdn.com/image/ab67616d00001e02d7db5abcbc899f3994c66fc6
Runaway,Kanye West Featuring Pusha T,https://image-cdn-fa.spotifycdn.com/image/ab67616d00001e02d9194aa18fa4c9362b47464f
Ladies Night,Kool & The Gang,https://image-cdn-fa.spotifycdn.com/image/ab67616d00001e02cddc25435cb94483d4b7bb45
Shake You Down,Gregory Abbott,https://image-cdn-fa.spotifycdn.com/image/ab67616d00001e028d566831b931491cf96f3d3f
What The Hell,Avril Lavigne,https://image-cdn-fa.spotifycdn.com/image/ab67616d00001e0272c9f7a7c75eba39726106a6
"""You're The First, The Last, My Everything""",Barry White,https://image-cdn-fa.spotifycdn.com/image/ab67616d00001e0212231796f429257815baa94d
Don't Let The Sun Go Down On Me,Elton John,https://image-cdn-ak.spotifycdn.com/image/ab67616d00001e0268f5959744717483eed212b2
Fooled Around And Fell In Love,Elvin Bishop,https://image-cdn-ak.spotifycdn.com/image/ab67616d00001e02a54206560d96e227110290a1
Don't Know Much,Linda Ronstadt (Featuring Aaron Neville),https://image-cdn-ak.spotifycdn.com/image/ab67616d00001e02b4a5b99fbcdc9ae83a7a2126
Material Girl,Madonna,https://image-cdn-fa.spotifycdn.com/image/ab67616d00001e022821cb7742a06cf2bb6e79e6
Hypnotized,Plies Featuring Akon,https://image-cdn-fa.spotifycdn.com/image/ab67616d00001e022d9f3326c45a2733eea2164f
True,Spandau Ballet,https://image-cdn-ak.spotifycdn.com/image/ab67616d00001e02b82e04673372a3e30bc0c111
New Kid In Town,Eagles,https://image-cdn-fa.spotifycdn.com/image/ab67616d00001e02d666181ad183bf7efc7f4105
Real Love,Mary J. Blige,https://image-cdn-fa.spotifycdn.com/image/ab67616d00001e0221110eef2bacdfe409af6903
Standing Next To You,Jung Kook,https://image-cdn-fa.spotifycdn.com/image/ab67616d00001e02741fd4807f442af3f7359316
Eye In The Sky,The Alan Parsons Project,https://image-cdn-fa.spotifycdn.com/image/ab67616d00001e028c5a6302666a7f69a8ded468
Back & Forth,Aaliyah,https://image-cdn-fa.spotifycdn.com/image/ab67616d00001e0271aaf1ce904c974ed4efc0c8
One Less Lonely Girl,Justin Bieber,https://image-cdn-fa.spotifycdn.com/image/ab67616d00001e028a6872349f425c2d9e2d40a3
Sleigh Ride,The Ronettes,https://image-cdn-ak.spotifycdn.com/image/ab67616d00001e021f0d5a8ff630fd5944c3936d
22,Taylor Swift,https://image-cdn-fa.spotifycdn.com/image/ab67616d00001e021c248e90c3e569f90aef9dec
In The Summertime,Mungo Jerry,https://image-cdn-fa.spotifycdn.com/image/ab67616d00001e022c32773808a599d9aa5f5a54
If You Don't Know Me By Now,Simply Red,https://image-cdn-ak.spotifycdn.com/image/ab67616d00001e028f8dc242b396ddc31c01d36c
When I See You Smile,Bad English,https://image-cdn-fa.spotifycdn.com/image/ab67616d00001e02f10ec22ce0c3b2e571680e07
Rocky Mountain High,John Denver,https://image-cdn-fa.spotifycdn.com/image/ab67616d00001e02f334ccd898713faa1cfd7628
Symphony,Clean Bandit,https://image-cdn-fa.spotifycdn.com/image/ab67616d00001e025c66e925d8fe4c92ebfb49ed
Holly Holy,Neil Diamond,https://image-cdn-ak.spotifycdn.com/image/ab67616d00001e0222a51c7bac7972cdf650c68e
Strawberry Letter 23,The Brothers Johnson,https://image-cdn-ak.spotifycdn.com/image/ab67616d00001e02503ce073e351c0987d21eb61
Ride It.,Regard,https://image-cdn-fa.spotifycdn.com/image/ab67616d00001e025c27813ae019011fcb370c78
Personal Jesus,Depeche Mode,https://image-cdn-fa.spotifycdn.com/image/ab67616d00001e02234bbbad4dce31cd2950af3e
Do You Want To Know A Secret,The Beatles,https://image-cdn-fa.spotifycdn.com/image/ab67616d00001e02dbeec63ad914c973e75c24df
Listen To The Music,The Doobie Brothers,https://image-cdn-fa.spotifycdn.com/image/ab67616d00001e0291b51fa9b5967fb34c044498
Shape Of My Heart,Backstreet Boys,https://image-cdn-fa.spotifycdn.com/image/ab67616d00001e02cf871e6326e334bfa92cff20
Lost In Love,Air Supply,https://image-cdn-ak.spotifycdn.com/image/ab67616d00001e02ce152af8c51f3030bbd6435e
Yesterday Once More,Carpenters,https://image-cdn-fa.spotifycdn.com/image/ab67616d00001e02eafa3ccf2f56bfbb6f4f1ba5
Popular,"""The Weeknd, Playboi Carti & Madonna""",https://image-cdn-fa.spotifycdn.com/image/ab67616d00001e024c8f092adc59b4bf4212389d
Show Me,Kid Ink Featuring Chris Brown,https://image-cdn-ak.spotifycdn.com/image/ab67616d00001e02d6bacaf1a4182f1b09576eb2
Yeah 3X,Chris Brown,https://image-cdn-ak.spotifycdn.com/image/ab67616d00001e020a1d20ec09cab4bb17a36aab
Tonight Tonight,Hot Chelle Rae,https://image-cdn-fa.spotifycdn.com/image/ab67616d00001e021b1a06f2c3a81ef6c6b060d7
Beautiful Liar,Beyonce & Shakira,https://image-cdn-fa.spotifycdn.com/image/ab67616d00001e02f61dd5ef8754073b8a0a4aaf
"Take My Breath Away (Love Theme From ""Top Gun"")",Berlin,https://image-cdn-fa.spotifycdn.com/image/ab67616d00001e02b8f8d696810d68ce774e3a2f
Crazy For You,Madonna,https://image-cdn-fa.spotifycdn.com/image/ab67616d00001e02e275f1fbda1c7bc82f9c386b
People Are Crazy,Billy Currington,https://image-cdn-ak.spotifycdn.com/image/ab67616d00001e02640293c0bf222430b90bfe2d
One,U2,https://image-cdn-fa.spotifycdn.com/image/ab67616d00001e0237cd18af5725b9cad0a5ab53
White Horse,Chris Stapleton,https://image-cdn-ak.spotifycdn.com/image/ab67616d00001e027b25c072237f29ee50025fdc
I Know ?,Travis Scott,https://image-cdn-fa.spotifycdn.com/image/ab67616d00001e0204481c826dd292e5e4983b3f
Rhiannon (Will You Ever Win),Fleetwood Mac,https://image-cdn-fa.spotifycdn.com/image/ab67616d00001e02152f87dab60dcbd929169daa
After The Love Has Gone,"""Earth, Wind & Fire""",https://image-cdn-ak.spotifycdn.com/image/ab67616d00001e028b2238ebc2b233ba73b8c4ca
Eres Mía,Romeo Santos,https://image-cdn-fa.spotifycdn.com/image/ab67616d00001e02e0e4b48b060715c9aa7fca18
Pour Some Sugar On Me,Def Leppard,https://image-cdn-fa.spotifycdn.com/image/ab67616d00001e02222cb38afc3b3b47d9df26aa
Boyfriend,Dove Cameron,https://image-cdn-fa.spotifycdn.com/image/ab67616d00001e021eea03a7e965c5d33954b4d9
Still The One,Orleans,https://image-cdn-ak.spotifycdn.com/image/ab67616d00001e0243e597e14a18269a47430add
Dance With Me,Orleans,https://image-cdn-fa.spotifycdn.com/image/ab67616d00001e027e6acc29c6632ded821d2acf
In The Night,The Weeknd,https://image-cdn-fa.spotifycdn.com/image/ab67616d00001e027fcead687e99583072cc217b
Echame La Culpa,Luis Fonsi & Demi Lovato,https://image-cdn-fa.spotifycdn.com/image/ab67616d00001e022413b55cebef0c99396fd854
1985,Bowling For Soup,https://image-cdn-ak.spotifycdn.com/image/ab67616d00001e02317148944ac33678369cb8f2
I Feel For You,Chaka Khan,https://image-cdn-fa.spotifycdn.com/image/ab67616d00001e028be5f9356ee08a1f9e67ff87
As Good As I Once Was,Toby Keith,https://image-cdn-fa.spotifycdn.com/image/ab67616d00001e02608370238c487e505e961d15
Burnin' Up,Jonas Brothers,https://image-cdn-ak.spotifycdn.com/image/ab67616d00001e0271251546f767faa2542e82ce
Still The Same,Bob Seger & The Silver Bullet Band,https://image-cdn-ak.spotifycdn.com/image/ab67616d00001e02ef063cb80508c55eb443a671
Step By Step,New Kids on the Block,https://image-cdn-fa.spotifycdn.com/image/ab67616d00001e02fcabb3685e3ddab2bd0296d5
Eight Days A Week,The Beatles,https://image-cdn-fa.spotifycdn.com/image/ab67616d00001e0255612ece447bec5d62c68375
Every Little Thing She Does Is Magic,The Police,https://image-cdn-ak.spotifycdn.com/image/ab67616d00001e02737b9cdfe141fe82af579330
Back To Black,Amy Winehouse,https://image-cdn-fa.spotifycdn.com/image/ab67616d00001e02dc65d5638a3de4a0bdf3c05f
Every Rose Has Its Thorn,Poison,https://image-cdn-ak.spotifycdn.com/image/ab67616d00001e02b2667022348feb5f86bdf59f
This Is Me,Keala Settle & The Greatest Showman Ensemble,https://image-cdn-ak.spotifycdn.com/image/ab67616d00001e02128057b40732c042c86de1dd
Cecilia,Simon & Garfunkel,https://image-cdn-fa.spotifycdn.com/image/ab67616d00001e028453b853c2cc9c077828eefb
Redrum,21 Savage,https://image-cdn-fa.spotifycdn.com/image/ab67616d00001e021e146244cf70b7aab703c057
Have I Told You Lately,Rod Stewart,https://image-cdn-fa.spotifycdn.com/image/ab67616d00001e02cf5dca3c5d19ad90c0c61c6b
Tired Of Being Alone,Al Green,https://image-cdn-fa.spotifycdn.com/image/ab67616d00001e02fec6bb271749b854c35e5f5c
Hey Mr. D.J.,Zhane,https://image-cdn-fa.spotifycdn.com/image/ab67616d00001e023d05ce95259143aa4e7e33f0
Ayo,Chris Brown & Tyga,https://image-cdn-fa.spotifycdn.com/image/ab67616d00001e02aee727756d5fec0de96dc6d9
Let's Dance,David Bowie,https://image-cdn-fa.spotifycdn.com/image/ab67616d00001e02db0917ddd4139153bc1d1a1a
What It Sounds Like,"""HUNTR/X: EJAE, Audrey Nuna & REI AMI""",https://image-cdn-fa.spotifycdn.com/image/ab67616d00001e024dcb6c5df15cf74596ab25a4
Life Is A Highway,Tom Cochrane,https://image-cdn-fa.spotifycdn.com/image/ab67616d00001e02e0e79290082e9cee5ebdbaca
Guilty,Barbra Streisand & Barry Gibb,https://image-cdn-fa.spotifycdn.com/image/ab67616d00001e02af1bb86907b4457c4e83390f
Just A Kiss,Lady Antebellum,https://image-cdn-fa.spotifycdn.com/image/ab67616d00001e02e32c05c23344e590ec56a915
Penny Lane,The Beatles,https://image-cdn-fa.spotifycdn.com/image/ab67616d00001e02692d9189b2bd75525893f0c1
Ella Baila Sola,Eslabon Armado X Peso Pluma,https://image-cdn-fa.spotifycdn.com/image/ab67616d00001e02dfddf1cb31b85a6d28b7d91f
Somebody's Watching Me,Rockwell,https://image-cdn-ak.spotifycdn.com/image/ab67616d00001e0229323dd47b2b6b50e793ece5
Monster,Shawn Mendes & Justin Bieber,https://image-cdn-ak.spotifycdn.com/image/ab67616d00001e0237a5a19e52f8260b3b158e55
Can't Buy Me Love,The Beatles,https://image-cdn-ak.spotifycdn.com/image/ab67616d00001e02e230f303815e82a86713eedd
Another Love,Tom Odell,https://image-cdn-ak.spotifycdn.com/image/ab67616d00001e029adb17697c5a5bb02b5cebb7
(You're the) Devil In Disguise,Elvis Presley With The Jordanaires,https://image-cdn-ak.spotifycdn.com/image/ab67616d00001e0253f584992bb7e0ea9dae8028
Fifteen,Taylor Swift,https://image-cdn-ak.spotifycdn.com/image/ab67616d00001e027b25c072237f29ee50025fdc
Waiting For A Girl Like You,Foreigner,https://image-cdn-fa.spotifycdn.com/image/ab67616d00001e02d306453bad483e46c5aa0fb5
She Wolf,Shakira,https://image-cdn-fa.spotifycdn.com/image/ab67616d00001e02a866322cb8bd99270372df74
I Know What You Did Last Summer,Shawn Mendes & Camila Cabello,https://image-cdn-fa.spotifycdn.com/image/ab67616d00001e02d26246b23c8bfa8ce543b3bb
Starting Over,Chris Stapleton,https://image-cdn-fa.spotifycdn.com/image/ab67616d00001e026eac0f2b77d85a59f0cf9b3e
Diva,Beyonce,https://image-cdn-fa.spotifycdn.com/image/ab67616d00001e02802c5f4c1d84e127c0ab8d78
The Greatest,Sia Featuring Kendrick Lamar,https://image-cdn-ak.spotifycdn.com/image/ab67616d00001e025c20844b71592cad6260f8b1
Groove Is In The Heart,Deee-Lite,https://image-cdn-fa.spotifycdn.com/image/ab67616d00001e02cbcb5083c56df2a557625bca
The Way Life Goes,Lil Uzi Vert Featuring Nicki Minaj,https://image-cdn-ak.spotifycdn.com/image/ab67616d00001e02d7e1c68ed8e464b03095afda
Show Me The Way,Peter Frampton,https://image-cdn-fa.spotifycdn.com/image/ab67616d00001e022aadbe54b2c387d44f49834d
Lonely No More,Rob Thomas,https://image-cdn-fa.spotifycdn.com/image/ab67616d00001e02db3d7550e11f7a132fb81c9f
Trip,Ella Mai,https://image-cdn-ak.spotifycdn.com/image/ab67616d00001e0258f7eb956575d8e9ae93aaad
Say Hey (I Love You),Michael Franti & Spearhead Featuring Cherine Anderson,https://image-cdn-fa.spotifycdn.com/image/ab67616d00001e024eef402733d2df7b1f9c88bd
Somebody Like You,Keith Urban,https://image-cdn-fa.spotifycdn.com/image/ab67616d00001e026b884d4969e2438f5a83ed5b
No Such Thing,John Mayer,https://image-cdn-fa.spotifycdn.com/image/ab67616d00001e028848d57cbfa7751e028f4dc9
Miami,Will Smith,https://image-cdn-ak.spotifycdn.com/image/ab67616d00001e02ddf2f9edabd166c60047e3c4
Hold On,Justin Bieber,https://image-cdn-fa.spotifycdn.com/image/ab67616d00001e02e6f407c7f3a0ec98845e4431
La Bachata,Manuel Turizo,https://image-cdn-fa.spotifycdn.com/image/ab67616d00001e02ad950fec5ccfeef6cf5f54c5
Hard To Say I'm Sorry,Az Yet Featuring Peter Cetera,https://image-cdn-fa.spotifycdn.com/image/ab67616d00001e02b32c683cba9d35640c19ef21
The One That You Love,Air Supply,https://image-cdn-fa.spotifycdn.com/image/ab67616d00001e02d6246911e6558a333d9a7be3
Love Runs Out,OneRepublic,https://image-cdn-fa.spotifycdn.com/image/ab67616d00001e02e80e7dbce3996a1ae5967751
Confident,Demi Lovato,https://image-cdn-ak.spotifycdn.com/image/ab67616d00001e024e4f7c7ec167ec30c1c66e69
Mmm Mmm Mmm Mmm,Crash Test Dummies,https://image-cdn-ak.spotifycdn.com/image/ab67616d00001e02e7587590dfd90f55c6f79b78
Love Grows (Where My Rosemary Goes),Edison Lighthouse,https://image-cdn-ak.spotifycdn.com/image/ab67616d00001e02e4e582169a66af299543ba22
Everything She Wants,Wham!,https://image-cdn-fa.spotifycdn.com/image/ab67616d00001e02a2fc41b0dd6ce4f0d16a4c46
"""Say You, Say Me""",Lionel Richie,https://image-cdn-fa.spotifycdn.com/image/ab67616d00001e022c33399e119cec9b0fcde564
You And I,Lady Gaga,https://image-cdn-fa.spotifycdn.com/image/ab67616d00001e024ba15b951a5cff36133ca5bd
One Of The Girls,"""The Weeknd, JENNIE & Lily-Rose Depp""",https://image-cdn-fa.spotifycdn.com/image/ab67616d00001e02c87bfeef81a210ddb7f717b5
Berzerk,Eminem,https://image-cdn-fa.spotifycdn.com/image/ab67616d00001e02bb40d999fb3ee94369a7739b
Heartache Tonight,Eagles,https://image-cdn-fa.spotifycdn.com/image/ab67616d00001e02fba8aaf58371d7e6160dea2f
I Hate This Part,The Pussycat Dolls,https://image-cdn-fa.spotifycdn.com/image/ab67616d00001e026d87f7b4c9ef7218c07df53c
He Wasn't Man Enough,Toni Braxton,https://image-cdn-fa.spotifycdn.com/image/ab67616d00001e02126720399a6b06e1c6bd46c6
Deja Vu,Beyonce Featuring Jay Z,https://image-cdn-ak.spotifycdn.com/image/ab67616d00001e02632e4eafb2ffba59a2ae4500
Shining Star,The Manhattans,https://image-cdn-fa.spotifycdn.com/image/ab67616d00001e023e716266190c38e929f209cf
Pop Out,Polo G Featuring Lil Tjay,https://image-cdn-fa.spotifycdn.com/image/ab67616d00001e02ae8b07ecdcf7aadefe00264f
If You Love Me,Brownstone,https://image-cdn-fa.spotifycdn.com/image/ab67616d00001e0209f1bb99a848c77c21f4f121
Me And My Broken Heart,Rixton,https://image-cdn-fa.spotifycdn.com/image/ab67616d00001e02647377a36072bd08e44dd32b
Headstrong,Trapt,https://image-cdn-fa.spotifycdn.com/image/ab67616d00001e028b1659424aa88a47aae93014
Fox On The Run,Sweet,https://image-cdn-fa.spotifycdn.com/image/ab67616d00001e028f5522a7474d9a925f040342
Love Me Not,Ravyn Lenae,https://image-cdn-fa.spotifycdn.com/image/ab67616d00001e020e62daaea2c7b94053e1c142
Cupid,Fifty Fifty,https://image-cdn-fa.spotifycdn.com/image/ab67616d00001e02eb535219dc875690e09dd8f9
Take What You Want,Post Malone Featuring Ozzy Osbourne & Travis Scott,https://image-cdn-fa.spotifycdn.com/image/ab67616d00001e0291bf597d2ed7528de53f71be
Woman,John Lennon,https://image-cdn-ak.spotifycdn.com/image/ab67616d00001e026eac0f2b77d85a59f0cf9b3e
Dedicated To The One I Love,The Mamas & The Papas,https://image-cdn-fa.spotifycdn.com/image/ab67616d00001e0291d092488eaff72ece2451dd
Galway Girl,Ed Sheeran,https://image-cdn-ak.spotifycdn.com/image/ab67616d00001e02ba5db46f4b838ef6027e6f96
The Boys Are Back In Town,Thin Lizzy,https://image-cdn-ak.spotifycdn.com/image/ab67616d00001e02969b39bdb1cf1dad16d6514f
Angel Of The Morning,Juice Newton,https://image-cdn-fa.spotifycdn.com/image/ab67616d00001e0299a6a7a4b4fe71d5362d16b7
Remember When,Alan Jackson,https://image-cdn-fa.spotifycdn.com/image/ab67616d00001e0245ccb6c698a83fb2c0af750f
Outta Control (Remix),50 Cent Feat. Mobb Deep,https://image-cdn-fa.spotifycdn.com/image/ab67616d00001e028fbedb909b378dda1e341325
Hey Daddy (Daddy's Home),Usher Featuring Plies,https://image-cdn-fa.spotifycdn.com/image/ab67616d00001e0286b0c9728ad3ed338eaeea79
Like A Virgin,Madonna,https://image-cdn-fa.spotifycdn.com/image/ab67616d00001e0299d424b0873a9a714279a9f3
Bent,Matchbox Twenty,https://image-cdn-fa.spotifycdn.com/image/ab67616d00001e024ec322e5cd156477b5000166
Use Me,Bill Withers,https://image-cdn-fa.spotifycdn.com/image/ab67616d00001e0272641ed682401fc46c18ac12
Feather,Sabrina Carpenter,https://image-cdn-fa.spotifycdn.com/image/ab67616d00001e020f45623be014a592a5815827
Not Over You,Gavin DeGraw,https://image-cdn-ak.spotifycdn.com/image/ab67616d00001e026b3b5436a48203e35b89b9ba
I Want You To Want Me,Cheap Trick,https://image-cdn-ak.spotifycdn.com/image/ab67616d00001e02e12f41942ffa7e49074161af
Family Ties,Baby Keem & Kendrick Lamar,https://image-cdn-fa.spotifycdn.com/image/ab67616d00001e02a97160f8731efb13153b358e
Money,Pink Floyd,https://image-cdn-ak.spotifycdn.com/image/ab67616d00001e02db216ca805faf5fe35df4ee6
Never Let You Go,Third Eye Blind,https://image-cdn-fa.spotifycdn.com/image/ab67616d00001e02388d66c0764383f71940c3fa
We Will Rock You,Queen,https://image-cdn-fa.spotifycdn.com/image/ab67616d00001e0293c65b02f4a72cd6eccf446d
Get Back,Ludacris,https://image-cdn-fa.spotifycdn.com/image/ab67616d00001e02efbf69c0f1aac9d7e7cb489e
"""Can't Get Enough Of Your Love, Babe""",Barry White,https://image-cdn-fa.spotifycdn.com/image/ab67616d00001e02aa3252b7843a8a3426cc34bf
Oh My God,Adele,https://image-cdn-fa.spotifycdn.com/image/ab67616d00001e02c6b577e4c4a6d326354a89f7
Pure Water,Mustard & Migos,https://image-cdn-fa.spotifycdn.com/image/ab67616d00001e0223adc1277fba4944f3a2d8c5
Don't Forget About Us,Mariah Carey,https://image-cdn-fa.spotifycdn.com/image/ab67616d00001e0291593c062e0c7c4a20e6eba1
Still D.R.E.,Dr. Dre Featuring Snoop Dogg,https://image-cdn-ak.spotifycdn.com/image/ab67616d00001e029b19c107109de740bad72df5
If I Could Turn Back Time,Cher,https://image-cdn-ak.spotifycdn.com/image/ab67616d00001e027a1e0215c41f0ce411623301
I Love This Bar,Toby Keith,https://image-cdn-ak.spotifycdn.com/image/ab67616d00001e02756a73095c5b7cdf2a8c449b
Shout,Tears for Fears,https://image-cdn-fa.spotifycdn.com/image/ab67616d00001e029565c4df27be4aee5edc8009
Take It Off,Ke$ha,https://image-cdn-fa.spotifycdn.com/image/ab67616d00001e0297c7b770b28ffeed164f4d0e
All Girls Are The Same,Juice WRLD,https://image-cdn-fa.spotifycdn.com/image/ab67616d00001e02bf640cd39d097f99c6f6e48f
Shine,Collective Soul,https://image-cdn-fa.spotifycdn.com/image/ab67616d00001e02c786ceb2ebf85c58c7dc665f
Piece Of Me,Britney Spears,https://image-cdn-ak.spotifycdn.com/image/ab67616d00001e02d0a8bfe18f25429d76886b1e
Can We Talk,Tevin Campbell,https://image-cdn-ak.spotifycdn.com/image/ab67616d00001e02ead20a924dbf94bcf9d05065
Me Rehúso,Danny Ocean,https://image-cdn-fa.spotifycdn.com/image/ab67616d00001e02d8243a13e6f41310a5fa7b96
Praise The Lord (Da Shine),A$AP Rocky Featuring Skepta,https://image-cdn-fa.spotifycdn.com/image/ab67616d00001e02bfcb8d00cee4f8257a6b7fe1
I'm Your Baby Tonight,Whitney Houston,https://image-cdn-ak.spotifycdn.com/image/ab67616d00001e0280148b7ab75ef59d481b3576
Lady Madonna,The Beatles,https://image-cdn-fa.spotifycdn.com/image/ab67616d00001e02582d56ce20fe0146ffa0e5cf
U Know What's Up,Donell Jones,https://image-cdn-fa.spotifycdn.com/image/ab67616d00001e0292e68c269be48e7fce5054ea
It's Been Awhile,Staind,https://image-cdn-ak.spotifycdn.com/image/ab67616d00001e020b39aa901a2a324ef303e7fd
The Nights,Avicii,https://image-cdn-fa.spotifycdn.com/image/ab67616d00001e020ae4f4d42e4a09f3a29f64ad
"""I Like It, I Love It""",Tim McGraw,https://image-cdn-ak.spotifycdn.com/image/ab67616d00001e023069894b5d58159a103dd169
Solo,Clean Bandit Featuring Demi Lovato,https://image-cdn-ak.spotifycdn.com/image/ab67616d00001e025c66e925d8fe4c92ebfb49ed
Hey Lover,LL Cool J,https://image-cdn-fa.spotifycdn.com/image/ab67616d00001e0218a12da5d84a8f12312698ab
Higher Love,Kygo X Whitney Houston,https://image-cdn-fa.spotifycdn.com/image/ab67616d00001e0280368f0aa8f90c51674f9dd2
Untouched,The Veronicas,https://image-cdn-fa.spotifycdn.com/image/ab67616d00001e026917b672d8139eb670ca631d
Chihiro,Billie Eilish,https://image-cdn-fa.spotifycdn.com/image/ab67616d00001e0271d62ea7ea8a5be92d3c1f62
Take It Easy,Eagles,https://image-cdn-fa.spotifycdn.com/image/ab67616d00001e02b17a827c6e8e7fa666e3c978
God Only Knows,The Beach Boys,https://image-cdn-fa.spotifycdn.com/image/ab67616d00001e02bde8dfd1922129f3d9e3732f
Brave,Sara Bareilles,https://image-cdn-ak.spotifycdn.com/image/ab67616d00001e027ae14d8749608603d3567274
Con Altura,ROSALÍA,https://image-cdn-fa.spotifycdn.com/image/ab67616d00001e0265b0e3e1bd8b5fe2f602c1ea
Bootylicious,Destiny's Child,https://image-cdn-fa.spotifycdn.com/image/ab67616d00001e02163cdae7f1e2c82786a84e3e
The Way You Do The Things You Do,UB40,https://image-cdn-ak.spotifycdn.com/image/ab67616d00001e028949d9805df054b4bc9cd563
My Life Would Suck Without You,Kelly Clarkson,https://image-cdn-fa.spotifycdn.com/image/ab67616d00001e02ab05d85e404240f09429bdc1
Where Them Girls At,David Guetta Featuring Flo Rida & Nicki Minaj,https://image-cdn-fa.spotifycdn.com/image/ab67616d00001e0287e2f8346625bb6fd20d52be
Suge,DaBaby,https://image-cdn-fa.spotifycdn.com/image/ab67616d00001e0223adc1277fba4944f3a2d8c5
Saturday In The Park,Chicago,https://image-cdn-fa.spotifycdn.com/image/ab67616d00001e0210d80ba410370acdbb0bf6c2
Uprising,Muse,https://image-cdn-fa.spotifycdn.com/image/ab67616d00001e02b6d4566db0d12894a1a3b7a2
Supalonely,BENEE Featuring Gus Dapperton,https://image-cdn-fa.spotifycdn.com/image/ab67616d00001e024bd20e01d00de4b35b61f5f7
All The Things She Said,t.A.T.u.,https://image-cdn-fa.spotifycdn.com/image/ab67616d00001e02f27a8d4fb148f48c7b59e1c4
I Need A Doctor,Dr. Dre Featuring Eminem & Skylar Grey,https://image-cdn-fa.spotifycdn.com/image/ab67616d00001e02d27f8a33b8a8c0417cdca53f
All My Life,K-Ci & JoJo,https://image-cdn-fa.spotifycdn.com/image/ab67616d00001e026e955099e6d2225059595b9e
All-American Girl,Carrie Underwood,https://image-cdn-fa.spotifycdn.com/image/ab67616d00001e0207693a5cdeeca9bd701a79fb
Then,Brad Paisley,https://image-cdn-fa.spotifycdn.com/image/ab67616d00001e02e6653e0a3279936562574def
I Don't Wanna Be In Love (Dance Floor Anthem),Good Charlotte,https://image-cdn-ak.spotifycdn.com/image/ab67616d00001e02160938e45326c10e1fcd6749
Biggest Part Of Me,Ambrosia,https://image-cdn-ak.spotifycdn.com/image/ab67616d00001e028967130dc7e51bf36b29e071
Give A Little Bit,Supertramp,https://image-cdn-ak.spotifycdn.com/image/ab67616d00001e02be91795435584ccd90c2a76a
Russian Roulette,Rihanna,https://image-cdn-fa.spotifycdn.com/image/ab67616d00001e024cae51022c6881ac94a7b3a2
Animal I Have Become,Three Days Grace,https://image-cdn-ak.spotifycdn.com/image/ab67616d00001e0248d58ee28b0b548fbb43f0d8
Miss You Much,Janet Jackson,https://image-cdn-ak.spotifycdn.com/image/ab67616d00001e0271511473d9e34fcdc13d90ef
"In The Still Of The Nite (From ""The Jacksons"")",Boyz II Men,https://image-cdn-ak.spotifycdn.com/image/ab67616d00001e02488a34949b10579188c4391e
It's The Most Wonderful Time Of The Year,Andy Williams,https://image-cdn-ak.spotifycdn.com/image/ab67616d00001e02bc5b8079eaec602335cc6e5d
Too Many Nights,Metro Boomin Featuring Don Toliver & Future,https://image-cdn-ak.spotifycdn.com/image/ab67616d00001e02c4fee55d7b51479627c31f89
Picture,Kid Rock Featuring Sheryl Crow Or Allison Moorer,https://image-cdn-fa.spotifycdn.com/image/ab67616d00001e02e1b92fa048a7d0e2707a4c33
"""Sorry, Blame It On Me""",Akon,https://image-cdn-ak.spotifycdn.com/image/ab67616d00001e02b339bb65a381f7345296e0d0
Shirt,SZA,https://image-cdn-fa.spotifycdn.com/image/ab67616d00001e0216fdde9f6b5606419ca9b7ca
7 Things,Miley Cyrus,https://image-cdn-fa.spotifycdn.com/image/ab67616d00001e0266252cbd61de59d4990892a5
Master Of Puppets,Metallica,https://image-cdn-ak.spotifycdn.com/image/ab67616d00001e02cad4832cb7b5844343278daa
Ain't Too Proud To Beg,The Temptations,https://image-cdn-fa.spotifycdn.com/image/ab67616d00001e0297af872db50723a20da92229
Chicago Freestyle,Drake Featuring Giveon,https://image-cdn-fa.spotifycdn.com/image/ab67616d00001e02bba7cfaf7c59ff0898acba1f
Austin,Blake Shelton,https://image-cdn-fa.spotifycdn.com/image/ab67616d00001e02feb6c154944088182ee219a5
"""Father Stretch My Hands, Pt. 1""",Kanye West,https://image-cdn-ak.spotifycdn.com/image/ab67616d00001e022a7db835b912dc5014bd37f4
Tell Her About It,Billy Joel,https://image-cdn-ak.spotifycdn.com/image/ab67616d00001e02d287ed0734d4fcf11f9a0000
Let Me Down Slowly,Alec Benjamin + Alessia Cara,https://image-cdn-ak.spotifycdn.com/image/ab67616d00001e02459d675aa0b6f3b211357370
It's Beginning To Look A Lot Like Christmas,Michael Buble,https://image-cdn-ak.spotifycdn.com/image/ab67616d00001e0295517befb15ad5d63af701ab
If I Can Dream,Elvis Presley,https://image-cdn-ak.spotifycdn.com/image/ab67616d00001e02105707ee453208f9635eb5a6
Love Is A Battlefield,Pat Benatar,https://image-cdn-fa.spotifycdn.com/image/ab67616d00001e0214aa08818ec52188e36aef86
bellyache,Billie Eilish,https://image-cdn-fa.spotifycdn.com/image/ab67616d00001e02a9f6c04ba168640b48aa5795
Overnight Celebrity,Twista,https://image-cdn-fa.spotifycdn.com/image/ab67616d00001e02e8e3c040bfc38a08c65a5f77
This Town,Niall Horan,https://image-cdn-fa.spotifycdn.com/image/ab67616d00001e025bac234d5511248b248caf36
Frozen,Madonna,https://image-cdn-fa.spotifycdn.com/image/ab67616d00001e0291d080c66f2425c23c6eadf8
See You Again,"""Tyler, The Creator Featuring Kali Uchis""",https://image-cdn-fa.spotifycdn.com/image/ab67616d00001e028940ac99f49e44f59e6f7fb3
Differences,Ginuwine,https://image-cdn-fa.spotifycdn.com/image/ab67616d00001e02a7a72fa27131a7aa9048e738
Bed,J. Holiday,https://image-cdn-fa.spotifycdn.com/image/ab67616d00001e02869dcbffba62682127354bb4
Summer Nights,"""John Travolta, Olivia Newton-John & Grease Cast""",https://image-cdn-ak.spotifycdn.com/image/ab67616d00001e02b68df485f3304211904548a8
Te Bote,"""Casper Magico, Nio Garcia, Darell, Nicky Jam, Ozuna & Bad Bunny""",https://image-cdn-fa.spotifycdn.com/image/ab67616d00001e02a5779a2f04a513fac2fd1d15
One More Night,Phil Collins,https://image-cdn-fa.spotifycdn.com/image/ab67616d00001e02de0753cd4e8c86dbf6e2f9f0
Can't Fight This Feeling,REO Speedwagon,https://image-cdn-fa.spotifycdn.com/image/ab67616d00001e02cc829f0b2a081cdb6265831c
Yellow Submarine,The Beatles,https://image-cdn-ak.spotifycdn.com/image/ab67616d00001e0228b8b9b46428896e6491e97a
One Thing Right,Marshmello & Kane Brown,https://image-cdn-fa.spotifycdn.com/image/ab67616d00001e028ed6845745db21e6c956ab1d
Lavender Haze,Taylor Swift,https://image-cdn-fa.spotifycdn.com/image/ab67616d00001e02e0b60c608586d88252b8fbc0
Reminder,The Weeknd,https://image-cdn-fa.spotifycdn.com/image/ab67616d00001e024718e2b124f79258be7bc452
Promise,Ciara,https://image-cdn-fa.spotifycdn.com/image/ab67616d00001e028136c2c2762cba40cb51f9aa
Fighter,Christina Aguilera,https://image-cdn-ak.spotifycdn.com/image/ab67616d00001e027cd872c7701c4737b2f81d87
Eenie Meenie,Sean Kingston & Justin Bieber,https://image-cdn-fa.spotifycdn.com/image/ab67616d00001e02ca8d656fa57db4cce117f53b
Back At One,Brian McKnight,https://image-cdn-ak.spotifycdn.com/image/ab67616d00001e02e9da8645c59d76e7f35dff6e
Shake It Off,Mariah Carey,https://image-cdn-fa.spotifycdn.com/image/ab67616d00001e0291593c062e0c7c4a20e6eba1
Broadway Girls,Lil Durk Featuring Morgan Wallen,https://image-cdn-fa.spotifycdn.com/image/ab67616d00001e02e470424732928d0765668626
Stupid Love,Lady Gaga,https://image-cdn-ak.spotifycdn.com/image/ab67616d00001e026040effba89b9b00a6f6743a
Are You Gonna Be My Girl,Jet,https://image-cdn-fa.spotifycdn.com/image/ab67616d00001e0201fe3e94ab830a543d8f6a93
Friday I'm In Love,The Cure,https://image-cdn-fa.spotifycdn.com/image/ab67616d00001e02e410fa31e3dfcc7521cde86d
Pour It Up,Rihanna,https://image-cdn-ak.spotifycdn.com/image/ab67616d00001e020e6cedee56e37a9a65f2164d
Mystical Magical,Benson Boone,https://image-cdn-fa.spotifycdn.com/image/ab67616d00001e023966ad1a94af993a41332d77
Let's Go,Trick Daddy Featuring Lil Jon & Twista,https://image-cdn-fa.spotifycdn.com/image/ab67616d00001e024a6df4e4ac99ba8bfdd31c47
Wonder,Shawn Mendes,https://image-cdn-fa.spotifycdn.com/image/ab67616d00001e02fa7d980eae9fbb53f2899b08
Put On,Young Jeezy Featuring Kanye West,https://image-cdn-fa.spotifycdn.com/image/ab67616d00001e027fa48d6a47a3a7ff235c8402
Every Little Step,Bobby Brown,https://image-cdn-ak.spotifycdn.com/image/ab67616d00001e0253cf43170dc29787984cf6b4
I Love College,Asher Roth,https://image-cdn-fa.spotifycdn.com/image/ab67616d00001e0272227a9c52e281f92e7882fa
Chill Bill,Rob $tone Featuring J. Davi$ & Spooks,https://image-cdn-fa.spotifycdn.com/image/ab67616d00001e026f3e9696889a2425338e0836
Rich Baby Daddy,Drake Featuring Sexyy Red & SZA,https://image-cdn-ak.spotifycdn.com/image/ab67616d00001e027d384516b23347e92a587ed1
Someday,Nickelback,https://image-cdn-fa.spotifycdn.com/image/ab67616d00001e0215a5f571e2e14b2c182bd0a3
Despecha,ROSALIA,https://image-cdn-fa.spotifycdn.com/image/ab67616d00001e024494c44870e1de47d6461532
Hit Me With Your Best Shot,Pat Benatar,https://image-cdn-fa.spotifycdn.com/image/ab67616d00001e021b83255ef342451b977987aa
Through The Wire,Kanye West,https://image-cdn-fa.spotifycdn.com/image/ab67616d00001e0225b055377757b3cdd6f26b78
People Everyday,Arrested Development,https://image-cdn-fa.spotifycdn.com/image/ab67616d00001e02c77d365e5d5732f06bec6117
"I Want Your Sex (From ""Beverly Hills Cop II"")",George Michael,https://image-cdn-ak.spotifycdn.com/image/ab67616d00001e02b7a9a6a2bf311630d3fc6956
Dance (A$$),Big Sean Featuring Nicki Minaj,https://image-cdn-fa.spotifycdn.com/image/ab67616d00001e021c0bcf8b536295438d26c70d
Heaven Must Be Missing An Angel (part 1),Tavares,https://image-cdn-fa.spotifycdn.com/image/ab67616d00001e02f75e38ab7455e79f976d2127
Back To December,Taylor Swift,https://image-cdn-fa.spotifycdn.com/image/ab67616d00001e02e1bc852a04501952c765d5cd
Animal,Neon Trees,https://image-cdn-ak.spotifycdn.com/image/ab67616d00001e0226ca7305db69aa21efcf2b7a
Smokin Out The Window,Silk Sonic (Bruno Mars & Anderson .Paak),https://image-cdn-fa.spotifycdn.com/image/ab67616d00001e021756c2022529aacfa98d2eb8
Just Like Fire,P!nk,https://image-cdn-fa.spotifycdn.com/image/ab67616d00001e02f36d4004d58625babbc38cb5
Landslide (Live 1997),Fleetwood Mac,https://image-cdn-ak.spotifycdn.com/image/ab67616d00001e024fb043195e8d07e72edc7226
All The Way,BigXthaPlug Featuring Bailey Zimmerman,https://image-cdn-fa.spotifycdn.com/image/ab67616d00001e0218f07e520f7630d279b4290e
Take Me Out,Franz Ferdinand,https://image-cdn-fa.spotifycdn.com/image/ab67616d00001e02a5d1c06a8172d4861367953c
1234,Feist,https://image-cdn-fa.spotifycdn.com/image/ab67616d00001e02b17d3cdd360973516ade9e6d
Rain Over Me,Pitbull Featuring Marc Anthony,https://image-cdn-fa.spotifycdn.com/image/ab67616d00001e021dc7483a9fcfce54822a2f19
Wishing Well,Juice WRLD,https://image-cdn-fa.spotifycdn.com/image/ab67616d00001e023e0698e4ae5ffb82a005aeeb
Robarte un Beso,Carlos Vives,https://image-cdn-ak.spotifycdn.com/image/ab67616d00001e020c0b28429d801bf7a429b037
Everywhere,Fleetwood Mac,https://image-cdn-ak.spotifycdn.com/image/ab67616d00001e02aaba065944cd82a6f15c86b6
Take It On The Run,REO Speedwagon,https://image-cdn-fa.spotifycdn.com/image/ab67616d00001e02d514470784e3d02ee0bcdb80
Mr. Saxobeat,Alexandra Stan,https://image-cdn-fa.spotifycdn.com/image/ab67616d00001e0219cdf7abe0915c5e71e7974b
What You Want,Mase Featuring Total,https://image-cdn-ak.spotifycdn.com/image/ab67616d00001e025fc8774cf5d041954617d193
Two Is Better Than One,Boys Like Girls Featuring Taylor Swift,https://image-cdn-fa.spotifycdn.com/image/ab67616d00001e024b580b2641d4f6486b299247
I Can Do It With A Broken Heart,Taylor Swift,https://image-cdn-fa.spotifycdn.com/image/ab67616d00001e025076e4160d018e378f488c33
Killing Me Softly With His Song,Fugees,https://image-cdn-fa.spotifycdn.com/image/ab67616d00001e025b7865be7f7fcc05faec6137
Nowhere Man,The Beatles,https://image-cdn-fa.spotifycdn.com/image/ab67616d00001e02ed801e58a9ababdea6ac7ce4
Somebody,Natalie La Rose Featuring Jeremih,https://image-cdn-fa.spotifycdn.com/image/ab67616d00001e02684f901ac7d2ff872a079b8e
You Can Call Me Al,Paul Simon,https://image-cdn-fa.spotifycdn.com/image/ab67616d00001e02e5855edffddef46b7feff49b
Gettin' Jiggy Wit It,Will Smith,https://image-cdn-fa.spotifycdn.com/image/ab67616d00001e02ddf2f9edabd166c60047e3c4
Indian Outlaw,Tim McGraw,https://image-cdn-fa.spotifycdn.com/image/ab67616d00001e0280abb42139a2464c7783ef2e
Hold On,Wilson Phillips,https://image-cdn-ak.spotifycdn.com/image/ab67616d00001e023168e1f416b81862ccc83594
Country Girl (Shake It For Me),Luke Bryan,https://image-cdn-fa.spotifycdn.com/image/ab67616d00001e02dab325d38db91d858446d4b4
Come As You Are,Nirvana,https://image-cdn-fa.spotifycdn.com/image/ab67616d00001e02444f118a9126af9e1483dcc0
Another Night,Real McCoy,https://image-cdn-fa.spotifycdn.com/image/ab67616d00001e0226b65044d82b81a249e396f5
Cool,Gwen Stefani,https://image-cdn-fa.spotifycdn.com/image/ab67616d00001e027c7136a182372ccdffb3d3c4
POWER,Kanye West,https://image-cdn-fa.spotifycdn.com/image/ab67616d00001e02d9194aa18fa4c9362b47464f
Walk On The Wild Side,Lou Reed,https://image-cdn-fa.spotifycdn.com/image/ab67616d00001e02fe5213edd4f8550a8030efcf
Everything You Want,Vertical Horizon,https://image-cdn-fa.spotifycdn.com/image/ab67616d00001e02013ead5689ba507a78758bbf
Way Down We Go,Kaleo,https://image-cdn-fa.spotifycdn.com/image/ab67616d00001e0221f46fc863130ef2d5ccd57d
Eternal Flame,The Bangles,https://image-cdn-ak.spotifycdn.com/image/ab67616d00001e0207c7dc36219c76b42b37951e
Lost In Your Eyes,Debbie Gibson,https://image-cdn-fa.spotifycdn.com/image/ab67616d00001e02a6a912dd37a215fb68e3b885
The Look,Roxette,https://image-cdn-fa.spotifycdn.com/image/ab67616d00001e0215c293b9489fa5f5fdad4607
Tell It To My Heart(Dub),Taylor Dayne,https://image-cdn-fa.spotifycdn.com/image/ab67616d00001e024f7420eec423c20556744d7d
Back In Time,Pitbull,https://image-cdn-ak.spotifycdn.com/image/ab67616d00001e022ffc2c580b6595a3e675a730
Upside Down,Jack Johnson,https://image-cdn-fa.spotifycdn.com/image/ab67616d00001e02f401bb58442523100aee4869
Lucky You,Eminem Featuring Joyner Lucas,https://image-cdn-fa.spotifycdn.com/image/ab67616d00001e02e4073def0c03a91e3fceaf73
It's Like That,Mariah Carey,https://image-cdn-fa.spotifycdn.com/image/ab67616d00001e02006adc0cc250c8f9c5494aec
Don't Stop The Party,Pitbull Featuring TJR,https://image-cdn-fa.spotifycdn.com/image/ab67616d00001e029efc623f9c64c8efb583b186
Tom's Diner,DNA Featuring Suzanne Vega,https://image-cdn-fa.spotifycdn.com/image/ab67616d00001e02e6c9030b1a321f506b8f812b
Beverly Hills,Weezer,https://image-cdn-ak.spotifycdn.com/image/ab67616d00001e02a9def696688b8353ad8511ad
Born To Die,Lana Del Rey,https://image-cdn-ak.spotifycdn.com/image/ab67616d00001e02f894be72a77b1488292672c7
Never Really Over,Katy Perry,https://image-cdn-fa.spotifycdn.com/image/ab67616d00001e025ebe6cbd74a47a5e8ea88985
Alright,Darius Rucker,https://image-cdn-fa.spotifycdn.com/image/ab67616d00001e021e90756a9c3f69602642be47
Black Velvet,Alannah Myles,https://image-cdn-fa.spotifycdn.com/image/ab67616d00001e02c45bb46127a23d1beeead273
She Looks So Perfect,5 Seconds of Summer,https://image-cdn-ak.spotifycdn.com/image/ab67616d00001e0293432e914046a003229378da
Can't Remember To Forget You,Shakira Featuring Rihanna,https://image-cdn-fa.spotifycdn.com/image/ab67616d00001e020da1a7e7f3e9ef163e1c1dbf
Sussudio,Phil Collins,https://image-cdn-fa.spotifycdn.com/image/ab67616d00001e02de0753cd4e8c86dbf6e2f9f0
I Don't Care,Fall Out Boy,https://image-cdn-ak.spotifycdn.com/image/ab67616d00001e02e4abb65045e2ed4384c7aece
Hold It Against Me,Britney Spears,https://image-cdn-fa.spotifycdn.com/image/ab67616d00001e023613a80185a11b15987d2885
I Belong To You (Every Time I See Your Face),Rome,https://image-cdn-fa.spotifycdn.com/image/ab67616d00001e02f1157b7dcd21bae0c2c75d89
Hanging By A Moment,Lifehouse,https://image-cdn-fa.spotifycdn.com/image/ab67616d00001e02d0494f682c986764e0bc629c
Livin' Thing,Electric Light Orchestra,https://image-cdn-ak.spotifycdn.com/image/ab67616d00001e02bf6bcf8620b29052a85c60fd
Have You Ever Seen The Rain,Creedence Clearwater Revival,https://image-cdn-ak.spotifycdn.com/image/ab67616d00001e02e13640747b159ef0add45e37
No Love,Eminem Featuring Lil Wayne,https://image-cdn-fa.spotifycdn.com/image/ab67616d00001e02ad7a80377edb88c704bceed8
On The Hotline,Pretty Ricky,https://image-cdn-fa.spotifycdn.com/image/ab67616d00001e0280cb30f5f93d9c04c9a314e6
The Great Escape,Boys Like Girls,https://image-cdn-fa.spotifycdn.com/image/ab67616d00001e029d5d8ac73325fec119eecfb3
I Wanna Know,Joe,https://image-cdn-ak.spotifycdn.com/image/ab67616d00001e02a922b88ddf084fada794caf9
I'm Still In Love With You,Sean Paul Featuring Sasha,https://image-cdn-ak.spotifycdn.com/image/ab67616d00001e02b85a43ff52cecb0ab0a49677
Ransom,Lil Tecca,https://image-cdn-fa.spotifycdn.com/image/ab67616d00001e02bd69bbde4aeee723d6d08058
Where Do Broken Hearts Go,Whitney Houston,https://image-cdn-ak.spotifycdn.com/image/ab67616d00001e02a520a167a62d5548cdb53101
EARFQUAKE,"""Tyler, The Creator""",https://image-cdn-fa.spotifycdn.com/image/ab67616d00001e0230a635de2bb0caa4e26f6abb
One More Try,George Michael,https://image-cdn-ak.spotifycdn.com/image/ab67616d00001e02b7a9a6a2bf311630d3fc6956
Love Somebody,Maroon 5,https://image-cdn-fa.spotifycdn.com/image/ab67616d00001e02fc8633e22a7dba6aab817bff
Chantaje,Shakira Featuring Maluma,https://image-cdn-fa.spotifycdn.com/image/ab67616d00001e02eec120f35546507f59f05c41
Harder To Breathe,Maroon 5,https://image-cdn-ak.spotifycdn.com/image/ab67616d00001e0217b3850d758fff5a2301e537
All By Myself,Celine Dion,https://image-cdn-ak.spotifycdn.com/image/ab67616d00001e02c6aebd89b2dcda3348649633
Best Thing I Never Had,Beyonce,https://image-cdn-fa.spotifycdn.com/image/ab67616d00001e02ff5429125128b43572dbdccd
Copacabana (at The Copa),Barry Manilow,https://image-cdn-fa.spotifycdn.com/image/ab67616d00001e02419d720d1c3b36cfc6eba201
Look At Me!,XXXTENTACION,https://image-cdn-fa.spotifycdn.com/image/ab67616d00001e0271af28545729f60b3eca66f7
Keep Holding On,Avril Lavigne,https://image-cdn-fa.spotifycdn.com/image/ab67616d00001e02476cdf5837ae39eee951cc15
Chasing Pavements,Adele,https://image-cdn-fa.spotifycdn.com/image/ab67616d00001e0262e62cf225b72fca8d765168
Think,Aretha Franklin,https://image-cdn-ak.spotifycdn.com/image/ab67616d00001e02eac6b999cde838c810943737
Sorry Seems To Be The Hardest Word,Elton John,https://image-cdn-fa.spotifycdn.com/image/ab67616d00001e020a42acd87042fce27b547618
Try Again,Aaliyah,https://image-cdn-ak.spotifycdn.com/image/ab67616d00001e022d1ec7f50bcb8be7b9746d10
After Hours,The Weeknd,https://image-cdn-ak.spotifycdn.com/image/ab67616d00001e028863bc11d2aa12b54f5aeb36
Romantic Homicide,d4vd,https://image-cdn-fa.spotifycdn.com/image/ab67616d00001e0267481cd84cf4aca8625164fa
Best Part,Daniel Caesar Featuring H.E.R.,https://image-cdn-fa.spotifycdn.com/image/ab67616d00001e027aa8783ad8def37cc548a9cf
Glorious,Macklemore Featuring Skylar Grey,https://image-cdn-fa.spotifycdn.com/image/ab67616d00001e022e94b668c60b06deb1c3a05c
Beast Of Burden,The Rolling Stones,https://image-cdn-fa.spotifycdn.com/image/ab67616d00001e02517ca507056a999557dd2c25
Ring Of Fire,Johnny Cash,https://image-cdn-fa.spotifycdn.com/image/ab67616d00001e02dfe4bfe695c4192e547e72c7
Hold Me Closer,Elton John & Britney Spears,https://image-cdn-ak.spotifycdn.com/image/ab67616d00001e02775800e93752168c8004b59f
Run To You,Whitney Houston,https://image-cdn-fa.spotifycdn.com/image/ab67616d00001e02456c0b5d0316a80dc600802e
Hungry Heart,Bruce Springsteen,https://image-cdn-ak.spotifycdn.com/image/ab67616d00001e029ebb7aaf3e19a51782ba1d27
The London,"""Young Thug, J. Cole & Travis Scott""",https://image-cdn-fa.spotifycdn.com/image/ab67616d00001e028da62aa4aa86bb58f67196e9
