title,artist,spotify_url,duration_ms,release_year
Shape Of You,Ed Sheeran,https://open.spotify.com/track/7qiZfU4dY1lWllzX7mPBI3,233712,2017.0
Perfect,Ed Sheeran,https://open.spotify.com/track/0tgVpDi06FyKpA1z0VMD4v,263400,2017.0
Billie Jean,Michael Jackson,https://open.spotify.com/track/7J1uxwnxfQLu4APicE5Rnj,293802,1982.0
Bohemian Rhapsody,Queen,https://open.spotify.com/track/1AhDOtG9vPSOmsWgNW0BEY,354320,1975.0
Save Your Tears,The Weeknd,https://open.spotify.com/track/5QO79kh1waicV47BqGRL3g,215626,2020.0
Closer,The Chainsmokers Featuring Halsey,https://open.spotify.com/track/7BKLCZ1jbUBVqRi2FVlTVw,244960,2016.0
Counting Stars,OneRepublic,https://open.spotify.com/track/519uJbE3zyKLlToVA65PrP,257266,2013.0
Thinking Out Loud,Ed Sheeran,https://open.spotify.com/track/34gCuhDGsG4bRPIf9bb02f,281560,2014.0
Uptown Funk!,Mark Ronson Featuring Bruno Mars,https://open.spotify.com/track/32OlwWuMpZ6b0aN2RZOeMS,269658,2015.0
Flowers,Miley Cyrus,https://open.spotify.com/track/0yLdNVWF3Srea0uzk55zFn,200454,2023.0
Poker Face,Lady Gaga,https://open.spotify.com/track/7zACUQbWQxzT4aER7ityBV,237200,2009.0
In Da Club,50 Cent,https://open.spotify.com/track/7iL6o9tox1zgHpKUfh9vuC,193466,2003.0
All Of Me,John Legend,https://open.spotify.com/track/3U4isOIWM3VvDubwSI3y7a,269556,2013.0
See You Again,Wiz Khalifa Featuring Charlie Puth,https://open.spotify.com/track/66CFbqJScx6zRieGllITcs,229525,2016.0
Sunflower (Spider-Man: Into The Spider-Verse),Post Malone & Swae Lee,https://open.spotify.com/track/7dbka99KTWke5o9hRp0JoB,158040,2019.0
Stay,The Kid Laroi & Justin Bieber,https://open.spotify.com/track/5PjdY0CKGZdEuoNab3yDmX,141805,2021.0
Sorry,Justin Bieber,https://open.spotify.com/track/69bp2EbF7Q2rqc5N3ylezZ,200786,2015.0
APT.,ROSE & Bruno Mars,https://open.spotify.com/track/5vNRhkKd0yEAg8suGBpjeY,169917,2024.0
Just The Way You Are,Bruno Mars,https://open.spotify.com/track/47Slg6LuqLaX0VodpSCvPt,220734,2010.0
Bad Romance,Lady Gaga,https://open.spotify.com/track/0SiywuOBRcynK0uKGWdCnn,294573,2009.0
Believer,Imagine Dragons,https://open.spotify.com/track/0CcQNd8CINkwQfe1RDtGV6,204346,2017.0
Somebody That I Used To Know,Gotye Featuring Kimbra,https://open.spotify.com/track/6md4w95cnKaW64JyEQ3A0L,244893,2011.0
Beautiful Things,Benson Boone,https://open.spotify.com/track/3xkHsmpQCBMytMJNiDf3Ii,180304,2024.0
As It Was,Harry Styles,https://open.spotify.com/track/4Dvkj6JhhA12EX05fT7y2e,167303,2022.0
Levitating,Dua Lipa,https://open.spotify.com/track/49gruEYzuJZoy4R2q5xVlT,203064,2020.0
Starboy,The Weeknd Featuring Daft Punk,https://open.spotify.com/track/5aAx2yezTd8zXrkmtKl66Z,230453,2016.0
Despacito,Luis Fonsi & Daddy Yankee Featuring Justin Bieber,https://open.spotify.com/track/5CtI0qwDJkDQGwXD1H1cLb,228826,2017.0
Stressed Out,Twenty One Pilots,https://open.spotify.com/track/3CRDbSIZ4r5MsZ0YwxuEkn,202333,2015.0
Umbrella,Rihanna Featuring Jay-Z,https://open.spotify.com/track/49FYlytm3dAAraYgpoJZux,275986,2008.0
Something Just Like This,The Chainsmokers & Coldplay,https://open.spotify.com/track/6RUKPb4LETWmmr3iAEQktW,247160,2017.0
Yeah!,Usher Featuring Lil Jon & Ludacris,https://open.spotify.com/track/5rb9QrpfcKFHM1EUbSIurX,250373,2004.0
Wake Me Up!,Avicii,https://open.spotify.com/track/6g1NlCpW7fgqDnWbCCDrHl,247426,2013.0
"Gangsta's Paradise (From ""Dangerous Minds"")",Coolio Featuring L.V.,https://open.spotify.com/track/6VQyQHqEiDLG5cAPjoBPL9,241933,1995.0
Thunder,Imagine Dragons,https://open.spotify.com/track/0tKcYR2II1VCQWT79i5NrW,187146,2017.0
Rolling In The Deep,Adele,https://open.spotify.com/track/1eq1wUnLVLg4pdEfx9kajC,228093,2011.0
Dark Horse,Katy Perry Featuring Juicy J,https://open.spotify.com/track/4kgsK0fftHtg9gZOzkU5T2,215672,2013.0
I Gotta Feeling,The Black Eyed Peas,https://open.spotify.com/track/4kLLWz7srcuLKA7Et40PQR,289133,2009.0
Blank Space,Taylor Swift,https://open.spotify.com/track/1u8c2t2Cy7UBoG4ArRcF5g,231826,2014.0
Havana,Camila Cabello Featuring Young Thug,https://open.spotify.com/track/0ofbQMrRDsUaVKq2mGLEAb,216896,2017.0
Sugar,Maroon 5,https://open.spotify.com/track/494OU6M7NOf4ICYb4zWCf5,235493,2015.0
I Will Always Love You,Whitney Houston,https://open.spotify.com/track/4eHbdreAnSOrDDsFfc4Fpm,271093,1992.0
Dynamite,BTS,https://open.spotify.com/track/4saklk6nie3yiGePpBwUoc,199053,2020.0
Lean On,Major Lazer X DJ Snake Featuring Mo,https://open.spotify.com/track/0BF6mdNROWgYo3O3mNGrBc,176561,2015.0
Beat It,Michael Jackson,https://open.spotify.com/track/3BovdzfaX4jb5KFQwoPfAw,258296,1982.0
That's What I Like,Bruno Mars,https://open.spotify.com/track/0KKkJNfGyhkQ5aFogxQAPU,206693,2016.0
The Hills,The Weeknd,https://open.spotify.com/track/25khomWgBVamSdKw7hzm3l,242253,2015.0
Girls Just Want To Have Fun,Cyndi Lauper,https://open.spotify.com/track/4y1LsJpmMti1PfRQV9AWWe,238120,1983.0
Love Yourself,Justin Bieber,https://open.spotify.com/track/3hB5DgAiMAQ4DzYbsMq1IT,233720,2015.0
Livin' On A Prayer,Bon Jovi,https://open.spotify.com/track/37ZJ0p5Jm13JPevGcx4SkF,249293,1986.0
Someone You Loved,Lewis Capaldi,https://open.spotify.com/track/7qEHsqek33rTcFNT9PFqLf,182160,2019.0
Birds Of A Feather,Billie Eilish,https://open.spotify.com/track/6dOtVTDdiauQNBQEDOtlAB,210373,2024.0
Heat Waves,Glass Animals,https://open.spotify.com/track/02MWAaffLxlfxAUY7c5dvx,238805,2020.0
Love The Way You Lie,Eminem Featuring Rihanna,https://open.spotify.com/track/15JINEqzVMv3SvJTAXAKED,263373,2010.0
Shake It Off,Taylor Swift,https://open.spotify.com/track/1kKlhuQE0HXp1IwBRpaH2P,219200,2014.0
Bring Me To Life,Evanescence Featuring Paul McCoy,https://open.spotify.com/track/0COqiPhxzoWICwFCS4eZcp,235893,2003.0
You Belong With Me,Taylor Swift,https://open.spotify.com/track/4kgTdThcDHfuDS2kKxB7Lc,231146,2008.0
Girls Like You,Maroon 5 Featuring Cardi B,https://open.spotify.com/track/7fa9MBXhVfQ8P8Df9OEbD8,235545,2018.0
Never Gonna Give You Up,Rick Astley,https://open.spotify.com/track/4cOdK2wGLETKBW3PvgPWqT,213573,1987.0
When I Was Your Man,Bruno Mars,https://open.spotify.com/track/0nJW01T7XtvILxQgC5J7Wh,213826,2012.0
Careless Whisper,Wham! Featuring George Michael,,,
Blinding Lights,The Weeknd,https://open.spotify.com/track/0sf12qNH5qcw8qpgymFOqD,201573,2019.0
Rude,MAGIC!,https://open.spotify.com/track/6RtPijgfPKROxEzTHNRiDp,224849,2014.0
Viva La Vida,Coldplay,https://open.spotify.com/track/3Fcfwhm8oRrBvBZ8KGhtea,242373,2008.0
All I Want For Christmas Is You,Mariah Carey,https://open.spotify.com/track/0bYg9bo50gSsH3LtXe2SQn,241562,1994.0
Calm Down,Rema & Selena Gomez,https://open.spotify.com/track/0WtM2NBVQNNJLh6scP13H8,239317,2022.0
Someone Like You,Adele,https://open.spotify.com/track/6QPKYGnAW9QozVz2dSWqRg,285240,2011.0
Can't Help Falling In Love,Elvis Presley With The Jordanaires,https://open.spotify.com/track/44AyOl4qVkzS48vBsbNXaC,185877,1961.0
Bad Guy,Billie Eilish,https://open.spotify.com/track/2Fxmhks0bxGSBdJ92vM42m,194087,2019.0
Hot N Cold,Katy Perry,https://open.spotify.com/track/0iGckQFyv6svOfAbAY9aWJ,220226,2008.0
Cheap Thrills,Sia Featuring Sean Paul,https://open.spotify.com/track/7BPw9h8vCIX94N0rjFU12S,211666,2016.0
Party In The U.S.A.,Miley Cyrus,https://open.spotify.com/track/3E7dfMvvCLUddWissuqMwr,202066,2009.0
Halo,Beyonce,https://open.spotify.com/track/2CvOqDpQIMw69cCzWqr5yr,261160,2008.0
Senorita,Shawn Mendes & Camila Cabello,https://open.spotify.com/track/6v3KW9xbzN5yKLt9YKDYA2,190799,2019.0
7 Years,Lukas Graham,https://open.spotify.com/track/23ihGIrYOSzNNGJ6STAxI4,237300,2015.0
Don't Let Me Down,The Chainsmokers Featuring Daya,https://open.spotify.com/track/1i1fxkWeaMmKEB4T7zqbzK,208373,2016.0
God's Plan,Drake,https://open.spotify.com/track/6T8cJz5lAqGer9GUHGyelE,198960,2018.0
Let Her Go,Passenger,https://open.spotify.com/track/3ZxsClaR81YqW3GTSvCTke,252733,2012.0
Locked Out Of Heaven,Bruno Mars,https://open.spotify.com/track/3w3y8KPTfNeOKPiqUTakBh,233478,2012.0
Rockstar,Post Malone Featuring 21 Savage,https://open.spotify.com/track/7wGoVu4Dady5GV0Sv4UIsx,218320,2017.0
Roar,Katy Perry,https://open.spotify.com/track/27tNWlhdAryQY04Gb2ZhUI,223546,2013.0
Heathens,Twenty One Pilots,https://open.spotify.com/track/6i0V12jOa3mr6uu4WYhUBr,195920,2016.0
Radioactive,Imagine Dragons,https://open.spotify.com/track/6Ep6BzIOB9tz3P4sWqiiAB,186813,2012.0
Timber,Pitbull Featuring Ke$ha,https://open.spotify.com/track/3cHyrEgdyYRjgJKSOiOtcS,204134,2012.0
Africa,Toto,https://open.spotify.com/track/2374M0fQpWi3dLnB54qaLX,295282,1982.0
Eye Of The Tiger,Survivor,https://open.spotify.com/track/2HHtWyy5CgaQbC7XSoOb0e,243773,1982.0
We Found Love,Rihanna Featuring Calvin Harris,https://open.spotify.com/track/5uImkHXfTLkNYwemtGH7kB,215226,2012.0
No One,Alicia Keys,https://open.spotify.com/track/6IwKcFdiRQZOWeYNhUiWIv,253813,2007.0
Can't Hold Us,Macklemore & Ryan Lewis Featuring Ray Dalton,https://open.spotify.com/track/3bidbhpOYeV4knp8AIu8Xn,258342,2012.0
...Baby One More Time,Britney Spears,https://open.spotify.com/track/3MjUtNVVq3C8Fn0MP3zhXa,211066,1999.0
Happier,Marshmello & Bastille,https://open.spotify.com/track/2dpaYNEQHiRxtZbfNsse99,214289,2018.0
Crazy In Love,Beyonce Featuring Jay Z,https://open.spotify.com/track/0TwBtDAWpkpM3srywFVOV5,235933,2003.0
Stay With Me,Sam Smith,https://open.spotify.com/track/62NVyyEBiRxGae3SeB97nl,172723,2015.0
Shallow,Lady Gaga & Bradley Cooper,https://open.spotify.com/track/2VxeLyX666F8uXCJ0dZF8B,215733,2018.0
Diamonds,Rihanna,https://open.spotify.com/track/6O20JhBJPePEkBdrB5sqRx,225146,2012.0
This Is What You Came For,Calvin Harris Featuring Rihanna,https://open.spotify.com/track/0azC730Exh71aQlOt9Zj3y,221900,2016.0
TiK ToK,Ke$ha,,,
Let Me Love You,DJ Snake Featuring Justin Bieber,https://open.spotify.com/track/4pdPtRcBmOSQDlJ3Fk945m,205946,2016.0
I'm Yours,Jason Mraz,https://open.spotify.com/track/3S0OXQeoh0w6AY8WQVckRW,242946,2008.0
Stayin' Alive,Bee Gees,https://open.spotify.com/track/5ubvP9oKmxLUVq506fgLhk,285373,2020.0
Hips Don't Lie,Shakira Featuring Wyclef Jean,https://open.spotify.com/track/3ZFTkvIE7kyPt6Nu3PEa7V,218093,2005.0
7 Rings,Ariana Grande,https://open.spotify.com/track/6ocbgoVGwYJhOv1GgI9NsF,178626,2019.0
Can't Feel My Face,The Weeknd,https://open.spotify.com/track/6RsWqX8zABZLhZydXxEFOm,213520,2015.0
Give Me Everything,"""Pitbull Featuring Ne-Yo, Afrojack & Nayer""",https://open.spotify.com/track/4QNpBfC0zvjKqPJcyqBy9W,252306,2011.0
I Like It,"""Cardi B, Bad Bunny & J Balvin""",https://open.spotify.com/track/58q2HKrzhC3ozto2nDdN4z,253390,2018.0
Unforgettable,French Montana Featuring Swae Lee,https://open.spotify.com/track/3B54sVLJ402zGa6Xm4YGNe,233901,2017.0
Sweet Child O' Mine,Guns N' Roses,https://open.spotify.com/track/7o2CTH4ctstm8TNelqjb51,354520,1987.0
Without Me,Halsey,https://open.spotify.com/track/5p7ujcrUXASCNwRaWNHR1C,201660,2018.0
Dance Monkey,Tones And I,https://open.spotify.com/track/2XU0oxnq2qxCpomAAuJY8K,209438,2019.0
What Do You Mean?,Justin Bieber,https://open.spotify.com/track/3pzjHKrQSvXGHQ98dx18HI,205680,2015.0
Hello,Adele,https://open.spotify.com/track/1MDoll6jK4rrk2BcFRP5i7,295502,2015.0
Happy,Pharrell Williams,https://open.spotify.com/track/5b88tNINg4Q4nrRbrCXUmg,232720,2014.0
Treat You Better,Shawn Mendes,https://open.spotify.com/track/76t5B0ttSAje5KHmQbv88t,187973,2016.0
Hey Ya!,OutKast,https://open.spotify.com/track/2PpruBYCo4H7WOBJ7Q2EwM,235213,2003.0
Smack That,Akon Featuring Eminem,https://open.spotify.com/track/3qKGvSu1inEZKwYQnMavNA,212360,2006.0
Demons,Imagine Dragons,https://open.spotify.com/track/2Oehrcv4Kov0SuIgWyQY9e,175200,2012.0
Say You Won't Let Go,James Arthur,https://open.spotify.com/track/5uCax9HTNlzGybIStD3vDh,211477,2016.0
Take Me To Church,Hozier,https://open.spotify.com/track/2EiGECydkS2M8OCcRHQZhT,241688,2014.0
Without Me,Eminem,https://open.spotify.com/track/7lQ8MOhq6IN2w8EYcFNSUk,290320,2002.0
Attention,Charlie Puth,https://open.spotify.com/track/5cF0dROlMOK5uNZtivgu50,208786,2018.0
Pumped Up Kicks,Foster the People,https://open.spotify.com/track/7w87IxuO7BDcJ3YUqCyMTT,239600,2011.0
Stitches,Shawn Mendes,https://open.spotify.com/track/1WP1r7fuvRqZRnUaTi2I1Q,206880,2015.0
Love Me Like You Do,Ellie Goulding,https://open.spotify.com/track/3zHq9ouUJQFQRf3cm1rRLu,252534,2015.0
Thrift Shop,Macklemore & Ryan Lewis Featuring Wanz,https://open.spotify.com/track/3AYcyxEACnmE6d96RPubID,235613,2012.0
Single Ladies (Put A Ring On It),Beyonce,https://open.spotify.com/track/557un1HgwYMuqfWGSTmnxw,192586,2008.0
Old Town Road,Lil Nas X Featuring Billy Ray Cyrus,https://open.spotify.com/track/0F7FA14euOIX8KcbEturGH,113000,2019.0
Bad Habits,Ed Sheeran,https://open.spotify.com/track/6PQ88X9TkUIAUIZJHW2upE,231041,2021.0
Can't Stop The Feeling!,Justin Timberlake,https://open.spotify.com/track/6JV2JOEocMgcZxYSZelKcc,236001,2016.0
Espresso,Sabrina Carpenter,https://open.spotify.com/track/2qSkIjg1o9h3YT9RAgYN75,175459,2024.0
Cold Heart (PNAU Remix),Elton John & Dua Lipa,https://open.spotify.com/track/4gcD056im8FrahECIaTV70,202735,2021.0
Candy Shop,50 Cent Featuring Olivia,https://open.spotify.com/track/5D2mYZuzcgjpchVY1pmTPh,209106,2005.0
Another One Bites The Dust,Queen,https://open.spotify.com/track/5vdp5UmvTsnMEMESIF2Ym7,214653,1980.0
Say It Right,Nelly Furtado,https://open.spotify.com/track/2aI21FnmY7TJVKeMaoQZ0t,223080,2006.0
Grenade,Bruno Mars,https://open.spotify.com/track/4lLtanYk6tkMvooU0tWzG8,222091,2010.0
Peaches,Justin Bieber Featuring Daniel Caesar & Giveon,https://open.spotify.com/track/4iJyoBOLtHqaGxP12qzhQI,198081,2021.0
Chandelier,Sia,https://open.spotify.com/track/4VrWlk8IQxevMvERoX08iC,216120,2014.0
New Rules,Dua Lipa,https://open.spotify.com/track/1Y8tTuBW1YOFc6o2N9jLGM,212000,2017.0
Circles,Post Malone,https://open.spotify.com/track/21jGcNKet2qwijlDFuPiPb,215280,2019.0
I'm Not The Only One,Sam Smith,https://open.spotify.com/track/2hYlWnPvVZtQZGWfb35HPQ,239316,2014.0
Promiscuous,Nelly Furtado Featuring Timbaland,https://open.spotify.com/track/2gam98EZKrF9XuOkU13ApN,242293,2006.0
Love Story,Taylor Swift,https://open.spotify.com/track/5hnJCRSo4pxRsaEwT9YusG,235280,2008.0
I Took A Pill In Ibiza,Mike Posner,https://open.spotify.com/track/7vfWgVGiLgnGbInU5lvSQg,199226,2015.0
Firework,Katy Perry,https://open.spotify.com/track/1mXuMM6zjPgjL4asbBsgnt,227893,2010.0
Sicko Mode,Travis Scott,https://open.spotify.com/track/2xLMifQCjDGFmkHkpNLD9h,312820,2018.0
Hotline Bling,Drake,https://open.spotify.com/track/2FBUoWkIuQXwayw2RNo5l6,267066,2016.0
You're Beautiful,James Blunt,https://open.spotify.com/track/0vg4WnUWvze6pBOJDTq99k,209493,2005.0
Drivers License,Olivia Rodrigo,https://open.spotify.com/track/7lPN2DXiMsVn7XUKtOW1CS,242013,2021.0
We Are Young,fun. Featuring Janelle Monae,https://open.spotify.com/track/7a86XRg84qjasly9f6bPSD,250626,2012.0
Apologize,Timbaland Featuring OneRepublic,https://open.spotify.com/track/6ucR4KfvsBFWCMVFDvyKKl,184400,2007.0
Memories,Maroon 5,https://open.spotify.com/track/2b8fOow8UzyDFAE27YhOZM,189486,2019.0
Low,Flo Rida Featuring T-Pain,https://open.spotify.com/track/0CAfXk7DXMnon4gLudAp7J,231400,2008.0
Moves Like Jagger,Maroon 5 Featuring Christina Aguilera,https://open.spotify.com/track/7pYfyrMNPn3wtoCyqcTVoI,201493,2010.0
There's Nothing Holdin' Me Back,Shawn Mendes,https://open.spotify.com/track/79cuOz3SPQTuFrp8WgftAu,199440,2017.0
Stay,Rihanna Featuring Mikky Ekko,https://open.spotify.com/track/2QTcJmSgeLRtG1c82ZYHQc,240706,2013.0
Here Without You,3 Doors Down,https://open.spotify.com/track/3NLrRZoMF0Lx6zTlYqeIo4,238733,2002.0
Photograph,Ed Sheeran,https://open.spotify.com/track/1HNkqx9Ahdgi1Ixy2xkKkL,258986,2014.0
Bang Bang,"""Jessie J, Ariana Grande & Nicki Minaj""",https://open.spotify.com/track/0puf9yIluy9W0vpMEUoAnN,199386,2014.0
Don't Stop The Music,Rihanna,https://open.spotify.com/track/0ByMNEPAPpOR5H69DVrTNy,267080,2008.0
Payphone,Maroon 5 Featuring Wiz Khalifa,https://open.spotify.com/track/1XGmzt0PVuFgQYYnV2It7A,231173,2012.0
24K Magic,Bruno Mars,https://open.spotify.com/track/6b8Be6ljOzmkOmFslEb23P,225983,2016.0
Work,Rihanna Featuring Drake,https://open.spotify.com/track/14WWzenpaEgQZlqPq2nk4v,219320,2016.0
We Belong Together,Mariah Carey,https://open.spotify.com/track/4EI8VuxUuIHKfafU72emqz,201400,2005.0
Titanium,David Guetta Featuring Sia,https://open.spotify.com/track/0TDLuuLlV54CkRRUOahJb4,245040,2012.0
Hotel California,Eagles,https://open.spotify.com/track/40riOy7x9W7GXjyGp4pjAv,391376,1976.0
Good 4 U,Olivia Rodrigo,https://open.spotify.com/track/4ZtFanR9U6ndgddUvNcjcG,178146,2021.0
Mood,24kGoldn Featuring iann dior,https://open.spotify.com/track/3tjFYV6RSFtuktYl3ZtYcq,140525,2020.0
Last Christmas,Wham!,https://open.spotify.com/track/2FRnf9qhLbvw8fu4IBXx78,262960,1984.0
Ride,Twenty One Pilots,https://open.spotify.com/track/2Z8WuEywRWYTKe1NybPQEW,214506,2015.0
Montero (Call Me By Your Name),Lil Nas X,https://open.spotify.com/track/67BtfxlNbhBmCDR2L2l8qd,137875,2021.0
September,"""Earth, Wind & Fire""",https://open.spotify.com/track/2grjqo0Frpf2okIBiifQKs,215005,1978.0
Complicated,Avril Lavigne,https://open.spotify.com/track/5xEM5hIgJ1jjgcEBfpkt2F,244506,2002.0
Leave The Door Open,Silk Sonic (Bruno Mars & Anderson .Paak),https://open.spotify.com/track/1LPSkqVhWVRUkKE03YUkpB,242096,2021.0
Thriller,Michael Jackson,https://open.spotify.com/track/2LlQb7Uoj1kKyGhlkBf9aC,358807,1982.0
Total Eclipse Of The Heart,Bonnie Tyler,https://open.spotify.com/track/7wuJGgpTNzbUyn26IOY6rj,267360,2009.0
Where Is The Love?,The Black Eyed Peas,https://open.spotify.com/track/1FreAz1lmnDi5aKLB6GdFM,272533,2003.0
Too Good At Goodbyes,Sam Smith,https://open.spotify.com/track/1mXVgsBdtIVeCLJnSnmtdV,201000,2017.0
I Feel It Coming,The Weeknd Featuring Daft Punk,https://open.spotify.com/track/4RepvCWqsP6zBuzvwYibAS,269186,2016.0
Just Dance,Lady Gaga Featuring Colby O'Donis,https://open.spotify.com/track/3QuEpyj4kTRWiWuckd1hcK,241933,2009.0
Take A Bow,Rihanna,https://open.spotify.com/track/3goSVuTt3fDYDP6kRnFwuL,229413,2008.0
The Way I Are,Timbaland Featuring Keri Hilson,https://open.spotify.com/track/2bLqfJjuC5syrsgDsZfGmn,179120,2007.0
Side To Side,Ariana Grande Featuring Nicki Minaj,https://open.spotify.com/track/1pKeFVVUOPjFsOABub0OaV,226160,2016.0
She Will Be Loved,Maroon 5,https://open.spotify.com/track/4llK75pXNWZz6KAho2Gp16,259453,2002.0
The Reason,Hoobastank,https://open.spotify.com/track/77loZpT5Y5PRP1S451P9Yz,232800,2003.0
We Don't Talk Anymore,Charlie Puth Featuring Selena Gomez,https://open.spotify.com/track/06KyNuuMOX1ROXRhj787tj,217706,2016.0
Mi Gente,J Balvin & Willy William Featuring Beyonce,https://open.spotify.com/track/5r6X3m7zrVHmU2lSp3DXmP,187266,2017.0
Work From Home,Fifth Harmony Featuring Ty Dolla $ign,https://open.spotify.com/track/4tCtwWceOPWzenK2HAIJSb,214477,2016.0
Royals,Lorde,https://open.spotify.com/track/2dLLR6qlu5UJ5gk0dKz0h3,190185,2013.0
Humble.,Kendrick Lamar,https://open.spotify.com/track/7ujx3NYtwO2LkmKGz59mXp,177000,2017.0
Easy On Me,Adele,https://open.spotify.com/track/46IZ0fSY2mpAiktS3KOqds,224694,2021.0
Life Is Good,Future Featuring Drake,https://open.spotify.com/track/5yY9lUy8nbvjM1Uyo1Uqoc,237735,2020.0
Party Rock Anthem,LMFAO Featuring Lauren Bennett & GoonRock,https://open.spotify.com/track/7mitXLIMCflkhZiD34uEQI,262146,2011.0
Cheerleader,OMI,https://open.spotify.com/track/4fTHdMTq0Znl3djLI1Typn,180021,2015.0
Stronger,Kanye West,https://open.spotify.com/track/4fzsfWzRhPawzqhX8Qt9F3,311866,2007.0
Lucid Dreams,Juice WRLD,https://open.spotify.com/track/0s3nnoMeVWz3989MkNQiRf,239835,2018.0
Lose Control,Teddy Swims,https://open.spotify.com/track/17phhZDn6oGtzMe56NuWvj,210688,2023.0
Set Fire To The Rain,Adele,https://open.spotify.com/track/3di5hcvxxciiqwMH1jarhY,242973,2011.0
Intentions,Justin Bieber Featuring Quavo,https://open.spotify.com/track/4umIPjkehX1r7uhmGvXiSV,212866,2020.0
Need You Now,Lady Antebellum,https://open.spotify.com/track/11EX5yhxr9Ihl3IN1asrfK,277573,2010.0
The Lazy Song,Bruno Mars,https://open.spotify.com/track/1ExfPZEiahqhLyajhybFeS,189109,2010.0
Don't Start Now,Dua Lipa,https://open.spotify.com/track/7dFC7tmwFknyPq3k32jiik,183290,2019.0
Fireflies,Owl City,https://open.spotify.com/track/3DamFFqW32WihKkTVlwTYQ,228346,2009.0
High Hopes,Panic! At The Disco,https://open.spotify.com/track/1rqqCSm0Qe4I9rUvWncaom,190946,2018.0
Only Girl (In The World),Rihanna,https://open.spotify.com/track/2ENexcMEMsYk0rVJigVD3i,235493,2010.0
Lollipop,Lil Wayne Featuring Static Major,https://open.spotify.com/track/5jnxxpX2834SB6LJ0S73Uz,299333,2008.0
Industry Baby,Lil Nas X & Jack Harlow,https://open.spotify.com/track/5Z9KJZvQzH6PFmb8SNkxuk,212352,2021.0
Last Friday Night (T.G.I.F.),Katy Perry,https://open.spotify.com/track/3oHNJECGN3bBoGXejlw2b1,230733,2010.0
Beautiful Girls,Sean Kingston,https://open.spotify.com/track/4Tf94tAHtlQxjbeeyU3y7C,225373,2007.0
Just Give Me A Reason,P!nk Featuring Nate Ruess,https://open.spotify.com/track/1mKXFLRA179hdOWQBwUk9e,242721,2012.0
What Makes You Beautiful,One Direction,https://open.spotify.com/track/4cluDES4hQEUhmXj6TXkSo,199986,2012.0
Smells Like Teen Spirit,Nirvana,https://open.spotify.com/track/1f3yAtsJtY87CTmM8RLnxf,301920,1991.0
"""Thank U, Next""",Ariana Grande,https://open.spotify.com/track/2rPE9A1vEgShuZxxzR2tZH,207333,2018.0
How You Remind Me,Nickelback,https://open.spotify.com/track/0gmbgwZ8iqyMPmXefof8Yf,223840,2001.0
Earned It (Fifty Shades Of Grey),The Weeknd,https://open.spotify.com/track/4WGyY671Z37inSpCTBJoIm,252226,2014.0
With You,Chris Brown,https://open.spotify.com/track/5Lgcn7u07bHuqbOtXkN62u,252120,2007.0
Psycho,Post Malone Featuring Ty Dolla $ign,https://open.spotify.com/track/3swc6WTsr7rl9DqQKQA55C,221440,2018.0
I Don't Want To Miss A Thing,Aerosmith,https://open.spotify.com/track/6lEuFGrUqR9Yc6hSsHPnYP,299760,1998.0
Positions,Ariana Grande,https://open.spotify.com/track/35mvY5S1H3J2QZyna3TFe0,172324,2020.0
Kryptonite,3 Doors Down,https://open.spotify.com/track/6ZOBP3NvffbU4SZcrnt1k6,233933,2000.0
Summer,Calvin Harris,https://open.spotify.com/track/6YUTL4dYpB9xZO5qExPf05,222533,2014.0
One More Night,Maroon 5,https://open.spotify.com/track/6cpk00i5TxCqSeqNi2HuIe,219546,2012.0
Empire State Of Mind,Jay-Z + Alicia Keys,https://open.spotify.com/track/2igwFfvr1OAGX9SKDCPBwO,276920,2009.0
I Ain't Worried,OneRepublic,https://open.spotify.com/track/4h9wh7iOZ0GGn8QVp4RAOB,148485,2022.0
Beauty And A Beat,Justin Bieber Featuring Nicki Minaj,https://open.spotify.com/track/6QFCMUUq1T2Vf5sFUXcuQ7,227986,2012.0
Irreplaceable,Beyonce,https://open.spotify.com/track/3qim3nNFg4aSTLZDLAFXhx,227666,2006.0
Kiss Me More,Doja Cat Featuring SZA,https://open.spotify.com/track/3DarAbFujv6eYNliUTyqtz,208666,2021.0
No Tears Left To Cry,Ariana Grande,https://open.spotify.com/track/2qT1uLXPVPzGgFOx4jtEuo,205920,2018.0
Rockabye,Clean Bandit Featuring Sean Paul & Anne-Marie,https://open.spotify.com/track/5knuzwU65gJK7IF5yJsuaW,251088,2016.0
Don't Stop 'Til You Get Enough,Michael Jackson,https://open.spotify.com/track/46eu3SBuFCXWsPT39Yg3tJ,364441,1979.0
I'm The One,"""DJ Khaled Featuring Justin Bieber, Quavo, Chance the Rapper & Lil Wayne""",https://open.spotify.com/track/3DXncPQOG4VBw3QHh3S817,288600,2017.0
The Real Slim Shady,Eminem,https://open.spotify.com/track/3yfqSUWxFvZELEM4PmlwIR,284200,2000.0
Better Now,Post Malone,https://open.spotify.com/track/7dt6x5M1jzdTEt8oCbisTK,231266,2018.0
Say So,Doja Cat Featuring Nicki Minaj,https://open.spotify.com/track/3Dv1eDb0MEgF93GpLXlucZ,237894,2019.0
The Monster,Eminem Featuring Rihanna,https://open.spotify.com/track/48RrDBpOSSl1aLVCalGl5C,250188,2013.0
Mr. Brightside,The Killers,https://open.spotify.com/track/7oK9VyNzrYvRFo7nQEYkWN,222586,2004.0
Always,Bon Jovi,https://open.spotify.com/track/2RChe0r2cMoyOvuKobZy44,353026,1994.0
On The Floor,Jennifer Lopez Featuring Pitbull,https://open.spotify.com/track/3C0nOe05EIt1390bVABLyN,284866,2011.0
I Have Nothing,Whitney Houston,https://open.spotify.com/track/31er9IGsfFbwqy1pH4aiTP,289160,1992.0
A Bar Song (Tipsy),Shaboozey,https://open.spotify.com/track/5fZJQrFKWQLb7FpJXZ1g7K,171291,2024.0
21 Questions,50 Cent Featuring Nate Dogg,https://open.spotify.com/track/70FCugJxa7XW04Np6iYJdI,224440,2003.0
One Dance,Drake Featuring Wizkid & Kyla,https://open.spotify.com/track/1xznGGDReH1oQq0xzbwXa3,173986,2016.0
Watermelon Sugar,Harry Styles,https://open.spotify.com/track/6UelLqGlWMcVH1E5c4H7lY,173991,2019.0
I Don't Care,Ed Sheeran & Justin Bieber,https://open.spotify.com/track/0hVXuCcriWRGvwMV1r5Yn9,219946,2019.0
"""Hey, Soul Sister""",Train,https://open.spotify.com/track/4HlFJV71xXKIGcU3kRyttv,216773,2010.0
Losing My Religion,R.E.M.,https://open.spotify.com/track/31AOj9sFz2gM0O3hMARRBx,268426,1991.0
Time After Time,Cyndi Lauper,https://open.spotify.com/track/7o9uu2GDtVDr9nsR7ZRN73,245529,1983.0
Don't Cha,The Pussycat Dolls Featuring Busta Rhymes,https://open.spotify.com/track/0BxfFnk0YzONqvmrkO0QrB,272080,2005.0
Too Sweet,Hozier,https://open.spotify.com/track/5Z0UnEtpLDQyYlWwgi8m9C,251424,2024.0
Lose Yourself,Eminem,https://open.spotify.com/track/1v7L65Lzy0j0vdpRjJewt1,322226,2004.0
Wrecking Ball,Miley Cyrus,https://open.spotify.com/track/2vwlzO0Qp8kfEtzTsCXfyE,221366,2013.0
Scar Tissue,Red Hot Chili Peppers,https://open.spotify.com/track/1G391cbiT3v3Cywg8T7DM1,215906,1999.0
Not Afraid,Eminem,https://open.spotify.com/track/7Ie9W94M7OjPoZVV216Xus,248133,2010.0
Taki Taki,"""DJ Snake Featuring Selena Gomez, Ozuna & Cardi B""",https://open.spotify.com/track/4w8niZpiMy6qz1mntFA5uM,212500,2018.0
Meant To Be,Bebe Rexha & Florida Georgia Line,https://open.spotify.com/track/7iDa6hUg2VgEL1o1HjmfBn,163870,2017.0
Pompeii,Bastille,https://open.spotify.com/track/0sooJd5WbNnnz5k6yO7FIQ,214147,2013.0
Golden,"""HUNTR/X: EJAE, Audrey Nuna & REI AMI""",https://open.spotify.com/track/1CPZ5BxNNd0n0nF4Orb9JS,194607,2025.0
Say My Name,Destiny's Child,https://open.spotify.com/track/7H6ev70Weq6DdpZyyTmUXk,271333,1999.0
Dancing Queen,ABBA,https://open.spotify.com/track/0GjEhVFGZW8afUYGChu3Rr,230400,1976.0
The Box,Roddy Ricch,https://open.spotify.com/track/0nbXyq5TXYPCO7pr3N8S4I,196652,2019.0
All Star,Smash Mouth,https://open.spotify.com/track/3cfOd4CMv2snFaKAnMdnvK,200373,1999.0
Pillowtalk,ZAYN,https://open.spotify.com/track/0PDUDa38GO8lMxLCRc4lL1,202749,2016.0
Sweet But Psycho,Ava Max,https://open.spotify.com/track/25sgk305KZfyuqVBQIahim,187436,2018.0
Wild Thoughts,DJ Khaled Featuring Rihanna & Bryson Tiller,https://open.spotify.com/track/1OAh8uOEOvTDqkKFsKksCi,204173,2017.0
Lonely,Akon,https://open.spotify.com/track/4v7DCN09hgXkKazefkznDQ,235800,2005.0
Rockstar,DaBaby Featuring Roddy Ricch,https://open.spotify.com/track/7ytR5pFWmSjzHJIeQkgog4,181733,2020.0
Gold Digger,Kanye West Featuring Jamie Foxx,https://open.spotify.com/track/1PS1QMdUqOal0ai3Gt7sDQ,207626,2005.0
Rock With You,Michael Jackson,https://open.spotify.com/track/7oOOI85fVQvVnK5ynNMdW7,219926,1979.0
P.I.M.P.,50 Cent,https://open.spotify.com/track/3G0yz3DZn3lfraledmBCT0,249480,2003.0
Blurred Lines,Robin Thicke Featuring T.I. + Pharrell,https://open.spotify.com/track/5PUvinSo4MNqW7vmomGRS7,263053,2013.0
Deja Vu,Olivia Rodrigo,https://open.spotify.com/track/6HU7h9RYOaPRFeh0R3UeAr,215506,2021.0
Ordinary,Alex Warren,https://open.spotify.com/track/2RkZ5LkEzeHGRsmDqKwmaJ,186964,2024.0
Crank That (Soulja Boy),Soulja Boy Tell'em,https://open.spotify.com/track/66TRwr5uJwPt15mfFkzhbi,221933,2007.0
Habits (Stay High),Tove Lo,https://open.spotify.com/track/0a9npeEQIad1Wr4H1RsLPU,209160,2014.0
Mockingbird,Eminem,https://open.spotify.com/track/561jH07mF1jHuk7KlaeF0s,250760,2004.0
I Wanna Dance With Somebody (Who Loves Me),Whitney Houston,https://open.spotify.com/track/2tUBqZG2AbRi7Q0BIrVrEj,292875,1987.0
Stereo Hearts,Gym Class Heroes Featuring Adam Levine,https://open.spotify.com/track/0qOnSQQF0yzuPWsXrQ9paz,210960,2011.0
Butter,BTS,https://open.spotify.com/track/2bgTY4UwhfBYhGT4HUYStN,164441,2021.0
Cold Water,Major Lazer Featuring Justin Bieber & Mo,https://open.spotify.com/track/6DNtNfH8hXkqOX1sjqmI7p,185351,2016.0
Crazy,Gnarls Barkley,https://open.spotify.com/track/1vxw6aYJls2oq3gW0DujAo,177933,2007.0
Dancing With A Stranger,Sam Smith & Normani,https://open.spotify.com/track/6Qs4SXO9dwPj5GKvVOv8Ki,171029,2019.0
Down,Jay Sean Featuring Lil Wayne,https://open.spotify.com/track/6cmm1LMvZdB5zsCwX5BjqE,212506,2009.0
Rockin' Around The Christmas Tree,Brenda Lee,https://open.spotify.com/track/2EjXfH91m7f8HiJN1yQg97,126266,1964.0
Safe And Sound,Capital Cities,https://open.spotify.com/track/6Z8R6UsFuGXGtiIxiD8ISb,192789,2013.0
Get Lucky,Daft Punk Featuring Pharrell Williams,https://open.spotify.com/track/2Foc5Q5nqNiosCNqttzHof,247632,2013.0
Wannabe,Spice Girls,https://open.spotify.com/track/1Je1IMUlBXcx1Fz0WE7oPT,173026,1996.0
Die With A Smile,Lady Gaga & Bruno Mars,https://open.spotify.com/track/2plbrEY59IikOBgBGLjaoe,251667,2024.0
Summertime Sadness,Lana Del Rey vs. Cedric Gervais,https://open.spotify.com/track/1Ist6PR2BZR3n2z2Y5R6S1,264773,2012.0
Eastside,"""Benny Blanco, Halsey & Khalid""",https://open.spotify.com/track/7FGq80cy8juXBCD2nrqdWU,170769,2018.0
Baby,Justin Bieber Featuring Ludacris,https://open.spotify.com/track/6epn3r7S14KUqlReYr77hA,214240,2010.0
Trap Queen,Fetty Wap,https://open.spotify.com/track/5iNRPN7oYQvdB9AmeSW6d3,222093,2015.0
Sad!,XXXTENTACION,https://open.spotify.com/track/3ee8Jmje8o58CHK66QrVC2,166605,2018.0
Whatever It Takes,Imagine Dragons,https://open.spotify.com/track/6Qn5zhYkTa37e91HC1D7lb,201240,2017.0
How To Save A Life,The Fray,https://open.spotify.com/track/5fVZC9GiM4e8vu99W0Xf6J,262533,2005.0
Meet Me Halfway,The Black Eyed Peas,https://open.spotify.com/track/3F9ByoUqu31xU0I3G5xfVg,284373,2009.0
A Sky Full Of Stars,Coldplay,https://open.spotify.com/track/0FDzzruyVECATHXKHFs9eJ,267866,2014.0
Congratulations,Post Malone Featuring Quavo,https://open.spotify.com/track/6syOdAs4IK8kPWR7gDyjRw,220293,2016.0
"""Good Luck, Babe!""",Chappell Roan,https://open.spotify.com/track/0WbMK4wrZ1wFSty9F7FCgu,218423,2024.0
Ghost,Justin Bieber,https://open.spotify.com/track/6I3mqTwhRpn34SLVafSH7G,153190,2021.0
Last Night,Morgan Wallen,https://open.spotify.com/track/7K3BhSpAxZBznislvUMVtn,163854,2023.0
Girlfriend,Avril Lavigne,https://open.spotify.com/track/45hOioMDJktr86iKDHC8gr,216600,2007.0
Problem,Ariana Grande Featuring Iggy Azalea,https://open.spotify.com/track/7vS3Y0IKjde7Xg85LWIEdP,193920,2014.0
You Give Love A Bad Name,Bon Jovi,https://open.spotify.com/track/0rmGAIH9LNJewFw7nKzZnc,222706,1986.0
Temperature,Sean Paul,https://open.spotify.com/track/0svvvbTUgEy79F6Sxweyjo,216320,2005.0
A Thousand Years,Christina Perri,https://open.spotify.com/track/1qU8pLmJNC0V2aSOStjWcX,285120,2019.0
Story Of My Life,One Direction,https://open.spotify.com/track/4nVBt6MZDDP6tRVdQTgxJg,245490,2013.0
Heartless,Kanye West,https://open.spotify.com/track/4EWCNWgDS8707fNSZ1oaA5,211000,2008.0
Die For You,The Weeknd & Ariana Grande,https://open.spotify.com/track/2Ch7LmS7r2Gy2kc64wv3Bz,260252,2016.0
Roses,Saint Jhn,https://open.spotify.com/track/24Yi9hE78yPEbZ4kxyoXAI,176840,2019.0
Don't You Worry Child,Swedish House Mafia Featuring John Martin,https://open.spotify.com/track/2V65y3PX4DkRhy1djlxd9p,212862,2012.0
Telephone,Lady Gaga Featuring Beyonce,https://open.spotify.com/track/4TCL0qqKyqsMZml0G3M9IM,220640,2009.0
Mirrors,Justin Timberlake,https://open.spotify.com/track/03gqZZavMKhWbSjdQvpF6O,485360,2013.0
"""Take Me Home, Country Roads""",John Denver With Fat City,https://open.spotify.com/track/1YYhDizHx7PnDhAhko6cDS,193937,1971.0
Otherside,Red Hot Chili Peppers,https://open.spotify.com/track/64BbK9SFKH2jk86U3dGj2P,255373,1999.0
WAP,Cardi B Featuring Megan Thee Stallion,https://open.spotify.com/track/4Oun2ylbjFKMPTiaSbbCih,187546,2020.0
It Will Rain,Bruno Mars,https://open.spotify.com/track/0M3HkE321xpCbCYqVKzr1q,257720,2011.0
I Had Some Help,Post Malone Featuring Morgan Wallen,https://open.spotify.com/track/5IZXB5IKAD2qlvTPJYDCFB,178205,2024.0
Don't Matter,Akon,https://open.spotify.com/track/7I6DceMT3utDOHjcYCbrr4,293053,2006.0
Always Be My Baby,Mariah Carey,https://open.spotify.com/track/2aBxt229cbLDOvtL7Xbb9x,258133,1995.0
California Gurls,Katy Perry Featuring Snoop Dogg,https://open.spotify.com/track/3f7gYMirBEKuc57218BjOY,234653,2010.0
I'm Good (Blue),David Guetta & Bebe Rexha,https://open.spotify.com/track/4uUG5RXrOk84mYEfFvj3cK,175238,2022.0
Kill Bill,SZA,https://open.spotify.com/track/3OHfY25tqY28d16oZczHc8,153946,2022.0
The Climb,Miley Cyrus,https://open.spotify.com/track/5x5JM1BSB6vollcIzDocqT,234520,2009.0
Super Bass,Nicki Minaj,https://open.spotify.com/track/3hlksXnvbKogFdPbpO9vel,200013,2010.0
Every Breath You Take,The Police,https://open.spotify.com/track/1JSTJqkT5qHq8MDJnJbRE1,253920,1983.0
Unstoppable,Sia,https://open.spotify.com/track/059ACLUOyEcdruA2m9f2jd,217746,2016.0
MIA,Bad Bunny Featuring Drake,https://open.spotify.com/track/116H0KvKr2Zl4RPuVBruDO,210367,2018.0
Disturbia,Rihanna,https://open.spotify.com/track/2VOomzT6VavJOGBeySqaMc,238626,2008.0
I Don't Wanna Live Forever (Fifty Shades Darker),ZAYN / Taylor Swift,https://open.spotify.com/track/6yIdwnpDHufLWgQcveTPMk,245200,2016.0
Better,Khalid,https://open.spotify.com/track/2OpBganfGk2GVdSlRdxzaX,229319,2018.0
Taste,Tyga Featuring Offset,https://open.spotify.com/track/5IaHrVsrferBYDm0bDyABy,232959,2018.0
Shivers,Ed Sheeran,https://open.spotify.com/track/50nfwKoDiSYg8zOCREWAm5,207853,2021.0
American Pie (Parts I & II),Don McLean,https://open.spotify.com/track/1fDsrQ23eTAVFElUMaf38X,516893,1971.0
Dancing In The Dark,Bruce Springsteen,https://open.spotify.com/track/7FwBtcecmlpc1sLySPXeGE,245296,1984.0
Big Girls Don't Cry,Fergie,https://open.spotify.com/track/3Q4WeJmzxuDpzMu9QjQqbM,268120,2006.0
Just A Lil Bit,50 Cent,https://open.spotify.com/track/4nva9EpKntUTs6CRSGBCn9,237706,2005.0
Wake Me Up Before You Go-Go,Wham!,https://open.spotify.com/track/0ikz6tENMONtK6qGkOrU3c,231333,1984.0
(Sittin' On) The Dock Of The Bay,Otis Redding,https://open.spotify.com/track/3zBhihYUHBmGd2bcQIobrF,163755,1968.0
Sign Of The Times,Harry Styles,https://open.spotify.com/track/5Ohxk2dO5COHF1krpoPigN,340706,2017.0
Black Beatles,Rae Sremmurd Featuring Gucci Mane,https://open.spotify.com/track/6fujklziTHa8uoM5OQSfIo,291893,2016.0
Paint The Town Red,Doja Cat,https://open.spotify.com/track/56y1jOTK0XSvJzVv9vHQBK,230466,2023.0
End Of Beginning,Djo,https://open.spotify.com/track/3qhlB30KknSejmIvZZLjOD,159245,2022.0
Under The Bridge,Red Hot Chili Peppers,https://open.spotify.com/track/3d9DChrdc6BOeFsbrZ3Is0,264306,1991.0
Hey There Delilah,Plain White T's,https://open.spotify.com/track/4RCWB3V8V0dignt99LZ8vH,232533,2005.0
California Dreamin',The Mamas & The Papas,https://open.spotify.com/track/4s6LhHAV5SEsOV0lC2tjvJ,162373,1966.0
Kiss Me,Sixpence None the Richer,https://open.spotify.com/track/754kgU5rWscRTfvlsuEwFp,208680,1997.0
Please Please Please,Sabrina Carpenter,https://open.spotify.com/track/5N3hjp1WNayUPZrA8kJmJP,186365,2024.0
I Wanna Love You,Akon Featuring Snoop Dogg,https://open.spotify.com/track/0CXVjQI9wsqaGeIARkkpYc,247066,2006.0
Right Round,Flo Rida,https://open.spotify.com/track/3GpbwCm3YxiWDvy29Uo3vP,204640,2009.0
Chasing Cars,Snow Patrol,https://open.spotify.com/track/5hnyJvgoWiQUYZttV4wXy6,267960,2006.0
Unholy,Sam Smith & Kim Petras,https://open.spotify.com/track/3nqQXoyQOWXiESFLlDF1hG,156943,2022.0
Hey Jude,The Beatles,https://open.spotify.com/track/3m7V717IKZqZLW5qUIOxdD,431333,1973.0
Enemy,Imagine Dragons X JID,https://open.spotify.com/track/1HhNoOuqm1a5MXYEgAFl8o,173381,2021.0
The One That Got Away,Katy Perry,https://open.spotify.com/track/4uQY80TKE1u4ZQZQKHzVEi,227333,2010.0
Let Me Love You,Mario,https://open.spotify.com/track/3ibKnFDaa3GhpPGlOUj7ff,256733,2004.0
Buy U A Drank (Shawty Snappin'),T-Pain Featuring Yung Joc,https://open.spotify.com/track/1tkMs9wDPknQ3ZHcKDw1ES,227960,2007.0
Friends,Marshmello & Anne-Marie,https://open.spotify.com/track/08bNPGLD8AhKpnnERrAc6G,202620,2018.0
Ms. Jackson,OutKast,https://open.spotify.com/track/0I3q5fE6wg7LIfHGngUTnV,270506,2000.0
Style,Taylor Swift,https://open.spotify.com/track/0ug5NqcwcFR2xrfTkc7k8e,231000,2014.0
Right Now (Na Na Na),Akon,https://open.spotify.com/track/2VqAEP1yY5T523K7bZtL8a,240746,2008.0
Sweater Weather,The Neighbourhood,https://open.spotify.com/track/2QjOHCTQ1Jl3zawyYOpxh6,240400,2013.0
Into You,Ariana Grande,https://open.spotify.com/track/7yHEDfrJNd0zWOfXwydNH0,244453,2016.0
Look What You Made Me Do,Taylor Swift,https://open.spotify.com/track/1P17dC1amhFzptugyAO7Il,211853,2017.0
Greedy,Tate McRae,https://open.spotify.com/track/3rUGC1vUpkDG9CZFHMur1t,131872,2023.0
The Sweet Escape,Gwen Stefani Featuring Akon,https://open.spotify.com/track/07K4GcCDSTiXUF5ssyTRUM,246466,2006.0
Under The Influence,Chris Brown,https://open.spotify.com/track/5IgjP7X4th6nMNDh4akUHb,184203,2019.0
Dakiti,Bad Bunny & Jhay Cortez,https://open.spotify.com/track/4MzXwWMhyBbmu6hOcLVD49,205090,2020.0
Forever,Chris Brown,https://open.spotify.com/track/3NZJlJemX3mzjf56MqC5ML,278573,2008.0
Drops Of Jupiter (Tell Me),Train,https://open.spotify.com/track/2hKdd3qO7cWr2Jo0Bcs0MA,259933,2001.0
Hymn For The Weekend,Coldplay,https://open.spotify.com/track/6s3GEN8wK0OMzzzZbXj0fu,212647,2016.0
Don't Go Breaking My Heart,Elton John & Kiki Dee,https://open.spotify.com/track/7HW5WIw7ZgZORCzUxv5gW5,275440,1975.0
Dream On,Aerosmith,https://open.spotify.com/track/5MxNLUsfh7uzROypsoO5qe,266960,1973.0
Bailando,Enrique Iglesias Featuring Descemer Bueno & Gente De Zona,https://open.spotify.com/track/5M830cD7MNeiiwIGHzH9TV,243386,2014.0
We Can't Stop,Miley Cyrus,https://open.spotify.com/track/2y4lAQpi5VTNLu2ldeTdUH,231233,2013.0
Pink Pony Club,Chappell Roan,https://open.spotify.com/track/6393yGahSJ9slVdOwSxOVR,258034,2023.0
Semi-Charmed Life,Third Eye Blind,https://open.spotify.com/track/42et6fnHCw1HIPSrdPprMl,268360,1997.0
Iris,Goo Goo Dolls,https://open.spotify.com/track/6Qyc6fS4DsZjB2mRW9DsQs,289533,1998.0
Wow.,Post Malone,https://open.spotify.com/track/6MWtB6iiXyIwun0YzU6DFP,149520,2018.0
Hollaback Girl,Gwen Stefani,https://open.spotify.com/track/0eqH0ALoDQevq59YcQ53KE,199853,2004.0
I Kissed A Girl,Katy Perry,https://open.spotify.com/track/14iN3o8ptQ8cFVZTEmyQRV,179640,2008.0
Starships,Nicki Minaj,https://open.spotify.com/track/2EBCVPNAG46nbgs6jXPGvv,210626,2012.0
Rather Be,Clean Bandit Featuring Jess Glynne,https://open.spotify.com/track/61dCUoMCg28qEBzrW6htYM,227833,2014.0
HIGHEST IN THE ROOM,Travis Scott,https://open.spotify.com/track/3eekarcy7kvN4yt5ZFzltW,175720,2019.0
Smooth Criminal,Michael Jackson,https://open.spotify.com/track/2bCQHF9gdG5BNDVuEIEnNk,257766,2012.0
Let It Go,Idina Menzel,https://open.spotify.com/track/0qcr5FMsEO85NAQjrlDRKo,223840,2013.0
Ain't No Sunshine,Bill Withers,https://open.spotify.com/track/1k1Bqnv2R0uJXQN4u6LKYt,126458,1971.0
Right Here Waiting,Richard Marx,https://open.spotify.com/track/4LFwNJWoj74Yd71fIr1W8x,264333,1989.0
Adore You,Harry Styles,https://open.spotify.com/track/3jjujdWJ72nww5eGnfs2E7,207139,2019.0
"""Whenever, Wherever""",Shakira,https://open.spotify.com/track/2lnzGkdtDj5mtlcOW2yRtG,196160,2001.0
If I Were A Boy,Beyonce,https://open.spotify.com/track/1oQZk2bKBLgP1cbuFKvjkq,249866,2008.0
Youngblood,5 Seconds of Summer,https://open.spotify.com/track/2iUXsYOEPhVqEBwsqP70rE,203417,2018.0
Sucker,Jonas Brothers,https://open.spotify.com/track/22vgEDb5hykfaTwLuskFGD,181026,2019.0
I Hate U I Love U,Gnash Featuring Olivia O'Brien,https://open.spotify.com/track/7vRriwrloYVaoAe3a9wJHe,251033,2016.0
Snooze,SZA,https://open.spotify.com/track/4iZ4pt7kvcaH6Yo8UoZ4s2,201800,2022.0
Replay,Iyaz,https://open.spotify.com/track/4E5P1XyAFtrjpiIxkydly4,182306,2009.0
You're Still The One,Shania Twain,https://open.spotify.com/track/1wb4P4F0sxAQ2KXrRvsx6n,212200,1997.0
Whatever You Like,T.I.,https://open.spotify.com/track/1IAzD1muglOxOcPbUHs70R,249533,2008.0
I Write Sins Not Tragedies,Panic! At The Disco,https://open.spotify.com/track/5cY8y2XgOfkAh4kSWLFKkz,185586,2005.0
Whatcha Say,Jason Derulo,https://open.spotify.com/track/7xkQdy0cy5ymoWT7nedvLz,221253,2010.0
Cake By The Ocean,DNCE,https://open.spotify.com/track/2aFiaMXmWsM3Vj72F9ksBl,219146,2016.0
Fantasy,Mariah Carey,https://open.spotify.com/track/6xkryXuiZU360Lngd4sx13,243493,1995.0
Feel It Still,Portugal. The Man,https://open.spotify.com/track/6QgjcU0zLnzq5OrUoSZ3OK,163253,2017.0
Pon de Replay,Rihanna,https://open.spotify.com/track/4TsmezEQVSZNNPv5RJ65Ov,246960,2005.0
Bodak Yellow (Money Moves),Cardi B,https://open.spotify.com/track/6KBYefIoo7KydImq1uUQlL,223712,2018.0
We Are The Champions,Queen,https://open.spotify.com/track/1lCRw5FEZ1gPDNPzy1K4zW,179200,1977.0
How Deep Is Your Love,Bee Gees,https://open.spotify.com/track/3ZP18us6p6LHOZMG1LLUjF,241093,2020.0
Live Your Life,T.I. Featuring Rihanna,https://open.spotify.com/track/3jlbL2OTD5YmIunYzgQTAN,338853,2008.0
Genie In A Bottle,Christina Aguilera,https://open.spotify.com/track/11mwFrKvLXCbcVGNxffGyP,217573,1999.0
The Joker,The Steve Miller Band,https://open.spotify.com/track/1bp2IO61zbQrbWNmKKxg3f,264503,1973.0
My Humps,The Black Eyed Peas,https://open.spotify.com/track/20jYtEun4dUdYZ9foaOC48,326960,2005.0
(Everything I Do) I Do It For You,Bryan Adams,https://open.spotify.com/track/1Eb90nmqTrxylKFhcUzW8P,393640,1991.0
Womanizer,Britney Spears,https://open.spotify.com/track/4fixebDZAVToLbUCuEloa2,224034,2008.0
We Can't Be Friends (Wait For Your Love),Ariana Grande,https://open.spotify.com/track/51ZQ1vr10ffzbwIjDCwqm4,228639,2024.0
Break Free,Ariana Grande Featuring Zedd,https://open.spotify.com/track/7cvxrDu7VIhVSOFRNgPegv,214693,2014.0
Fancy,Iggy Azalea Featuring Charli xcx,https://open.spotify.com/track/3oqCnpAoHf3SDFynxx7AU4,199938,2014.0
One Kiss,Calvin Harris & Dua Lipa,https://open.spotify.com/track/7ef4DlsgrMEH11cDZd32M6,214846,2018.0
Before You Go,Lewis Capaldi,https://open.spotify.com/track/2gMXnyrvIjhVBUZwvLZDMP,215106,2019.0
Bad Moon Rising,Creedence Clearwater Revival,https://open.spotify.com/track/20OFwXhEXf12DzwXmaV7fj,141600,1969.0
Barbie Girl,Aqua,https://open.spotify.com/track/5ZrDlcxIDZyjOzHdYW1ydr,197960,1997.0
Am I Wrong,Nico & Vinz,https://open.spotify.com/track/1fidCEsYlaVE3pHwKCvpFZ,245866,2014.0
"""Me, Myself & I""",G-Eazy x Bebe Rexha,https://open.spotify.com/track/40YcuQysJ0KlGQTeGUosTC,251465,2015.0
Panda,Desiigner,https://open.spotify.com/track/5OOkp4U9P9oL23maHFHL1h,246761,2016.0
Day 'N' Nite,Kid Cudi,https://open.spotify.com/track/60PAzFNW3vAiAiVK6DRJfB,221240,2009.0
Sweet Dreams (Are Made Of This),Eurythmics,https://open.spotify.com/track/1TfqLAPs4K3s2rJMoCokcS,216933,1983.0
9 To 5,Dolly Parton,https://open.spotify.com/track/4w3tQBXhn5345eUXDGBWZG,166749,1980.0
Believe,Cher,https://open.spotify.com/track/2goLsvvODILDzeeiT4dAoR,239026,1998.0
Uptown Girl,Billy Joel,https://open.spotify.com/track/5zA8vzDGqPl2AzZkEYQGKh,198294,1983.0
abcdefu,GAYLE,https://open.spotify.com/track/4fouWK6XVHhzl78KzQ1UjL,168601,2021.0
Everything I Wanted,Billie Eilish,https://open.spotify.com/track/3ZCTVFBt2Brf31RLEnCkWJ,245425,2019.0
The Middle,"""Zedd, Maren Morris & Grey""",https://open.spotify.com/track/2ARqIya5NAuvFVHSN3bL0m,184732,2018.0
Like I'm Gonna Lose You,Meghan Trainor Featuring John Legend,https://open.spotify.com/track/7MjKAV0mFiEID9WhDSSzaW,225053,2015.0
Paradise,Coldplay,https://open.spotify.com/track/6nek1Nin9q48AVZcWs9e9D,278719,2011.0
Stick Season,Noah Kahan,https://open.spotify.com/track/0mflMxspEfB0VbI1kyLiAv,182346,2022.0
Gives You Hell,The All-American Rejects,https://open.spotify.com/track/5gb9UJkh8TfrNMRYOJNbew,213106,2008.0
Hold The Line,Toto,https://open.spotify.com/track/4aVuWgvD0X63hcOCnZtNFA,235552,1978.0
"Because You Loved Me (From ""Up Close & Personal"")",Celine Dion,https://open.spotify.com/track/28UMiBhn383n9S7GL4tsxD,273666,1996.0
Castle On The Hill,Ed Sheeran,https://open.spotify.com/track/6PCUP3dWmTjcTtXY02oFdT,261153,2017.0
Crazy Little Thing Called Love,Queen,https://open.spotify.com/track/6xdLJrVj4vIXwhuG8TMopk,163373,1980.0
Let It Be,The Beatles,https://open.spotify.com/track/5V1AHQugSTASVez5ffJtFo,243026,1970.0
Young Dumb & Broke,Khalid,https://open.spotify.com/track/5Z3GHaZ6ec9bsiI5BenrbY,202534,2017.0
Buttons,The Pussycat Dolls Featuring Snoop Dogg,https://open.spotify.com/track/314QzMOrpNUqWBUozYshf6,225560,2005.0
Burn,Ellie Goulding,https://open.spotify.com/track/2GgxS8bUT5G25QJTsfSv0R,231211,2014.0
Best I Ever Had,Drake,https://open.spotify.com/track/3QLjDkgLh9AOEHlhQtDuhs,257690,2009.0
Natural,Imagine Dragons,https://open.spotify.com/track/2FY7b99s15jUprqC0M5NCT,189466,2018.0
Love On The Brain,Rihanna,https://open.spotify.com/track/5oO3drDxtziYU2H1X23ZIp,224000,2016.0
Taste,Sabrina Carpenter,https://open.spotify.com/track/5G2f63n7IPVPPjfNIGih7Q,157279,2024.0
Good Vibrations,The Beach Boys,https://open.spotify.com/track/5t9KYe0Fhd5cW6UYT4qP8f,219026,1967.0
Treasure,Bruno Mars,https://open.spotify.com/track/55h7vJchibLdUkxdlX3fK7,178560,2012.0
Airplanes,B.o.B Featuring Hayley Williams,https://open.spotify.com/track/1QnvpPFP4Q3FHbDchqWiWy,180480,2010.0
Dynamite,Taio Cruz,https://open.spotify.com/track/2CEgGE6aESpnmtfiZwYlbV,202613,2010.0
Rocket Man,Elton John,https://open.spotify.com/track/3gdewACMIVMEWVbyb8O9sY,281613,1972.0
Wildest Dreams,Taylor Swift,https://open.spotify.com/track/1K39ty6o1sHwwlZwO6a7wK,220433,2023.0
Say Something,A Great Big World & Christina Aguilera,https://open.spotify.com/track/5TvE3pk05pyFIGdSY9j4DJ,229400,2014.0
No Diggity,Blackstreet (Featuring Dr. Dre),https://open.spotify.com/track/6MdqqkQ8sSC0WB4i8PyRuQ,304600,1996.0
Ni**as in Paris,Jay Z Kanye West,https://open.spotify.com/track/4Li2WHPkuyCdtmokzW2007,219333,2011.0
Fast Car,Luke Combs,https://open.spotify.com/track/1Lo0QY9cvc8sUB2vnIOxDT,265284,2023.0
The Way You Make Me Feel,Michael Jackson,https://open.spotify.com/track/0sKlV58cODrjxGFOyf9IXY,298121,2012.0
Stay,Zedd & Alessia Cara,https://open.spotify.com/track/0dA2Mk56wEzDgegdC6R17g,210090,2017.0
Bubbly,Colbie Caillat,https://open.spotify.com/track/1lkvpmrCaXK8QtliFDcHBO,196226,2007.0
Pepas,Farruko,https://open.spotify.com/track/2B4GHvToeLTOBB4QLzW3Ni,287120,2021.0
Bad Blood,Taylor Swift Featuring Kendrick Lamar,https://open.spotify.com/track/2NlmmAjGYrrjAp0MED5rGx,211933,2014.0
Paparazzi,Lady Gaga,https://open.spotify.com/track/02XnQdf7sipaKBBHixz3Zp,208306,2008.0
Maps,Maroon 5,https://open.spotify.com/track/4gbVRS8gloEluzf0GzDOFc,189960,2014.0
If I Ain't Got You,Alicia Keys,https://open.spotify.com/track/3XVBdLihbNbxUwZosxcGuJ,228706,2003.0
Pump It,The Black Eyed Peas,https://open.spotify.com/track/2ygMBIctKIAfbEBcT9065L,213066,2005.0
Back In Black,AC/DC,https://open.spotify.com/track/08mG3Y1vljYA6bvDt4Wqkj,256000,1980.0
Mask Off,Future,https://open.spotify.com/track/0VgkVdmE4gld66l8iyGjgx,204600,2017.0
DJ Got Us Fallin' In Love,Usher Featuring Pitbull,https://open.spotify.com/track/4356Typ82hUiFAynbLYbPn,220800,2010.0
Godzilla,Eminem Featuring Juice WRLD,https://open.spotify.com/track/7FIWs0pqAYbP91WWM0vlTQ,210800,2020.0
Take On Me,a-ha,https://open.spotify.com/track/2WfaOiMkCvy7F5fcp2zZ8L,225280,1985.0
Boulevard Of Broken Dreams,Green Day,https://open.spotify.com/track/1hwJKpe0BPUsq6UUrwBWTw,261266,2004.0
Astronaut In The Ocean,Masked Wolf,https://open.spotify.com/track/0BGwAKW4u8kWOhWFflZxfl,132780,2019.0
Smooth,Santana Featuring Rob Thomas,https://open.spotify.com/track/0n2SEXB2qoRQg171q7XqeW,294986,1999.0
You're The One That I Want,John Travolta & Olivia Newton-John,https://open.spotify.com/track/0B9x2BRHqj3Qer7biM3pU3,169840,1978.0
Unchained Melody,The Righteous Brothers,https://open.spotify.com/track/2qhASBzpbFhPRtrnZ5lLnz,218013,1965.0
Wild Ones,Flo Rida Featuring Sia,https://open.spotify.com/track/1NpW5kyvO4XrNJ3rnfcNy3,232946,2012.0
Before He Cheats,Carrie Underwood,https://open.spotify.com/track/0ZUo4YjG4saFnEJhdWp9Bt,199939,2005.0
It Ain't Me,Kygo x Selena Gomez,https://open.spotify.com/track/3eR23VReFzcdmS7TYCrhCe,220780,2017.0
I Knew You Were Trouble.,Taylor Swift,https://open.spotify.com/track/2o2IVjuqRkR9hJxtPjtAP0,219720,2017.0
Call Me Maybe,Carly Rae Jepsen,https://open.spotify.com/track/6ol4ZSifr7r3Lb2a9L5ZAB,193466,2012.0
Dust In The Wind,Kansas,https://open.spotify.com/track/6zeE5tKyr8Nu882DQhhSQI,206266,1977.0
Dangerous Woman,Ariana Grande,https://open.spotify.com/track/7l94dyN2hX9c6wWcZQuOGJ,235946,2016.0
Con Calma,Daddy Yankee & Katy Perry Featuring Snow,https://open.spotify.com/track/5w9c2J52mkdntKOmRLeM2m,193226,2019.0
Run This Town,"""Jay-Z, Rihanna & Kanye West""",https://open.spotify.com/track/7LR85XLWw2yXqKBSI5brbG,267520,2009.0
Hey Mama,"""David Guetta Featuring Nicki Minaj, Bebe Rexha & Afrojack""",https://open.spotify.com/track/285HeuLxsngjFn4GGegGNm,192560,2014.0
You Broke Me First.,Tate McRae,https://open.spotify.com/track/45bE4HXI0AwGZXfZtMp8JR,169265,2020.0
Feel This Moment,Pitbull Featuring Christina Aguilera,https://open.spotify.com/track/0Hf4aIJpsN4Os2f0y0VqWl,229500,2012.0
November Rain,Guns N' Roses,https://open.spotify.com/track/3YRCqOhFifThpSRFJ1VWFM,536066,1991.0
Fallin',Alicia Keys,https://open.spotify.com/track/0KQx6HOpJueiSkztcS0r7D,210200,2001.0
Where Have You Been,Rihanna,https://open.spotify.com/track/3tyPOhuVnt5zd5kGfxbCyL,242680,2011.0
Bad Day,Daniel Powter,https://open.spotify.com/track/0mUyMawtxj1CJ76kn9gIZK,233640,2005.0
Creepin',"""Metro Boomin, The Weeknd & 21 Savage""",https://open.spotify.com/track/2dHHgzDwk4BJdRwy9uXhTO,221520,2022.0
Love Song,Sara Bareilles,https://open.spotify.com/track/4E6cwWJWZw2zWf7VFbH7wf,258483,2007.0
Fight Song,Rachel Platten,https://open.spotify.com/track/37f4ITSlgPX81ad2EvmVQr,204013,2016.0
Your Song,Elton John,https://open.spotify.com/track/38zsOOcu31XbbYj9BIPUF1,241786,1970.0
Lovin On Me,Jack Harlow,https://open.spotify.com/track/4xhsWYTOGcal8zt0J161CU,138411,2023.0
Unwritten,Natasha Bedingfield,https://open.spotify.com/track/3U5JVgI2x4rDyHGObzJfNf,259333,2004.0
Don't Stop Believin',Journey,https://open.spotify.com/track/4bHsxqR3GMrXTxEPLuK5ue,250986,1981.0
Good Feeling,Flo Rida,https://open.spotify.com/track/2LEF1A8DOZ9wRYikWgVlZ8,248133,2012.0
Everybody [Backstreet's Back],Backstreet Boys,https://open.spotify.com/track/1di1BEgJYzPvXUuinsYJGP,225360,1997.0
Million Dollar Baby,Tommy Richman,https://open.spotify.com/track/5AJ9hqTS2wcFQCELCFRO7A,155151,2024.0
Twist And Shout,The Beatles,https://open.spotify.com/track/5ZBeML7Lf3FMEVviTyvi8l,155226,1963.0
Down Under,Men at Work,https://open.spotify.com/track/3ZZq9396zv8pcn5GYVhxUi,222320,1981.0
Enter Sandman,Metallica,https://open.spotify.com/track/5sICkBXVmaCQk5aISGR3x1,331266,1991.0
Proud Mary,Creedence Clearwater Revival,https://open.spotify.com/track/6pxWv6GV35VGmcPf5dh6CH,187213,1969.0
Adventure Of A Lifetime,Coldplay,https://open.spotify.com/track/69uxyAqqPIsUyTO8txoP2M,263786,2015.0
Nice For What,Drake,https://open.spotify.com/track/3CA9pLiwRIGtUBiMjbZmRw,210746,2018.0
I Will Survive,Gloria Gaynor,https://open.spotify.com/track/7rIovIsXE6kMn629b7kDig,296106,1978.0
Man I Need,Olivia Dean,https://open.spotify.com/track/1qbmS6ep2hbBRaEZFpn7BX,184000,2025.0
You Found Me,The Fray,https://open.spotify.com/track/4IoYz8XqqdowINzfRrFnhi,241853,2009.0
Livin' La Vida Loca,Ricky Martin,https://open.spotify.com/track/0Ph6L4l8dYUuXFmb71Ajnd,243160,1999.0
Break My Heart,Dua Lipa,https://open.spotify.com/track/017PF4Q3l4DBUiWoXk4OWT,221820,2020.0
Brown Eyed Girl,Van Morrison,https://open.spotify.com/track/3yrSvpt2l1xhsV9Em88Pul,183306,1967.0
Goosebumps,Travis Scott,https://open.spotify.com/track/6gBFPUFcJLzWGx4lenP6h2,243836,2016.0
Numb,Linkin Park,https://open.spotify.com/track/1y1sChqjzdNWzwdHQADMrR,187520,2003.0
Let's Stay Together,Al Green,https://open.spotify.com/track/63xdwScd1Ai1GigAwQxE8y,199396,1972.0
In My Feelings,Drake,https://open.spotify.com/track/2G7V7zsVDxg1yRsu7Ew9RJ,217925,2018.0
Ride Wit Me,Nelly Featuring City Spud,https://open.spotify.com/track/3Gf5nttwcX9aaSQXRWidEZ,291781,2000.0
If You Leave Me Now,Chicago,https://open.spotify.com/track/0KMGxYKeUzK9wc5DZCt3HT,235373,1976.0
My Heart Will Go On,Celine Dion,https://open.spotify.com/track/33LC84JgLvK2KuW43MfaNq,280000,1997.0
Killer Queen,Queen,https://open.spotify.com/track/1CnN9udhDokm7lARZjMji2,179600,1974.0
Goodbye Yellow Brick Road,Elton John,https://open.spotify.com/track/4IRHwIZHzlHT1FQpRa5RdE,192826,1973.0
Rain On Me,Lady Gaga & Ariana Grande,https://open.spotify.com/track/7ju97lgwC2rKQ6wwsf9no9,182200,2020.0
Redbone,Childish Gambino,https://open.spotify.com/track/3kxfsdsCpFgN412fpnW85Y,326933,2016.0
Boom Boom Pow,The Black Eyed Peas,https://open.spotify.com/track/3oDFtOhcN08qeDPAK6MEQG,251440,2009.0
Yummy,Justin Bieber,https://open.spotify.com/track/1Eyu2wV1pVTgAY8PyIh41R,209177,2021.0
Laugh Now Cry Later,Drake Featuring Lil Durk,https://open.spotify.com/track/2SAqBLGA283SUiwJ3xOUVI,261492,2020.0
"""Young, Wild & Free""",Snoop Dogg & Wiz Khalifa Featuring Bruno Mars,https://open.spotify.com/track/3FNy4yzOhHhFBeA5p4ofoq,207346,2011.0
Gangnam Style,PSY,https://open.spotify.com/track/03UrZgTINDqvnUMbbIMhql,219493,2012.0
Sweet Caroline (Good Times Never Seemed So Good),Neil Diamond,https://open.spotify.com/track/62AuGbAkt8Ox2IrFFb8GKV,203573,1969.0
Teenage Dream,Katy Perry,https://open.spotify.com/track/235LXPXfi0SmOaS9TaCh3c,227741,2010.0
All The Stars,Kendrick Lamar & SZA,https://open.spotify.com/track/3GCdLUSnKSMJhs4Tj6CV3s,232186,2018.0
Wind Of Change,Scorpions,https://open.spotify.com/track/3ovjw5HZZv43SxTwApooCM,312360,1990.0
Love Me Harder,Ariana Grande & The Weeknd,https://open.spotify.com/track/5J4ZkQpzMUFojo1CtAZYpn,236133,2014.0
Paralyzer,Finger Eleven,https://open.spotify.com/track/28IEbk5a7twNTbUEvWslUb,208106,2007.0
Suspicious Minds,Elvis Presley,https://open.spotify.com/track/1H5IfYyIIAlgDX8zguUzns,263135,1969.0
What I've Done,Linkin Park,https://open.spotify.com/track/4wfyFIRnxdIN0v4OGtXcX3,205613,2007.0
Dilemma,Nelly Featuring Kelly Rowland,https://open.spotify.com/track/0ARK753YaiJbpLUk7z5yIM,289160,2002.0
Kings & Queens,Ava Max,https://open.spotify.com/track/7a53HqqArd4b9NF4XAmlbI,162398,2020.0
All That She Wants,Ace of Base,https://open.spotify.com/track/6kWJvPfC4DgUpRsXKNa9z9,211213,1993.0
Drop It Like It's Hot,Snoop Dogg Featuring Pharrell,https://open.spotify.com/track/70ludZZEUJy1aFVkPI0Kpi,266066,2004.0
Finesse,Bruno Mars & Cardi B,https://open.spotify.com/track/3Vo4wInECJQuz9BIBMOu8i,217288,2017.0
Toxic,Britney Spears,https://open.spotify.com/track/6I9VzXrHxO9rA9A5euc8Ak,198800,2003.0
Glamorous,Fergie Featuring Ludacris,https://open.spotify.com/track/4N0tDOF2bo9JEpSqLNlpjq,246600,2006.0
Whistle,Flo Rida,https://open.spotify.com/track/3bC1ahPIYt1btJzSSEyyrF,224653,2012.0
Footloose,Kenny Loggins,https://open.spotify.com/track/6W2VbtvMrDXm5vYeB7amkO,220706,1997.0
Waterfalls,TLC,https://open.spotify.com/track/6qspW4YKycviDFjHBOaqUY,279506,1994.0
Because Of You,Kelly Clarkson,https://open.spotify.com/track/5Rxa51j0MHgHvauEvglo1R,219613,2004.0
I Want To Know What Love Is,Foreigner,https://open.spotify.com/track/1JLn8RhQzHz3qDqsChcmBl,304786,1984.0
Carry On Wayward Son,Kansas,https://open.spotify.com/track/4DMKwE2E2iYDKY01C335Uw,323000,1976.0
Dani California,Red Hot Chili Peppers,https://open.spotify.com/track/10Nmj3JCNoMeBQ87uw5j8k,282160,2006.0
Sweet Home Alabama,Lynyrd Skynyrd,https://open.spotify.com/track/7e89621JPkKaeDSTQ3avtg,283800,1974.0
"""Hold On, We're Going Home""",Drake Featuring Majid Jordan,https://open.spotify.com/track/6jdOi5U5LBzQrc4c1VT983,227880,2013.0
Fergalicious,Fergie,https://open.spotify.com/track/6Q44rxzH39y2tjic98Spo5,292373,2006.0
Ain't No Mountain High Enough,Marvin Gaye & Tammi Terrell,https://open.spotify.com/track/7tqhbajSfrz2F7E1Z75ASX,151666,1967.0
Messy,Lola Young,https://open.spotify.com/track/35ISBknsCeZQtq66xABI9g,284066,2024.0
Night Fever,Bee Gees,https://open.spotify.com/track/0qemIQjSxcKyf42VPfZnfa,212800,2020.0
I Remember Everything,Zach Bryan Featuring Kacey Musgraves,https://open.spotify.com/track/4KULAymBBJcPRpk1yO4dOG,227195,2023.0
All Out Of Love,Air Supply,https://open.spotify.com/track/7dQC53NiYOY9gKg3Qsu2Bs,243000,1980.0
Moonlight,XXXTENTACION,https://open.spotify.com/track/0JP9xo3adEtGSdUEISiszL,135090,2018.0
Man! I Feel Like A Woman!,Shania Twain,https://open.spotify.com/track/6sxptembJVty4sNtcPMAVz,234493,1997.0
Vampire,Olivia Rodrigo,https://open.spotify.com/track/1kuGVB7EU95pJObxwvfwKS,219724,2023.0
Bad And Boujee,Migos Featuring Lil Uzi Vert,https://open.spotify.com/track/4Km5HrUvYTaSUfiSGPJeQR,343150,2017.0
(Don't Fear) The Reaper,Blue Oyster Cult,https://open.spotify.com/track/5QTxFnGygVM4jFQiBovmRo,308123,1976.0
Bleeding Love,Leona Lewis,https://open.spotify.com/track/7wZUrN8oemZfsEd1CGkbXE,262466,2007.0
American Boy,Estelle Featuring Kanye West,https://open.spotify.com/track/22UDw8rSfLbUsaAGTXQ4Z8,284733,2008.0
Wide Awake,Katy Perry,https://open.spotify.com/track/5JLv62qFIS1DR3zGEcApRt,220946,2012.0
We Are Never Ever Getting Back Together,Taylor Swift,https://open.spotify.com/track/6kISMRfweKSvgHR0urMQFG,193146,2012.0
Water,Tyla,https://open.spotify.com/track/5aIVCx5tnk0ntmdiinnYvw,200255,2023.0
"""Dance, Dance""",Fall Out Boy,https://open.spotify.com/track/0a7BloCiNzLDD9qSQHh5m7,180266,2005.0
When The Party's Over,Billie Eilish,https://open.spotify.com/track/43zdsphuZLzwA9k4DJhU0I,196077,2019.0
It's My Life,Bon Jovi,https://open.spotify.com/track/0v1XpBHnsbkCn7iJ9Ucr1l,224493,2000.0
Give It To Me,Timbaland Featuring Nelly Furtado & Justin Timberlake,https://open.spotify.com/track/0wbDgMuAoy7O7pL3a69uZx,234026,2007.0
1-800-273-8255,Logic Featuring Alessia Cara & Khalid,https://open.spotify.com/track/5aFQU3VPCQ3YGfKBA4tLfj,250173,2017.0
Karma Chameleon,Culture Club,https://open.spotify.com/track/2wSAWEYUHkt92X4SBAPqZE,252773,1983.0
Miss Independent,Ne-Yo,https://open.spotify.com/track/1yJ5fyqBusR7Verj8JGsKV,232000,2008.0
I Know You Want Me (Calle Ocho),Pitbull,https://open.spotify.com/track/5RzFJd6W40SDTyZkX6xx45,237120,2009.0
I Want It That Way,Backstreet Boys,https://open.spotify.com/track/47BBI51FKFwOMlIiX6m8ya,213306,1999.0
SOS,Rihanna,https://open.spotify.com/track/3sBmTwwsCwty2RNjOOvRVu,238920,2006.0
Enjoy The Silence,Depeche Mode,https://open.spotify.com/track/1JekRMGQ8iN4G1AAdh0SBa,372826,1990.0
What's My Name?,Rihanna Featuring Drake,https://open.spotify.com/track/5FTCKvxzqy72ceS4Ujux4N,263173,2010.0
One Last Breath,Creed,https://open.spotify.com/track/42T2QQv3xgBlpQxaSP7lnK,238240,2001.0
We Didn't Start The Fire,Billy Joel,https://open.spotify.com/track/3Cx4yrFaX8CeHwBMReOWXI,291100,1989.0
Stargazing,Myles Smith,https://open.spotify.com/track/3Vr3zh0r7ALn8VLqCiRR10,172533,2024.0
Maria Maria,Santana Featuring The Product G&B,https://open.spotify.com/track/567UAkWoLBqZ709s3Qcbze,261973,1999.0
What's Up?,4 Non Blondes,https://open.spotify.com/track/0jWgAnTrNZmOGmqgvHhZEm,295533,1992.0
About Damn Time,Lizzo,https://open.spotify.com/track/6HMtHNpW6YPi1hrw9tgF8P,191937,2022.0
Sexy And I Know It,LMFAO,https://open.spotify.com/track/70Vdd1gx5tn84jkAU31ASv,199480,2011.0
Hawai,Maluma & The Weeknd,https://open.spotify.com/track/1yoMvmasuxZfqHEipJhRbp,199112,2020.0
Stronger (What Doesn't Kill You),Kelly Clarkson,https://open.spotify.com/track/1nInOsHbtotAmEOQhtvnzP,221946,2011.0
Wouldn't It Be Nice,The Beach Boys,https://open.spotify.com/track/2Gy7qnDwt8Z3MNxqat4CsK,153205,1966.0
Oops!...I Did It Again,Britney Spears,https://open.spotify.com/track/6naxalmIoLFWR0siv8dnQQ,211160,2000.0
Feel Good Inc,Gorillaz,https://open.spotify.com/track/0d28khcov6AiegSCpG5TuT,222640,2005.0
Lose You To Love Me,Selena Gomez,https://open.spotify.com/track/1HfMVBKM75vxSfsQ5VefZ5,206458,2019.0
Time Of Our Lives,Pitbull & Ne-Yo,https://open.spotify.com/track/2bJvI42r8EF3wxjOuDav4r,229358,2014.0
So Sick,Ne-Yo,https://open.spotify.com/track/6brl7bwOHmGFkNw3MBqssT,207186,2006.0
Needed Me,Rihanna,https://open.spotify.com/track/1Tt4sE4pXi57mTD1GCzsqm,191600,2016.0
My House,Flo Rida,https://open.spotify.com/track/6Knv6wdA0luoMUuuoYi2i1,192190,2015.0
Wolves,Selena Gomez X Marshmello,https://open.spotify.com/track/7EmGUiUaOSGDnUUQUDrOXC,197993,2017.0
Mo Money Mo Problems,The Notorious B.I.G. Featuring Puff Daddy & Mase,https://open.spotify.com/track/4INDiWSKvqSKDEu7mh8HFz,257399,1997.0
Call Out My Name,The Weeknd,https://open.spotify.com/track/09mEdoA6zrmBPgTEN5qXmN,228373,2018.0
Heart Attack,Demi Lovato,https://open.spotify.com/track/1V6gIisPpYqgFeWbMLI0bA,210840,2013.0
Scars To Your Beautiful,Alessia Cara,https://open.spotify.com/track/42ydLwx4i5V49RXHOozJZq,230226,2016.0
Wasted On You,Morgan Wallen,https://open.spotify.com/track/3cBsEDNhFI9E82vPj3kvi3,178520,2021.0
A Milli,Lil Wayne,https://open.spotify.com/track/3uqinR4FCjLv28bkrTdNX5,221840,2008.0
Roses,The Chainsmokers Featuring ROZES,https://open.spotify.com/track/3FWPoYBDserKdzcattMFGa,225813,2015.0
Hotel Room Service,Pitbull,https://open.spotify.com/track/6Rb0ptOEjBjPPQUlQtQGbL,237640,2009.0
Sorry Not Sorry,Demi Lovato,https://open.spotify.com/track/7gvd8xj4QgPqbQSsn5pV7d,203760,2017.0
Roxanne,Arizona Zervas,https://open.spotify.com/track/696DnlkuDOXcMAnKlTgXXK,163636,2019.0
No Guidance,Chris Brown Featuring Drake,https://open.spotify.com/track/6XHVuErjQ4XNm6nDPVCxVX,260645,2019.0
Daylight,David Kushner,https://open.spotify.com/track/1odExI7RdWc4BT515LTAwj,212953,2023.0
Want To Want Me,Jason Derulo,https://open.spotify.com/track/7oGZAicScQt96OAW4AruYy,207719,2015.0
Let Me Blow Ya Mind,Eve Featuring Gwen Stefani,https://open.spotify.com/track/3RmKpob8xzv1pzHEQrMJah,230133,2001.0
First Class,Jack Harlow,https://open.spotify.com/track/0wHFktze2PHC5jDt3B17DC,173947,2022.0
Something In The Orange,Zach Bryan,https://open.spotify.com/track/3WMj8moIAXJhHsyLaqIIHI,228013,2022.0
Welcome To The Black Parade,My Chemical Romance,https://open.spotify.com/track/5wQnmLuC1W7ATsArWACrgW,311106,2006.0
Thats What I Want,Lil Nas X,https://open.spotify.com/track/0e8nrvls4Qqv5Rfa2UhqmO,143901,2021.0
Bartender,T-Pain Featuring Akon,https://open.spotify.com/track/1RGIjMFMgJxkZHMDXVYzOJ,238800,2007.0
One Call Away,Charlie Puth,https://open.spotify.com/track/7soJgKhQTO8hLP2JPRkL5O,194453,2016.0
What Lovers Do,Maroon 5 Featuring SZA,https://open.spotify.com/track/0GxQ1A5L9xnMOytbP6eKBG,199849,2018.0
Riptide,Vance Joy,https://open.spotify.com/track/7yq4Qj7cqayVTp3FF9CWbm,204280,2014.0
Love You Like A Love Song,Selena Gomez & The Scene,https://open.spotify.com/track/0laYHRpNTS6i8FXdupHkJ4,188453,2011.0
Elastic Heart,Sia,https://open.spotify.com/track/6kwAbEjseqBob48jCus7Sz,257200,2014.0
Without You,The Kid Laroi,https://open.spotify.com/track/27OeeYzk6klgBh83TSvGMA,161384,2020.0
Cuff It,Beyonce,https://open.spotify.com/track/1xzi1Jcr7mEi9K2RfzLOqS,225388,2022.0
You Proof,Morgan Wallen,https://open.spotify.com/track/5W4kiM2cUYBJXKRudNyxjW,157477,2023.0
Locked Away,R. City Featuring Adam Levine,https://open.spotify.com/track/7x5xYW5W42OGPAdHUyyguy,227475,2015.0
Lovely,Billie Eilish & Khalid,https://open.spotify.com/track/0u2P5u6lvoDfwTYjAADbn4,200185,2018.0
Truth Hurts,Lizzo,https://open.spotify.com/track/3HWzoMvoF3TQfYg4UPszDq,173325,2019.0
Centuries,Fall Out Boy,https://open.spotify.com/track/04aAxqtGp5pv12UXAg4pkq,228360,2015.0
Nothing's Gonna Stop Us Now,Starship,https://open.spotify.com/track/3X7uFMzJrEE0sxn62qd8Ch,270333,1987.0
Use Somebody,Kings of Leon,https://open.spotify.com/track/5VGlqQANWDKJFl0MBG3sg2,230760,2008.0
Truly Madly Deeply,Savage Garden,https://open.spotify.com/track/013AWvizllIUEC2FOBzOnh,277266,1997.0
"Regulate (From ""Above The Rim"")",Warren G & Nate Dogg,https://open.spotify.com/track/7nYvUtkQMx1v80S2FH2s9J,248866,1994.0
Be Alright,Dean Lewis,https://open.spotify.com/track/5qrSlOut2rNAWv3ubArkNy,196493,2019.0
Since U Been Gone,Kelly Clarkson,https://open.spotify.com/track/6bHfdV6JWdB9HxBs4yqz50,188893,2004.0
For The Night,Pop Smoke Featuring Lil Baby & DaBaby,https://open.spotify.com/track/0PvFJmanyNQMseIFrU708S,190476,2020.0
I Love It,Icona Pop Featuring Charli xcx,https://open.spotify.com/track/12zpU2S4lMdrK9dvsOoL1m,157152,2013.0
Until I Found You,Stephen Sanchez,https://open.spotify.com/track/6VhuP99TE6gYNQRJIlAWFD,176666,2022.0
Mercy,Shawn Mendes,https://open.spotify.com/track/7evPpWWu01Klxi0KlPxR17,208733,2016.0
34+35,Ariana Grande Feat. Doja Cat & Megan Thee Stallion,https://open.spotify.com/track/6Im9k8u9iIzKMrmV7BWtlF,173710,2020.0
Him & I,G-Eazy & Halsey,https://open.spotify.com/track/5k38wzpLb15YgncyWdTZE4,268866,2017.0
Young And Beautiful,Lana Del Rey,https://open.spotify.com/track/2nMeu6UenVvwUktBCpLMK9,236053,2013.0
Turn Down For What,DJ Snake & Lil Jon,https://open.spotify.com/track/67awxiNHNyjMXhVgsHuIrs,213733,2013.0
Birthday Sex,Jeremih,https://open.spotify.com/track/16XNk3bVCSHXN1rlwbXtHb,226506,2009.0
Provenza,Karol G,https://open.spotify.com/track/7dSZ6zGTQx66c2GF91xCrb,210200,2022.0
One Last Time,Ariana Grande,https://open.spotify.com/track/7xoUc6faLbCqZO6fQEYprd,197266,2014.0
"""10,000 Hours""",Dan + Shay & Justin Bieber,https://open.spotify.com/track/2wrJq5XKLnmhRXHIAf9xBa,167693,2019.0
"Nuthin' But A ""G"" Thang",Dr. Dre,https://open.spotify.com/track/4YtoipFgf4k0AfD17ZfD5X,238466,1992.0
Breakeven,The Script,https://open.spotify.com/track/285hMzLhJwHVLe9QT9qilk,261426,2008.0
Let You Down,NF,https://open.spotify.com/track/52okn5MNA47tk87PeZJLEL,212120,2017.0
Imagine,John Lennon/Plastic Ono Band,,,
Rap God,Eminem,https://open.spotify.com/track/6or1bKJiZ06IlK0vFvY75k,363521,2013.0
La Tortura,Shakira Feat. Alejandro Sanz,https://open.spotify.com/track/5BSclXJTa9B0iURhUjZo50,212893,2005.0
Latch,Disclosure Featuring Sam Smith,https://open.spotify.com/track/4kTBakk3h2S678cajDcVTw,255631,2013.0
Hot In Herre,Nelly,https://open.spotify.com/track/04KTF78FFg8sOHC1BADqbY,228240,2002.0
How Deep Is Your Love,Calvin Harris & Disciples,https://open.spotify.com/track/22mek4IiqubGD9ctzxc69s,212495,2015.0
Thnks Fr Th Mmrs,Fall Out Boy,https://open.spotify.com/track/3Zwu2K0Qa5sT6teCCHPShP,203506,2007.0
Family Affair,Mary J. Blige,https://open.spotify.com/track/3aw9iWUQ3VrPQltgwvN9Xu,265866,2001.0
XO TOUR Llif3,Lil Uzi Vert,https://open.spotify.com/track/7GX5flRQZVHRAGd6B4TmDO,182706,2017.0
Suga Suga,Baby Bash Featuring Frankie J,https://open.spotify.com/track/6Nq5lE0CeOAAAqN4qhkbZU,239026,2003.0
Talk Dirty,Jason Derulo Featuring 2 Chainz,https://open.spotify.com/track/31JwK4iHCf75rnQWoMPU5t,177685,2013.0
Paper Planes,M.I.A.,https://open.spotify.com/track/1ixbwbeBi5ufN4noUKmW5a,205200,2007.0
This Love,Maroon 5,https://open.spotify.com/track/6ECp64rv50XVz93WvxXMGF,206200,2002.0
Titi Me Pregunto,Bad Bunny,https://open.spotify.com/track/1IHWl5LamUGEuP4ozKQSXZ,243716,2022.0
Let It Go,James Bay,https://open.spotify.com/track/40EB7ABUO6MoWMUwPKptJ7,260532,2015.0
"It Must Have Been Love (From ""Pretty Woman"")",Roxette,https://open.spotify.com/track/6kvoHl80mfCVTv7XnZkjQn,259665,1990.0
Stolen Dance,Milky Chance,https://open.spotify.com/track/2jiPHbFX5XM8TjaTfYJ0eo,313684,2013.0
Part Of Me,Katy Perry,https://open.spotify.com/track/1nZzRJbFvCEct3uzu04ZoL,216160,2012.0
Loyal,Chris Brown Featuring Lil Wayne & French Montana Or Too $hort Or Tyga,https://open.spotify.com/track/5BrTUo0xP1wKXLJWUaGFtk,264938,2014.0
International Love,Pitbull Featuring Chris Brown,https://open.spotify.com/track/62zFEHfAYl5kdHYOivj4BC,227280,2011.0
Never Be The Same,Camila Cabello,https://open.spotify.com/track/4eWQlBRaTjPPUlzacqEeoQ,226986,2018.0
I Love Rock 'N Roll,Joan Jett & The Blackhearts,https://open.spotify.com/track/2Cdvbe2G4hZsnhNMKyGrie,175173,1981.0
Gimme More,Britney Spears,https://open.spotify.com/track/6ic8OlLUNEATToEFU3xmaH,251244,2007.0
What Was I Made For?,Billie Eilish,https://open.spotify.com/track/6wf7Yu7cxBSPrRlWeSeK0Q,222369,2023.0
Stuck With U,Ariana Grande & Justin Bieber,https://open.spotify.com/track/4HBZA5flZLE435QTztThqH,228482,2020.0
LoveGame,Lady Gaga,https://open.spotify.com/track/5iHDEI2GIsx3YEa9OXPtRJ,216333,2009.0
Don't Wanna Know,Maroon 5 Featuring Kendrick Lamar,https://open.spotify.com/track/2QbFClFyhMMtiurUjuQlAe,214265,2017.0
Not Like Us,Kendrick Lamar,https://open.spotify.com/track/6AI3ezQ4o3HUoP6Dhudph3,274192,2024.0
Lover,Taylor Swift,https://open.spotify.com/track/1dGr1c8CrMLDpV6mPbImSI,221306,2019.0
Love Me,Lil Wayne Featuring Drake & Future,https://open.spotify.com/track/2XHzzp1j4IfTNp1FTn7YFg,255053,2013.0
Piano Man,Billy Joel,https://open.spotify.com/track/70C4NyhjD5OZUMzvWZ3njJ,339000,1973.0
"""Break Up With Your Girlfriend, I'm Bored""",Ariana Grande,https://open.spotify.com/track/4kV4N9D1iKVxx1KLvtTpjS,190440,2019.0
I'm On Fire,Bruce Springsteen,https://open.spotify.com/track/3PzsbWSQdLCKDLxn7YZfkM,159313,1984.0
Remember The Time,Michael Jackson,https://open.spotify.com/track/4jnFqNWeJCeCRHc4HCdxfd,240134,1991.0
I Like Me Better,Lauv,https://open.spotify.com/track/2P91MQbaiQOfbiz9VqhqKQ,197436,2018.0
Good Life,Kanye West Featuring T-Pain,https://open.spotify.com/track/4ZPdLEztrlZqbJkgHNw54L,207000,2007.0
Passionfruit,Drake,https://open.spotify.com/track/7hDc8b7IXETo14hHIHdnhd,298940,2017.0
Like A Prayer,Madonna,https://open.spotify.com/track/1z3ugFmUKoCzGsI6jdY4Ci,342680,2009.0
Hero,Mariah Carey,https://open.spotify.com/track/4FCb4CUbFCMNRkI6lYc1zI,257733,1993.0
Hypnotize,The Notorious B.I.G.,https://open.spotify.com/track/7KwZNVEaqikRSBSpyhXK2j,229826,1997.0
Nothin' On You,B.o.B Featuring Bruno Mars,https://open.spotify.com/track/4X5xWMINgGA6l0GoyYkMcr,268320,2010.0
Best Day Of My Life,American Authors,https://open.spotify.com/track/0Dho96aJIZ5LJZXyPllbWA,194186,2014.0
Jump Around,House Of Pain,https://open.spotify.com/track/2oTDOIAdsxPTE7yAp4YOcv,214946,1992.0
Holy,Justin Bieber Featuring Chance the Rapper,https://open.spotify.com/track/6Xgq7MvZiet0hVi3KaDSgJ,212093,2021.0
Yellow,Coldplay,https://open.spotify.com/track/3AJwUDP919kvQ9QcozQPxg,266773,2000.0
My Love,Justin Timberlake Featuring T.I.,https://open.spotify.com/track/4NeOWqHmlrGRuBvsLJC9rL,276160,2006.0
Pocketful Of Sunshine,Natasha Bedingfield,https://open.spotify.com/track/4hjuUelurEBKlqpJPJ77Iw,203440,2008.0
Kiss Kiss,Chris Brown Featuring T-Pain,https://open.spotify.com/track/3wKKkGVn7cVSfgPeYYIiXG,250666,2007.0
Talk,Khalid,https://open.spotify.com/track/6TqXcAFInzjp0bODyvrWEq,197573,2019.0
Hate It Or Love It,The Game Featuring 50 Cent,https://open.spotify.com/track/2wGSgTmgSF3xjRrHkTc25R,206400,2005.0
Location,Khalid,https://open.spotify.com/track/152lZdxL1OR0ZMW6KquMif,219080,2017.0
Tennessee Whiskey,Chris Stapleton,https://open.spotify.com/track/3fqwjXwUGN6vbzIwvyFMhx,293293,2015.0
Cruel Summer,Taylor Swift,https://open.spotify.com/track/1BxfuPKGuaTgP7aM0Bbdwr,178426,2019.0
Wait For U,Future Featuring Drake & Tems,https://open.spotify.com/track/59nOXPmaKlBfGMDeOVGrIK,189893,2022.0
Golden Hour,JVKE,https://open.spotify.com/track/5odlY52u43F5BjByhxg7wg,209259,2022.0
Gata Only,FloyyMenor X Cris Mj,https://open.spotify.com/track/2esZG2XFtuoWWA9AfDvSxy,222000,2024.0
Beautiful Crazy,Luke Combs,https://open.spotify.com/track/2rxQMGVafnNaRaXlRMWPde,193466,2018.0
Some Nights,fun.,https://open.spotify.com/track/6t6oULCRS6hnI7rm0h5gwl,277040,2012.0
Team,Lorde,https://open.spotify.com/track/3G6hD9B2ZHOsgf4WfNu7X1,193058,2013.0
Wildflower,Billie Eilish,https://open.spotify.com/track/3QaPy1KgI7nu9FJEQUgn6h,261466,2024.0
Animals,Maroon 5,https://open.spotify.com/track/2bL2gyO6kBdLkNSkxXNh6x,231013,2014.0
Just A Dream,Nelly,https://open.spotify.com/track/3ZdJffjzJWFimSQyxgGIxN,237800,2010.0
Send My Love (To Your New Lover),Adele,https://open.spotify.com/track/3KZcrZ36LW9RnChK1iIkth,223078,2015.0
Thinkin' Bout Me,Morgan Wallen,https://open.spotify.com/track/0PAcdVzhPO4gq1Iym9ESnK,177387,2023.0
Anti-Hero,Taylor Swift,https://open.spotify.com/track/0V3wPSX9ygBnCm8psDIegu,200690,2022.0
All About That Bass,Meghan Trainor,https://open.spotify.com/track/5jSlcXdUGLWOV2pSfYYiBs,187866,2015.0
Ho Hey,The Lumineers,https://open.spotify.com/track/1K3LRUEcUz5FMtPYyg0F45,163133,2012.0
Blame,Calvin Harris Featuring John Newman,https://open.spotify.com/track/07nH4ifBxUB4lZcsf44Brn,212960,2014.0
I'll Make Love To You,Boyz II Men,https://open.spotify.com/track/7dfl9X38RhIvB3oSmmneq3,236760,1994.0
Late Night Talking,Harry Styles,https://open.spotify.com/track/1qEmFfgcLObUfQm0j1W2CK,177954,2022.0
Waves,Mr. Probz,https://open.spotify.com/track/1iG95bFX5nCh2Ezw1Uo3yg,206327,2014.0
White Iverson,Post Malone,https://open.spotify.com/track/6eT7xZZlB2mwyzJ2sUKG6w,256532,2016.0
Run It!,Chris Brown,https://open.spotify.com/track/7xYnUQigPoIDAMPVK79NEq,229866,2005.0
Shake That,Eminem Featuring Nate Dogg,https://open.spotify.com/track/0fGh0trRN1xz3s41r7V5ce,274440,2005.0
"End Of The Road (From ""Boomerang"")",Boyz II Men,https://open.spotify.com/track/3l3xTXsUXeWlkPqzMs7mPD,351466,1991.0
Seven,Jung Kook Featuring Latto,https://open.spotify.com/track/7x9aauaA9cu6tyfpHnqDLo,184400,2023.0
Black Or White,Michael Jackson,https://open.spotify.com/track/7EsjkelQuoUlJXEw7SeVV4,256017,1991.0
My Immortal,Evanescence,https://open.spotify.com/track/4UzVcXufOhGUwF56HT7b8M,262533,2003.0
Feels,"""Calvin Harris Featuring Pharrell Williams, Katy Perry & Big Sean""",https://open.spotify.com/track/5bcTCxgc7xVfSaMV3RuVke,223413,2017.0
Boyfriend,Justin Bieber,https://open.spotify.com/track/2L7rZWg9RLxIwnysmxm4xk,171333,2012.0
Dreams,Fleetwood Mac,https://open.spotify.com/track/0ofHAoxe9vBkTCp2UQIavz,257800,1977.0
Chicken Fried,Zac Brown Band,https://open.spotify.com/track/3eBnEo9WL34ulBCZlLpUQO,238146,2008.0
How Do I Live,LeAnn Rimes,https://open.spotify.com/track/7BD50ATrF3Vab5FQy7vtK8,266973,2003.0
Goodbyes,Post Malone Featuring Young Thug,https://open.spotify.com/track/0t3ZvGKlmYmVsDzBJAXK8C,174853,2019.0
Hey Brother,Avicii,https://open.spotify.com/track/4RXpgGM7A4Hg7cFBoH5KyF,255093,2013.0
Highway To Hell,AC/DC,https://open.spotify.com/track/2zYzyRzz6pRmhPzyfMEC8s,208110,1979.0
Misery Business,Paramore,https://open.spotify.com/track/3l9CW99AHtExIRV4hW2N5m,211520,2007.0
Raise Your Glass,P!nk,https://open.spotify.com/track/1gv4xPanImH17bKZ9rOveR,202960,2010.0
Paris,The Chainsmokers,https://open.spotify.com/track/72jbDTw1piOOj770jWNeaG,221506,2017.0
Macarena (Bayside Boys Mix),Los del Rio,https://open.spotify.com/track/7obdw7ZGr6l1GqSBkFiY11,252133,1996.0
Return Of The Mack,Mark Morrison,https://open.spotify.com/track/3jDdpx9PMlfMBS5tOBHFm9,213093,1996.0
You Need To Calm Down,Taylor Swift,https://open.spotify.com/track/6RRNNciQGZEXnqk8SQ9yv5,171360,2019.0
One Sweet Day,Mariah Carey & Boyz II Men,https://open.spotify.com/track/7ySbfLwdCwl1EM0zNCJZ38,281066,1995.0
I'm Still Standing,Elton John,https://open.spotify.com/track/1jDJFeK9x3OZboIAHsY9k2,183440,1983.0
Glad You Came,The Wanted,https://open.spotify.com/track/5yDL13y5giogKs2fSNf7sj,197935,2011.0
More Than Words,Extreme,https://open.spotify.com/track/1gVgkQFOKa8Wc1HYsJtPdH,334106,1990.0
Life Is A Highway,Rascal Flatts,https://open.spotify.com/track/2Fs18NaCDuluPG1DHGw1XG,276320,2006.0
Back To Friends,sombr,https://open.spotify.com/track/0FTmksd2dxiE5e3rWyJXs6,199032,2024.0
Girl On Fire,Alicia Keys Featuring Nicki Minaj,https://open.spotify.com/track/4esOae7i4rqTbAu9o5Pxco,224920,2012.0
Lady Marmalade,"""Christina Aguilera, Lil' Kim, Mya & P!nk""",https://open.spotify.com/track/7GbqE3MlkKosIaCvf50JRK,264893,2001.0
Get Busy,Sean Paul,https://open.spotify.com/track/5qTvkDrSfvwDv6RBjjcfQr,211666,2002.0
This Is How We Do It,Montell Jordan,https://open.spotify.com/track/6aJ90LBl96bly9zuEH1U2X,237546,2015.0
Ice Ice Baby,Vanilla Ice,https://open.spotify.com/track/3XVozq1aeqsJwpXrEZrDJ9,254466,2008.0
Cleanin' Out My Closet,Eminem,https://open.spotify.com/track/7BMO7O7ImjV8HNTH74Tshv,297840,2002.0
Need To Know,Doja Cat,https://open.spotify.com/track/3Vi5XqYrmQgOYBajMWSvCi,210560,2021.0
Dusk Till Dawn,ZAYN Featuring Sia,https://open.spotify.com/track/1j4kHkkpqZRBwE0A4CN4Yv,239000,2017.0
I Won't Give Up,Jason Mraz,https://open.spotify.com/track/53QF56cjZA9RTuuMZDrSA6,240165,2012.0
My Universe,Coldplay x BTS,https://open.spotify.com/track/46HNZY1i7O6jwTA7Slo2PI,226198,2021.0
Drive By,Train,https://open.spotify.com/track/0KAiuUOrLTIkzkpfpn9jb9,195973,2012.0
You Make Me Wanna...,Usher,https://open.spotify.com/track/07K2n5QQpln468bsd6IXGh,220093,1997.0
Imma Be,The Black Eyed Peas,https://open.spotify.com/track/16sbugRbf9xEKlekuQ7Whm,257560,2009.0
Outside,Calvin Harris Featuring Ellie Goulding,https://open.spotify.com/track/7MmG8p0F9N3C4AXdK6o6Eb,227266,2014.0
On Bended Knee,Boyz II Men,https://open.spotify.com/track/4Gmkqn3V7IMTkOmmiX7cbb,329800,1994.0
Die Young,Ke$ha,,,
Go Crazy,Chris Brown & Young Thug,https://open.spotify.com/track/1IIKrJVP1C9N7iPtG6eOsK,176960,2020.0
It's Time,Imagine Dragons,https://open.spotify.com/track/3xqF04FdMK7gpIPG3SPFpY,237986,2012.0
Woman,Doja Cat,https://open.spotify.com/track/6Uj1ctrBOjOas8xZXGqKk4,172626,2021.0
God Is A Woman,Ariana Grande,https://open.spotify.com/track/5OCJzvD7sykQEKHH7qAC3C,197546,2018.0
Savage Love (Laxed - Siren Beat),Jawsh 685 x Jason Derulo,https://open.spotify.com/track/1xQ6trAsedVPCdbtDAmk0c,171374,2020.0
If I Can't Have You,Shawn Mendes,https://open.spotify.com/track/2bT1PH7Cw3J9p3t7nlXCdh,191466,2019.0
In The Air Tonight,Phil Collins,https://open.spotify.com/track/18AXbzPzBS8Y3AkgSxzJPb,336453,1981.0
Lips Of An Angel,Hinder,https://open.spotify.com/track/40LQiUUUKXVGyNs09lHVjW,261853,2005.0
Ridin',Chamillionaire Featuring Krayzie Bone,https://open.spotify.com/track/3kZoay4ANo86ehb6s4RwS9,303053,2005.0
Feel So Close,Calvin Harris,https://open.spotify.com/track/1gihuPhrLraKYrJMAEONyc,206413,2012.0
Never Forget You,Zara Larsson & MNEK,https://open.spotify.com/track/6hmhG1b4LEyNuashVvuIAo,212574,2017.0
I Like The Way You Kiss Me,Artemas,https://open.spotify.com/track/2GxrNKugF82CnoRFbQfzPf,142514,2024.0
You Shook Me All Night Long,AC/DC,https://open.spotify.com/track/2SiXAy7TuUkycRVbbWDEpo,210328,1980.0
Drunk In Love,Beyonce Featuring Jay Z,https://open.spotify.com/track/5EmCpD8tUj78VW3kgaEjME,323480,2013.0
Because Of You,Ne-Yo,https://open.spotify.com/track/6CFPFnS9EcLs2I0nWqtWci,266840,2007.0
Weak,SWV,https://open.spotify.com/track/71EHOyEOhNx1SzTebRRyng,291906,1992.0
Body Like A Back Road,Sam Hunt,https://open.spotify.com/track/7FpBQ067pHB67deawpbbcY,162546,2020.0
Forever After All,Luke Combs,https://open.spotify.com/track/6IBcOGPsniK3Pso1wHIhew,232489,2020.0
Hot Girl Bummer,Blackbear,https://open.spotify.com/track/7aiClxsDWFRQ0Kzk5KI5ku,185093,2019.0
Love In This Club,Usher Featuring Young Jeezy,https://open.spotify.com/track/5j0McHPthKpOXRr3fBq8M0,259719,2008.0
Le Freak,Chic,https://open.spotify.com/track/7Kszjzps0xbQXyo1pO4KfE,331360,1978.0
E.T.,Katy Perry Featuring Kanye West,https://open.spotify.com/track/36ux3YuUsGTWPT8fXclS45,229573,2012.0
Wonderwall,Oasis,https://open.spotify.com/track/7ygpwy2qP3NbrxVkHvUhXY,258773,1995.0
Light My Fire,The Doors,https://open.spotify.com/track/5uvosCdMlFdTXhoazkTI5R,429760,1967.0
Wanted Dead Or Alive,Bon Jovi,https://open.spotify.com/track/0oerlffJSzhRVvtDfLcp3N,308666,1986.0
The Fate Of Ophelia,Taylor Swift,https://open.spotify.com/track/53iuhJlwXhSER5J2IYYv1W,226073,2025.0
The Kind Of Love We Make,Luke Combs,https://open.spotify.com/track/48UKTR66uUOT9LaUvooTNx,224435,2022.0
Black Widow,Iggy Azalea Featuring Rita Ora,https://open.spotify.com/track/71vsEyBd4X1D5BUmLdFSVH,209423,2014.0
Clocks,Coldplay,https://open.spotify.com/track/0BCPKOYdS2jbQ8iyB56Zns,307879,2002.0
Leave Before You Love Me,Marshmello X Jonas Brothers,https://open.spotify.com/track/4qu63nuBpdn0qHUHuObEj1,154983,2021.0
Wake Me Up When September Ends,Green Day,https://open.spotify.com/track/3479kk78dx3GFt048Udq54,285653,2004.0
Everyday People,Sly & The Family Stone,https://open.spotify.com/track/4ZVZBc5xvMyV3WzWktn8i7,141506,1969.0
Dead And Gone,T.I. Featuring Justin Timberlake,https://open.spotify.com/track/7IhsLJMqdxoo7YAZjaSMru,299746,2008.0
BedRock,Young Money Featuring Lloyd,https://open.spotify.com/track/3iL2l5gUqyPS6vDwJFgJTR,288133,2009.0
Happy Together,The Turtles,https://open.spotify.com/track/1JO1xLtVc8mWhIoE3YaCL0,176293,1967.0
Good Days,SZA,https://open.spotify.com/track/3YJJjQPAbDT7mGpX3WtQ9A,279203,2020.0
Rude Boy,Rihanna,https://open.spotify.com/track/60jzFy6Nn4M0iD1d94oteF,222920,2009.0
Linger,The Cranberries,https://open.spotify.com/track/0gEyKnHvgkrkBM6fbeHdwK,274706,1993.0
Me & U,Cassie,https://open.spotify.com/track/7k6IzwMGpxnRghE7YosnXT,192213,2006.0
Going Bad,Meek Mill Featuring Drake,https://open.spotify.com/track/2IRZnDFmlqMuOrYOLnZZyc,180522,2018.0
Traitor,Olivia Rodrigo,https://open.spotify.com/track/5CZ40GBx1sQ9agT82CLQCT,229226,2021.0
I Fall Apart,Post Malone,https://open.spotify.com/track/75ZvA4QfFiZvzhj2xkaWAh,223346,2016.0
Falling,Trevor Daniel,https://open.spotify.com/track/2rRJrJEo19S2J82BDsQ3F7,159381,2020.0
Sucker For Pain,"""Lil Wayne, Wiz Khalifa & Imagine Dragons With Logic & Ty Dolla $ign Feat. X Ambassadors""",https://open.spotify.com/track/4dASQiO1Eoo3RJvt74FtXB,243490,2016.0
"Here Comes The Hotstepper (From ""Ready To Wear"")",Ini Kamoze,https://open.spotify.com/track/3QRM0qZB7oMYavveH0iEqx,250466,1994.0
ZEZE,Kodak Black Featuring Travis Scott & Offset,https://open.spotify.com/track/0FZ4Dmg8jJJAPJnvBIzD9z,228759,2018.0
Good For You,Selena Gomez Featuring A$AP Rocky,https://open.spotify.com/track/578Eooad7oUyn4stovZiPg,221280,2015.0
Manchild,Sabrina Carpenter,https://open.spotify.com/track/2BwO5K8Q7EPAJSGze3AAh9,213645,2025.0
Starving,Hailee Steinfeld & Grey Featuring Zedd,https://open.spotify.com/track/2zDt2TfQbxiSPjTVJTgbwz,181880,2016.0
(I Can't Get No) Satisfaction,The Rolling Stones,https://open.spotify.com/track/2PzU4IB8Dr6mxV3lHuaG34,222813,1965.0
Can't Take My Eyes Off You,Frankie Valli,https://open.spotify.com/track/0bfvHnWWOeU1U5XeKyVLbW,203680,1967.0
Delicate,Taylor Swift,https://open.spotify.com/track/6NFyWDv5CjfwuzoCkw47Xf,232253,2017.0
Take Care,Drake Featuring Rihanna,https://open.spotify.com/track/5lzkZ4SfaAhAHTZArLdX2K,277373,2011.0
Silence,Marshmello Featuring Khalid,https://open.spotify.com/track/7vGuf3Y35N4wmASOKLUVVU,180822,2017.0
Cooler Than Me,Mike Posner,https://open.spotify.com/track/2qE3sj3jXj44kbCIU7bkIn,225123,2009.0
Strip That Down,Liam Payne Featuring Quavo,https://open.spotify.com/track/4Ro98RCK90oHqqSZUnTFq5,204502,2017.0
679,Fetty Wap Featuring Remy Boyz,https://open.spotify.com/track/5NQbUaeTEOGdD6hHcre0dZ,196693,2015.0
Texas Hold 'Em,Beyonce,https://open.spotify.com/track/7wLShogStyDeZvL0a6daN5,233456,2024.0
Another Day In Paradise,Phil Collins,https://open.spotify.com/track/1NCuYqMc8hKMb4cpNTcJbD,322133,1989.0
Everybody Talks,Neon Trees,https://open.spotify.com/track/2iUmqdfGZcHIhS3b9E9EWq,177280,2012.0
Love Lies,Khalid & Normani,https://open.spotify.com/track/45Egmo7icyopuzJN0oMEdk,201707,2018.0
She's Always A Woman,Billy Joel,https://open.spotify.com/track/5RgFlk1fcClZd0Y4SGYhqH,201373,1977.0
Born In The U.S.A.,Bruce Springsteen,https://open.spotify.com/track/0dOg1ySSI7NkpAe89Zo0b9,279786,1984.0
Club Can't Handle Me,Flo Rida Featuring David Guetta,https://open.spotify.com/track/6ebkx7Q5tTxrCxKq4GYj0Y,234560,2010.0
Beggin',Maneskin,https://open.spotify.com/track/3Wrjm47oTz2sjIgck11l5e,211560,2017.0
Middle Child,J. Cole,https://open.spotify.com/track/2JvzF1RMd7lE3KmFlsyZD8,213593,2019.0
I Get Around,The Beach Boys,https://open.spotify.com/track/3v9xlH6BpmRbqL7hgNJhfT,134386,1964.0
FE!N,Travis Scott Featuring Playboi Carti,https://open.spotify.com/track/42VsgItocQwOQC3XWZ8JNA,191700,2023.0
Mine,Bazzi,https://open.spotify.com/track/7uzmGiiJyRfuViKKK3lVmR,131064,2018.0
Gonna Make You Sweat (Everybody Dance Now),C+C Music Factory,https://open.spotify.com/track/7eheoW4hxrH51ww2QePVwF,244093,2000.0
It's All Coming Back To Me Now,Celine Dion,https://open.spotify.com/track/5EQzuYfTZt7B2LqlvTF49l,456866,1996.0
Surfin' U.S.A.,The Beach Boys,https://open.spotify.com/track/0wz1LjDb9ZNEYwOmDJ3Q4b,149373,1963.0
U Got It Bad,Usher,https://open.spotify.com/track/7J41dYQolQJEtj3UmKLu5r,247840,2001.0
Whiskey Glasses,Morgan Wallen,https://open.spotify.com/track/6foY66mWZN0pSRjZ408c00,234346,2018.0
Goodies,Ciara Featuring Petey Pablo,https://open.spotify.com/track/3dFwpxh2yH7C7p9BGEKLVB,223000,2004.0
One Time,Justin Bieber,https://open.spotify.com/track/6eDApnV9Jdb1nYahOlbbUh,215866,2009.0
The Boy Is Mine,Brandy & Monica,https://open.spotify.com/track/6sHsXIJoEN5JpdkGMQDJxt,294786,1998.0
Austin,Dasha,https://open.spotify.com/track/2uqYupMHANxnwgeiXTZXzd,171782,2024.0
I Got 5 On It,Luniz,https://open.spotify.com/track/4IYKjN1DrYzxKXt0umJqsG,253533,1995.0
When I'm Gone,Eminem,https://open.spotify.com/track/4CDIEKHMb2MBgvgHBkhiJD,281320,2005.0
The Sound Of Silence,Disturbed,https://open.spotify.com/track/0eZBeB2xFIS65jQHerispi,248466,2015.0
Up,Cardi B,https://open.spotify.com/track/1M4OcYkxAtu3ErzSgDEfoi,156946,2021.0
The A Team,Ed Sheeran,https://open.spotify.com/track/1VdZ0vKfR5jneCmWIUAMxK,258373,2011.0
Don't,Bryson Tiller,https://open.spotify.com/track/3pXF1nA74528Edde4of9CC,198294,2015.0
Love Nwantiti (Ah Ah Ah),CKay,https://open.spotify.com/track/4gvrJnKCKIPiacNsWVQwEU,188368,2021.0
Shut Up And Dance,Walk the Moon,https://open.spotify.com/track/4kbj5MwxO1bq9wjT5g9HaA,199080,2014.0
Lonely,Justin Bieber & Benny Blanco,https://open.spotify.com/track/3S8jK1mGzQi24ilFb45DAZ,149189,2021.0
Born This Way,Lady Gaga,https://open.spotify.com/track/6r2BECwMgEoRb5yLfp0Hca,260252,2011.0
Numb/Encore,Jay-Z/Linkin Park,,,
That's The Way Love Goes,Janet Jackson,https://open.spotify.com/track/29rQJydAlO0uMyWvRIZxQg,265106,1993.0
Wherever You Will Go,The Calling,https://open.spotify.com/track/5QpaGzWp0hwB5faV8dkbAz,208600,2001.0
Just The Way You Are,Billy Joel,https://open.spotify.com/track/49MHCPzvMLXhRjDantBMVH,290573,1977.0
Whats Poppin,"""Jack Harlow Featuring DaBaby, Tory Lanez & Lil Wayne""",https://open.spotify.com/track/1jaTQ3nqY3oAAYyCTbIvnM,139741,2020.0
When We Were Young,Adele,https://open.spotify.com/track/7IWkJwX9C0J7tHurTD7ViL,290906,2016.0
Low Life,Future Featuring The Weeknd,https://open.spotify.com/track/7EiZI6JVHllARrX9PUvAdX,313546,2016.0
"Kokomo (From""Cocktail"" )",The Beach Boys,https://open.spotify.com/track/7B22szTT8omMRmpQw6DMqV,217786,2013.0
Cat's In The Cradle,Harry Chapin,https://open.spotify.com/track/2obblQ6tcePeOEVJV6nEGD,222951,1974.0
Hall Of Fame,The Script Featuring will.i.am,https://open.spotify.com/track/7wMq5n8mYSKlQIGECKUgTX,202533,2012.0
Slide,Goo Goo Dolls,,,
How Long,Charlie Puth,https://open.spotify.com/track/6wmAHw1szh5RCKSRjiXhPe,200853,2018.0
In My Head,Jason Derulo,https://open.spotify.com/track/6St9lR6dhV2tpCNVz7qfrS,199026,2010.0
Let It Rock,Kevin Rudolf Featuring Lil Wayne,https://open.spotify.com/track/6TrNRd98WksT9Kkmx9uj6R,231173,2008.0
What Hurts The Most,Rascal Flatts,https://open.spotify.com/track/4bVuIlGQBMWS7vIhcx8Ae4,214106,2006.0
Celebration,Kool & The Gang,https://open.spotify.com/track/3K7Q9PHUWPTaknlbFPThn2,298866,1980.0
Issues,Julia Michaels,https://open.spotify.com/track/6D0b04NJIKfEMg040WioJQ,176320,2017.0
Nonstop,Drake,https://open.spotify.com/track/0TlLq3lA83rQOYtrqBqSct,238614,2018.0
Name,Goo Goo Dolls,https://open.spotify.com/track/1G8jae4jD8mwkXdodqHsBM,270000,1995.0
Chasin' You,Morgan Wallen,https://open.spotify.com/track/0WiyWiJDkNCyGNqkv7NByy,205453,2018.0
FourFiveSeconds,Rihanna & Kanye West & Paul McCartney,https://open.spotify.com/track/78TTtXnFQPzwqlbtbwqN0y,188238,2015.0
Red Red Wine,UB40,https://open.spotify.com/track/4uOKFydzAejjSFqYbv1XPt,183733,2000.0
Alejandro,Lady Gaga,https://open.spotify.com/track/1HHeOs6zRdF8Ck58easiAY,274213,2009.0
Hooked On A Feeling,Blue Swede,https://open.spotify.com/track/6Ac4NVYYl2U73QiTt11ZKd,172866,1974.0
Escape (The Pina Colada Song),Rupert Holmes,https://open.spotify.com/track/5IMtdHjJ1OtkxbGe4zfUxQ,276493,1979.0
Sure Thing,Miguel,https://open.spotify.com/track/0JXXNGljqupsJaZsgSbMZV,195373,2010.0
I'm A Believer,The Monkees,https://open.spotify.com/track/3G7tRC24Uh09Hmp1KZ7LQ2,167373,1967.0
It's Now Or Never,Elvis Presley With The Jordanaires,https://open.spotify.com/track/5mlaaeSzFsH4ouhLrUHCbw,198376,1963.0
Nice & Slow,Usher,https://open.spotify.com/track/5L0KDoZklMgs9GPoonneEl,227906,1997.0
Jessie's Girl,Rick Springfield,https://open.spotify.com/track/2F1fnE1a8zQCogM6jJifHH,194266,1981.0
A Horse With No Name,America,https://open.spotify.com/track/54eZmuggBFJbV7k248bTTt,252239,1972.0
Mrs. Robinson,Simon & Garfunkel,https://open.spotify.com/track/0iOZM63lendWRTTeKhZBSC,247420,1968.0
Clarity,Zedd Featuring Foxes,https://open.spotify.com/track/60wwxj6Dd9NJlirf84wr2c,271426,2012.0
Lush Life,Zara Larsson,https://open.spotify.com/track/0r4SsYcwvd8URat6AS2m6f,201122,2015.0
Circus,Britney Spears,https://open.spotify.com/track/7jk7gqyEonmVVYahZN5zhW,192359,2008.0
No Scrubs,TLC,https://open.spotify.com/track/1KGi9sZVMeszgZOWivFpxs,214400,1999.0
Over My Head (Cable Car),The Fray,https://open.spotify.com/track/1N62wozuHCvczCkY4QidpP,236266,2005.0
Santa Tell Me,Ariana Grande,https://open.spotify.com/track/0lizgQ7Qw35od7CYaoMBZb,204093,2014.0
Learn To Fly,Foo Fighters,https://open.spotify.com/track/5OQsiBsky2k2kDKy2bX2eT,235293,1999.0
Bad At Love,Halsey,https://open.spotify.com/track/7y9iMe8SOB6z3NoHE2OfXl,181279,2017.0
Glimpse Of Us,Joji,https://open.spotify.com/track/6xGruZOHLs39ZbVccQTuPZ,233456,2022.0
FEFE,6ix9ine Featuring Nicki Minaj & Murda Beatz,https://open.spotify.com/track/2l8nEO0vsTRCRnGqQty6qx,179404,2018.0
Makes Me Wonder,Maroon 5,https://open.spotify.com/track/0UWGKR6b4nJCvK7Q1yjgjh,211080,2007.0
Lose Control,Missy Elliott Featuring Ciara & Fat Man Scoop,https://open.spotify.com/track/0UaMYEvWZi0ZqiDOoHU3YI,226863,2005.0
Angel,Shaggy Featuring Rayvon,https://open.spotify.com/track/7FDV5ELOJHCGLe52AnttEd,235133,2000.0
You're So Vain,Carly Simon,https://open.spotify.com/track/2DnJjbjNTV9Nd5NOa1KGba,258411,1972.0
Jimmy Cooks,Drake Featuring 21 Savage,https://open.spotify.com/track/3F5CgOj3wFlRv51JsHbxhe,218364,2022.0
Too Good,Drake Featuring Rihanna,https://open.spotify.com/track/11KJSRSgaDxqydKYiD2Jew,263373,2016.0
Knock You Down,Keri Hilson Featuring Kanye West & Ne-Yo,https://open.spotify.com/track/3OWcWJz1c0pIc6L3IDDhpP,326186,2009.0
Sk8er Boi,Avril Lavigne,https://open.spotify.com/track/00Mb3DuaIH1kjrwOku9CGU,204000,2002.0
Laffy Taffy,D4L,https://open.spotify.com/track/2ajhenDRiiAnCHHjsIOHhJ,224253,2005.0
Welcome To The Jungle,Guns N' Roses,https://open.spotify.com/track/0bVtevEgtDIeRjCJbK3Lmv,272026,1987.0
Don't,Ed Sheeran,https://open.spotify.com/track/1huvTbEYtgltjQRXzrNKGi,219840,2014.0
Slow Hands,Niall Horan,https://open.spotify.com/track/2cOUlop2ZakjOKe4WinesN,188174,2017.0
Applause,Lady Gaga,https://open.spotify.com/track/5ka2ajep9OAvU5Sgduhiex,212333,2013.0
Higher,Creed,https://open.spotify.com/track/1ZozJfi8u9cO2Ob8KwiwNT,316733,1999.0
Everytime We Touch,Cascada,https://open.spotify.com/track/7JsVDwOfhQTvrMRJOJzNuv,197560,2006.0
Face Down,The Red Jumpsuit Apparatus,https://open.spotify.com/track/4wzjNqjKAKDU82e8uMhzmr,192000,2006.0
Fake Love,Drake,https://open.spotify.com/track/5o2r7507gCOYdRMeR3noqZ,210937,2017.0
Lowdown,Boz Scaggs,https://open.spotify.com/track/5QhikAUv91oMAaFnfKz22u,317788,1976.0
The Way You Move,OutKast Featuring Sleepy Brown,https://open.spotify.com/track/5z7mYFfhw6N6f23VwrokJD,234000,2003.0
"I Wanna Sex You Up (From ""New Jack City"")",Color Me Badd,https://open.spotify.com/track/1kPBHRXyXdrtYfUfeRwBko,236946,1991.0
It's Goin' Down,Yung Joc,https://open.spotify.com/track/05Sgj1Hx03ZXc57gsV1kfX,241840,2006.0
Beautiful People,Ed Sheeran Featuring Khalid,https://open.spotify.com/track/70eFcWOvlMObDhURTqT4Fv,197866,2019.0
Whole Lotta Love,Led Zeppelin,https://open.spotify.com/track/0hCB0YR03f6AmQaHbwWDe8,333893,1969.0
Play That Funky Music,Wild Cherry,https://open.spotify.com/track/5uuJruktM9fMdN9Va0DUMl,300000,1976.0
Mr. Big Stuff,Jean Knight,https://open.spotify.com/track/2Bls0igCm79XQQ95IoUbhq,164560,1971.0
SexyBack,Justin Timberlake,https://open.spotify.com/track/0O45fw2L5vsWpdsOdXwNAR,242733,2006.0
The Sign,Ace of Base,https://open.spotify.com/track/0hrBpAOgrt8RXigk83LLNE,191240,1993.0
Baby Got Back,Sir Mix-A-Lot,https://open.spotify.com/track/1SAkL1mYNJlaqnBQxVZrRl,262826,1992.0
More Than A Feeling,Boston,https://open.spotify.com/track/1QEEqeFIZktqIpPI4jSVSF,285133,1976.0
Good As Hell,Lizzo,https://open.spotify.com/track/6KgBpzTuTRPebChN0VTyzV,159735,2019.0
Don't You Want Me,The Human League,https://open.spotify.com/track/3L7RtEcu1Hw3OXrpnthngx,236920,1981.0
Everybody Loves Somebody,Dean Martin,https://open.spotify.com/track/5I9sHwLDX28tLtzVgKLtpr,167203,1964.0
Too Close,Next,https://open.spotify.com/track/5IFCyWplye09HytIP80RCF,259440,1997.0
Nokia,Drake,https://open.spotify.com/track/2u9S9JJ6hTZS3Vf22HOZKg,241023,2025.0
Swalla,Jason Derulo Featuring Nicki Minaj & Ty Dolla $ign,https://open.spotify.com/track/6kex4EBAj0WHXDKZMEJaaF,216408,2017.0
Sing For The Moment,Eminem,https://open.spotify.com/track/3CpoeW0cZSDzIRv5z34F87,339546,2002.0
Respect,Aretha Franklin,https://open.spotify.com/track/7s25THrKz86DM225dOYwnr,147600,1967.0
Check On It,Beyonce Featuring Slim Thug,https://open.spotify.com/track/0rok38RPhg2SbUZt2JPFP6,210840,2006.0
Home,Daughtry,https://open.spotify.com/track/6aKfcKMefIPVzclCG6QSHX,255666,2006.0
Jump,Van Halen,https://open.spotify.com/track/7N3PAbqfTjSEU1edb2tY8j,241599,1984.0
That's So True,Gracie Abrams,https://open.spotify.com/track/7ne4VBA60CxGM75vw0EYad,166300,2024.0
How Will I Know,Whitney Houston,https://open.spotify.com/track/5tdKaKLnC4SgtDZ6RlWeal,269696,1985.0
Worth It,Fifth Harmony Featuring Kid Ink,https://open.spotify.com/track/41Fflg7qHiVOD6dEPvsCzO,224573,2015.0
Sunday Best,Surfaces,https://open.spotify.com/track/1qYKWcEOrh2tM8PlgIm8K1,158638,2019.0
La La La,Naughty Boy Featuring Sam Smith,https://open.spotify.com/track/52gvlDnre9craz9dKGObp8,220779,2013.0
Best Of My Love,The Emotions,https://open.spotify.com/track/2M2WJ7gBlcKNxdhyfPp9zY,220560,1977.0
Jump,Kris Kross,https://open.spotify.com/track/27AHAtAirQapVldIm4c9ZX,195106,1992.0
Chop Suey,System of a Down,https://open.spotify.com/track/2DlHlPMa4M17kufBvI2lEN,210240,2001.0
Bette Davis Eyes,Kim Carnes,https://open.spotify.com/track/0odIT9B9BvOCnXfS0e4lB5,228000,1981.0
Photograph,Nickelback,https://open.spotify.com/track/3hb2ScEVkGchcAQqrPLP0R,258920,2005.0
Fortunate Son,Creedence Clearwater Revival,https://open.spotify.com/track/4BP3uh0hFLFRb5cjsgLqDh,140773,1969.0
Abracadabra,The Steve Miller Band,,,
If The World Was Ending,JP Saxe Featuring Julia Michaels,https://open.spotify.com/track/2kJwzbxV2ppxnQoYw4GLBZ,208687,2019.0
Insane In The Brain,Cypress Hill,https://open.spotify.com/track/1oTHteQbmJw15rPxPVXUTv,208266,1993.0
Yesterday,The Beatles,https://open.spotify.com/track/1e0hllQ23AG0QGFgezgLOq,125666,1965.0
Love Lockdown,Kanye West,https://open.spotify.com/track/1kxeWHF9PrCVZHvVskv8lg,270306,2008.0
Come & Go,Juice WRLD x Marshmello,https://open.spotify.com/track/2Y0wPrPQBrGhoLn14xRYCG,205484,2020.0
Return To Sender,Elvis Presley With The Jordanaires,https://open.spotify.com/track/3uwIoa2emQILz6BmH6MtiW,129542,1962.0
Where Is My Husband!,RAYE,https://open.spotify.com/track/7eYzn1CuiJK6VvUhf8zA6k,197142,2026.0
Wake Up In The Sky,Gucci Mane X Bruno Mars X Kodak Black,https://open.spotify.com/track/2G1tXoGBaEMJ7FKGnkf6ud,203161,2018.0
ily,Surf Mesa Featuring Emilee,https://open.spotify.com/track/62aP9fBQKYKxi7PDXwcUAS,176546,2019.0
Night Moves,Bob Seger,https://open.spotify.com/track/6UBjSnyP1O5W5ndJoO9vUk,324422,1976.0
Call Me,Blondie,https://open.spotify.com/track/0vLwL4xuJ3s7SeaCdvMqkY,212893,1981.0
The Power Of Love,Celine Dion,https://open.spotify.com/track/5kK1Iru9ogP3Iy1zsANU1n,342400,1993.0
Wagon Wheel,Darius Rucker,https://open.spotify.com/track/3xdjjKMcMOFgo1eQrfbogM,298373,2013.0
Spirit In The Sky,Norman Greenbaum,https://open.spotify.com/track/0jvN7eQJJt4nxQzgQfZ1SP,242893,1969.0
Lovely Day,Bill Withers,https://open.spotify.com/track/0bRXwKfigvpKZUurwqAlEh,257157,1977.0
Night Changes,One Direction,https://open.spotify.com/track/5O2P9iiztwhomNh8xkR9lJ,226597,2014.0
Let's Get It On,Marvin Gaye,https://open.spotify.com/track/39l1UORIhuHvUWfxG53tRZ,290933,1973.0
My Love Is Your Love,Whitney Houston,https://open.spotify.com/track/1ckU1EhAO0Nr73QYw24SWJ,261573,1998.0
Unfaithful,Rihanna,https://open.spotify.com/track/13xxBnXOuiBxVxJI458B0i,226973,2006.0
Grease,Frankie Valli,https://open.spotify.com/track/5Vrczz39CvlD3OGCa6utoA,207306,1978.0
TQG,Karol G x Shakira,https://open.spotify.com/track/0DWdj2oZMBFSzRsi2Cvfzf,197933,2023.0
Headlines,Drake,https://open.spotify.com/track/6LxSe8YmdPxy095Ux6znaQ,235986,2011.0
Get Back,The Beatles With Billy Preston,https://open.spotify.com/track/4MLBqAEzNN89o2M9h92Z26,189386,1970.0
Love Me Do,The Beatles,https://open.spotify.com/track/3VbGCXWRiouAq8VyMYN2MI,141693,1963.0
So What,P!nk,https://open.spotify.com/track/4LyvsPgJtjUQQtw0FJ6Jys,215160,2008.0
Mack The Knife,Bobby Darin,https://open.spotify.com/track/3E5ndyOfO6vFDEIE42HA8o,184333,1959.0
Quit Playing Games (With My Heart),Backstreet Boys,https://open.spotify.com/track/0Uqs7ilt5kGX9NzFDWTBrP,232666,1996.0
Scream & Shout,will.i.am & Britney Spears,https://open.spotify.com/track/2iJuuzV8P9Yz0VSurttIV5,283400,2013.0
My Life,Billy Joel,https://open.spotify.com/track/4ZoBC5MhSEzuknIgAkBaoT,285009,1978.0
Cool For The Summer,Demi Lovato,https://open.spotify.com/track/3uwnnTQcHM1rDqSfA4gQNz,214739,2015.0
I Swear,All-4-One,https://open.spotify.com/track/4WUnM4KNZ0kjp0CUeoyOnS,259853,1994.0
Creep,TLC,https://open.spotify.com/track/1aWV3uY3SIEZVbmv45oFWS,268533,1994.0
Willow,Taylor Swift,https://open.spotify.com/track/2gVhfX2Gy1T9kDuS9azrF7,214706,2021.0
When You Were Young,The Killers,https://open.spotify.com/track/70wYA8oYHoMzhRRkARoMhU,220426,2006.0
What You Know Bout Love,Pop Smoke,https://open.spotify.com/track/1tkg4EHVoqnhR6iFEXb60y,160000,2020.0
Walk This Way,Run-D.M.C.,https://open.spotify.com/track/6qUEOWqOzu1rLPUPQ1ECpx,310375,1986.0
Southern Nights,Glen Campbell,https://open.spotify.com/track/7kv7zBjMtVf0eIJle2VZxn,180026,1977.0
So Easy (To Fall In Love),Olivia Dean,https://open.spotify.com/track/6sGIMrtIzQjdzNndVxe397,169000,2025.0
Bam Bam,Camila Cabello Featuring Ed Sheeran,https://open.spotify.com/track/3lDSWvR0FXWGXo7mhDUs3v,205604,2022.0
Bitter Sweet Symphony,The Verve,https://open.spotify.com/track/57iDDD9N9tTWe75x6qhStw,357266,1997.0
Californication,Red Hot Chili Peppers,https://open.spotify.com/track/48UPSzbZjgc449aqz8bxox,329733,1999.0
Same Old Love,Selena Gomez,https://open.spotify.com/track/6ZANrVuAMp2rpjhfbOuJly,229080,2015.0
Angel Of Mine,Monica,https://open.spotify.com/track/1AM1o0mKbgAK5oMpY8B3Z7,250173,1998.0
Born To Be Wild,Steppenwolf,https://open.spotify.com/track/63OFKbMaZSDZ4wtesuuq6f,210373,1968.0
Y.M.C.A.,Village People,https://open.spotify.com/track/54OR1VDpfkBuOY5zZjhZAY,286800,1978.0
Too Much Heaven,Bee Gees,https://open.spotify.com/track/6T5GTy1l6dRmagqpNPjdoc,296000,1979.0
Crocodile Rock,Elton John,https://open.spotify.com/track/6WCeFNVAXUtNczb7lqLiZU,235440,1973.0
How's It Going To Be,Third Eye Blind,https://open.spotify.com/track/3Uvx1TO0Kg5HgGPk58lHXv,253413,1997.0
Escapism,RAYE Featuring 070 Shake,https://open.spotify.com/track/5mHdCZtVyb4DcJw8799hZp,272373,2023.0
Changes,XXXTENTACION,https://open.spotify.com/track/7AFASza1mXqntmGtbxXprO,121886,2018.0
Choosin' Texas,Ella Langley,,,
Bye Bye Bye,*NSYNC,https://open.spotify.com/track/4r8lRYnoOGdEi6YyI5OC1o,200560,2000.0
Luther,Kendrick Lamar & SZA,https://open.spotify.com/track/2CGNAOSuO1MEFCbBRgUzjd,177598,2024.0
Ironic,Alanis Morissette,https://open.spotify.com/track/1d6KS9GH06JAd19uiBy9IE,230000,1995.0
Hot Stuff,Donna Summer,https://open.spotify.com/track/2Vnw8zKmjhr1jczUeaqiQg,407053,1979.0
Second Chance,Shinedown,https://open.spotify.com/track/0CwYG1UnRmOx8Q1EzElCIL,222066,2008.0
Thank You,Dido,https://open.spotify.com/track/3yUcJwYu7fXAfqMj9krY6l,218360,1999.0
Mr. Blue Sky,Electric Light Orchestra,https://open.spotify.com/track/2RlgNHKcydI9sayD2Df2xp,303820,1977.0
Heartless,The Weeknd,https://open.spotify.com/track/0HhSydjvwLiBjnVQCG5SjK,198267,2020.0
Cracklin' Rosie,Neil Diamond,https://open.spotify.com/track/5pkd9ib1RgbkAd1R9bIOCa,179933,1970.0
Don't Let Go (Love),En Vogue,https://open.spotify.com/track/06TuMCjDEYjTOJScCRzmjf,291880,1997.0
We Built This City,Starship,https://open.spotify.com/track/6OnfBiiSc9RGKiBKKtZXgQ,296080,1985.0
Runaway Train,Soul Asylum,https://open.spotify.com/track/3TW48DvQ7ChwY1Yy1tkMaP,266573,1992.0
In My Blood,Shawn Mendes,https://open.spotify.com/track/2QZ7WLBE8h2y1Y5Fb8RYbH,211360,2018.0
Making Love Out Of Nothing At All,Air Supply,https://open.spotify.com/track/01MXkFA8sL7at6txavDErt,341746,2018.0
Back To You,Selena Gomez,https://open.spotify.com/track/4hQ6UGyWQIGJmHSo0J88JW,207904,2018.0
Mambo No. 5 (A Little Bit Of...),Lou Bega,https://open.spotify.com/track/6x4tKaOzfNJpEJHySoiJcs,220293,1999.0
Love Shack,The B-52s,https://open.spotify.com/track/4W4wYHtsrgDiivRASVOINL,320680,1989.0
Papa Was A Rollin' Stone,The Temptations,https://open.spotify.com/track/7MiLmLbwNoyf47xQ4TCVYp,419640,2000.0
Give Me One Reason,Tracy Chapman,https://open.spotify.com/track/4vDBJeeQCbhP9FaPPMsYkY,268333,1995.0
Saving All My Love For You,Whitney Houston,https://open.spotify.com/track/1lx8ddGT5wCD6W2xmLeRKG,237136,1985.0
Here,Alessia Cara,https://open.spotify.com/track/5zUQZjVB6bfewBXWqsP9PY,199453,2015.0
Lips Are Movin,Meghan Trainor,https://open.spotify.com/track/3fNaQSMgFrYTkTshRX7J1u,181413,2015.0
Bad Girls,Donna Summer,https://open.spotify.com/track/1ibRqifchaAfeNdQGpbRVW,295106,1979.0
Tragedy,Bee Gees,https://open.spotify.com/track/6UXXeFqMBGiqjkzQzkMT3E,303333,1979.0
IDGAF,Dua Lipa,https://open.spotify.com/track/7LOnWbR6p2YqaGDWQPP8jJ,218173,2017.0
Any Way You Want It,Journey,https://open.spotify.com/track/71SvEDmsOwIWw1IozsZoMA,201693,1980.0
Hung Up,Madonna,https://open.spotify.com/track/3850dYVgOFIXJh5U4BFEWH,337733,2005.0
Broccoli,D.R.A.M. Featuring Lil Yachty,https://open.spotify.com/track/7yyRTcZmCiyzzJlNzGC9Ol,225205,2016.0
Rich Flex,Drake & 21 Savage,,,
Just My Imagination (Running Away With Me),The Temptations,https://open.spotify.com/track/39Bd345OWEhRNyfayhp9gv,228160,1971.0
Me And Bobby McGee,Janis Joplin,https://open.spotify.com/track/1IqFh00G2kvvMm8pRMpehA,271333,1971.0
Twisted,Keith Sweat,https://open.spotify.com/track/69QIVIjPMnI1ABLBqh9P1b,260666,1996.0
Blue Bayou,Linda Ronstadt,https://open.spotify.com/track/3zxklD2EGecZre9MjEEvIU,239399,1977.0
Rock And A Hard Place,Bailey Zimmerman,https://open.spotify.com/track/1TE8AAk9koG0UJco6ZAUfx,207540,2023.0
Break Your Heart,Taio Cruz Featuring Ludacris,https://open.spotify.com/track/7ElF5zxOwYP4qVSWVvse3W,201546,2010.0
ME!,Taylor Swift Featuring Brendon Urie,https://open.spotify.com/track/2Rk4JlNc2TPmZe2af99d45,193000,2019.0
Let's Groove,"""Earth, Wind & Fire""",https://open.spotify.com/track/3koCCeSaVUyrRo3N2gHrd8,339018,1981.0
Your Body Is A Wonderland,John Mayer,https://open.spotify.com/track/7vFv0yFGMJW3qVXbAd9BK9,249626,2001.0
When I'm Gone,3 Doors Down,https://open.spotify.com/track/3WbphvawbMZ8FyqDxYGdSQ,260333,2002.0
Rosanna,Toto,https://open.spotify.com/track/37BTh5g05cxBIRYMbw8g2T,330943,1982.0
Unwell,Matchbox Twenty,https://open.spotify.com/track/66s45uMhk7Y4z0xUgESdm3,237266,2007.0
Hot To Go!,Chappell Roan,https://open.spotify.com/track/4xdBrk0nFZaP54vvZj0yx7,184841,2023.0
Pray For Me,The Weeknd & Kendrick Lamar,https://open.spotify.com/track/77UjLW8j5UAGAGVGhR5oUK,211440,2018.0
Tusa,Karol G & Nicki Minaj,https://open.spotify.com/track/7k4t7uLgtOxPwTpFmtJNTY,200960,2019.0
What's Love Got To Do With It,Tina Turner,https://open.spotify.com/track/3ErsOxqe2RmXkR65wkygDz,230240,1984.0
Budapest,George Ezra,https://open.spotify.com/track/7GJClzimvMSghjcrKxuf1M,200720,2014.0
My Songs Know What You Did In The Dark (Light Em Up),Fall Out Boy,https://open.spotify.com/track/2E43WFS4rRc09za2r2GmZl,186826,2013.0
"I Believe I Can Fly (From ""Space Jam"")",R. Kelly,https://open.spotify.com/track/2RzJwBCXsS1VnjDm2jKKAa,320666,1998.0
Dance The Night,Dua Lipa,https://open.spotify.com/track/1vYXt7VSjH9JIM5oRRo7vA,176579,2023.0
Skyfall,Adele,https://open.spotify.com/track/6VObnIkLVruX4UVyxWhlqm,286081,2012.0
Stickwitu,The Pussycat Dolls,https://open.spotify.com/track/2lgz3yy1AyoceOVOOBmiOS,207506,2005.0
Drag Me Down,One Direction,https://open.spotify.com/track/2K87XMYnUMqLcX3zvtAF4G,192112,2015.0
Dangerous,Kardinal Offishall Featuring Akon,https://open.spotify.com/track/4NOZ35Dhucr6UlVyLOtktd,246053,2008.0
Heartbreak Anniversary,Giveon,https://open.spotify.com/track/3FAJ6O0NOHQV8Mc5Ri6ENp,198371,2020.0
You Right,Doja Cat & The Weeknd,https://open.spotify.com/track/0k4d5YPDr1r7FX77VdqWez,186173,2021.0
With Arms Wide Open,Creed,https://open.spotify.com/track/0eKyHwckh9vQb8ncZ2DXCs,274800,1999.0
Money In The Grave,Drake Featuring Rick Ross,https://open.spotify.com/track/5ry2OE6R2zPQFDO85XkgRb,205426,2019.0
Heart Of Gold,Neil Young,https://open.spotify.com/track/1Q1b8eVkUPGlpSArl8JAVw,187013,1972.0
Classic,MKTO,https://open.spotify.com/track/6FE2iI43OZnszFLuLtvvmg,175426,2012.0
Snow ((Hey Oh)),Red Hot Chili Peppers,https://open.spotify.com/track/2aibwv5hGXSgw7Yru8IYTO,334666,2006.0
Cardigan,Taylor Swift,https://open.spotify.com/track/0KRYCBwIpWYFNrXOmXbyUh,239560,2020.0
Somebody To Love,Queen,https://open.spotify.com/track/3vCHmbyOgc6pgwLUWfU4pF,296480,1976.0
RITMO (Bad Boys For Life),Black Eyed Peas X J Balvin,https://open.spotify.com/track/5NyS3oxTlos3Agl2YtZwrC,214854,2020.0
Informer,Snow,https://open.spotify.com/track/2LjiPAQOVazT8sRyXL3XRs,268910,1993.0
Sail,AWOLNATION,https://open.spotify.com/track/5N7d8uxMeuO4HdncbkuhSB,259093,2011.0
Disco Inferno,50 Cent,https://open.spotify.com/track/69bHJ9qs5FrUJbKP8xU8uZ,214226,2005.0
(Hot S**t) Country Grammar,Nelly,https://open.spotify.com/track/3wMUvT6eIw2L5cZFG1yH9j,287000,2000.0
Cruise,Florida Georgia Line Featuring Nelly,https://open.spotify.com/track/5BhsEd82G0Mnim0IUH6xkT,208960,2012.0
Bump N' Grind,R. Kelly,https://open.spotify.com/track/0DBIL8arX0Zo6eAuxNIpik,256133,1993.0
Come & Get It,Selena Gomez,https://open.spotify.com/track/5U2m76qAMdr3gXI0g6ptlG,231986,2013.0
No,Meghan Trainor,https://open.spotify.com/track/0l0CvurVUrr2w3Jj1hOVFc,213506,2017.0
Don't Phunk With My Heart,The Black Eyed Peas,https://open.spotify.com/track/4MtDnnAJ1AtWit10FRmZdW,239773,2005.0
As Long As You Love Me,Justin Bieber Featuring Big Sean,https://open.spotify.com/track/0pwYLVXVknPSGUQb39cePC,229466,2012.0
Hate That I Love You,Rihanna Featuring Ne-Yo,https://open.spotify.com/track/7iu0WYLdo4yksKf3seaxzI,218946,2008.0
It's Not Over,Daughtry,https://open.spotify.com/track/1UKp5X9cPp9vMnTb39nnvg,215026,2006.0
Can't Get You Out Of My Head,Kylie Minogue,https://open.spotify.com/track/3E7ZwUMJFqpsDOJzEkBrQ7,230640,2002.0
Please Me,Cardi B & Bruno Mars,https://open.spotify.com/track/0PG9fbaaHFHfre2gUVo7AN,200889,2019.0
If You Had My Love,Jennifer Lopez,https://open.spotify.com/track/3x4yV0hW5Ve3TKhFkXSqFn,266000,1999.0
You And Me,Lifehouse,https://open.spotify.com/track/0815caqt2Lytro5EIzMufT,195493,2005.0
All Night Long (All Night),Lionel Richie,https://open.spotify.com/track/4czNORk5MjW5WOn98bki32,258665,1992.0
Foolish,Ashanti,https://open.spotify.com/track/6zMUIb4uce1CzpbjR3vMdN,227386,2002.0
Blueberry Faygo,Lil Mosey,https://open.spotify.com/track/22LAwLoDA5b4AaGSkg6bKW,162546,2020.0
Slow Jamz,Twista Featuring Kanye West & Jamie Foxx,https://open.spotify.com/track/3A4cpTBPaIQdtPFb5JxtaX,316053,2004.0
I Will Wait,Mumford & Sons,https://open.spotify.com/track/3kyxRga5wDGbKdmxXssbps,276720,2012.0
Anyone,Justin Bieber,https://open.spotify.com/track/2WnAKZefdRHxtBEkRjFOHC,190779,2021.0
Against All Odds (Take A Look At Me Now),Phil Collins,https://open.spotify.com/track/63CHa6rmamv9OsehkRD8oz,206360,2016.0
Do It To It,Cherish Featuring Sean Paul Of The YoungBloodZ,https://open.spotify.com/track/6MBEjJlXQYXr8dfxDvZuoA,226293,2006.0
Nobody,Keith Sweat Featuring Athena Cage,https://open.spotify.com/track/4SF1747p541umnykBp352Q,264773,1996.0
Cowgirls,Morgan Wallen Featuring ERNEST,,,
Marvin Gaye,Charlie Puth Featuring Meghan Trainor,https://open.spotify.com/track/6ukMqDxnOPOgoHdak7Kyp3,190453,2015.0
Faith,George Michael,https://open.spotify.com/track/0HEmnAUT8PHznIAAmVXqFJ,193200,1987.0
Don't Cry,Guns N' Roses,https://open.spotify.com/track/2N2yrmodOnVF10mKvItC9P,283733,1991.0
What A Girl Wants,Christina Aguilera,https://open.spotify.com/track/5bGmuxShUba9maPswDnhCs,215800,1999.0
G.D.F.R.,Flo Rida Featuring Sage The Gemini & Lookas,https://open.spotify.com/track/26rdOwwjC2UnweK3xeS58u,190185,2015.0
Green River,Creedence Clearwater Revival,https://open.spotify.com/track/11DjZQEZ69EXLo77HVj6yW,154120,1969.0
MMMBop,Hanson,https://open.spotify.com/track/0lnxrQAd9ZxbhBBe7d8FO8,268653,1997.0
Touch My Body,Mariah Carey,https://open.spotify.com/track/2aEuXA1KswHlCGPOuPmCOW,204733,2008.0
Touch Me,The Doors,https://open.spotify.com/track/4BVE5tIIpYabZcYCbephNW,190253,1969.0
Burn,Usher,https://open.spotify.com/track/7z3N2W7Xz1t2G2sAO8wFVH,231933,2004.0
In The End,Linkin Park,https://open.spotify.com/track/60a0Rd6pjrkxjPbaKzXjfq,216880,2000.0
Boogie Wonderland,"""Earth, Wind & Fire With The Emotions""",https://open.spotify.com/track/6ztstiyZL6FXzh4aG46ZPD,288408,1979.0
The River Of Dreams,Billy Joel,https://open.spotify.com/track/30qVCFYKBtAENjTIBA8FPZ,245893,1993.0
Renegades,X Ambassadors,https://open.spotify.com/track/0fYVliAYKHuPmECRs1pbRf,195200,2015.0
Keep On Loving You,REO Speedwagon,https://open.spotify.com/track/4rcHWl68ai6KvpXlc8vbnE,200293,1980.0
Stop And Stare,OneRepublic,https://open.spotify.com/track/5Z0NSQVSXBlgqhqlMFPsZS,223853,2007.0
We Are The World,USA for Africa,https://open.spotify.com/track/3Z2tPWiNiIpg8UMMoowHIk,427333,1985.0
The Final Countdown,Europe,https://open.spotify.com/track/3MrRksHupTVEQ7YbA0FsZK,310333,1986.0
All For Love,Bryan Adams/Rod Stewart/Sting,https://open.spotify.com/track/3sDWjYgYzAPUcwzuo6OGs8,282773,2005.0
Drip Too Hard,Lil Baby & Gunna,https://open.spotify.com/track/78QR3Wp35dqAhFEc2qAGjE,145542,2018.0
Greatest Love Of All,Whitney Houston,https://open.spotify.com/track/3yOzDXX8cTz25jid6uKTFD,296600,1985.0
B.Y.O.B.,System of a Down,https://open.spotify.com/track/0EYOdF5FCkgOJJla8DI2Md,255466,2005.0
Waiting On The World To Change,John Mayer,https://open.spotify.com/track/5imShWWzwqfAJ9gXFpGAQh,200666,2006.0
Baby Boy,Beyonce Featuring Sean Paul,https://open.spotify.com/track/6dF5QhnUT1pjG0mDCbEYVf,244866,2003.0
Burning Love,Elvis Presley,https://open.spotify.com/track/7zMUCLm1TN9o9JlLISztxO,171533,1973.0
Without You,David Guetta Featuring Usher,https://open.spotify.com/track/3UN6cIn3VIyg0z1LCuFSum,208133,2012.0
Tears In Heaven,Eric Clapton,https://open.spotify.com/track/612VcBshQcy4mpB2utGc3H,280000,1992.0
Smoke On The Water,Deep Purple,https://open.spotify.com/track/5MMnwYs0hIxkENRsbkWJ2G,340742,1972.0
The Door,Teddy Swims,https://open.spotify.com/track/3dj4wgM3cPeuLwMNHDuBon,212648,2023.0
3,Britney Spears,https://open.spotify.com/track/5K4N7sN3j86sW1BQwyfFeF,213293,2009.0
Here You Come Again,Dolly Parton,https://open.spotify.com/track/6H7nDglS6xWpRidbhMwI2L,179491,1977.0
Million Reasons,Lady Gaga,https://open.spotify.com/track/7dZ1Odmx9jWIweQSatnRqo,205280,2016.0
In The Ghetto,Elvis Presley,https://open.spotify.com/track/7KWoeBqSdZHEloYKVxssfG,167993,1969.0
Take A Chance On Me,ABBA,https://open.spotify.com/track/5BckPAYcKEJuYs1eV1BHHe,243933,1977.0
"Wind Beneath My Wings (From ""Beaches"")",Bette Midler,https://open.spotify.com/track/2Pxqs0WmxxHTV5QaTdmt3Q,293853,1988.0
No Hands,Waka Flocka Flame Featuring Roscoe Dash & Wale,https://open.spotify.com/track/03tqyYWC9Um2ZqU0ZN849H,263773,2010.0
Open Arms,Journey,https://open.spotify.com/track/2w4EpqGasrz9qdTwocx54t,202173,1981.0
Heart Of Glass,Blondie,https://open.spotify.com/track/0a4agFmqHXxcZl1nho1BxM,275733,1981.0
Got Money,Lil Wayne Featuring T-Pain,https://open.spotify.com/track/04QTusNVhoUHOx7L9jHRHZ,244626,2008.0
Lemonade,Internet Money & Gunna Featuring Don Toliver & Nav,https://open.spotify.com/track/7hxHWCCAIIxFLCzvDgnQHX,195428,2020.0
I'd Do Anything For Love (But I Won't Do That),Meat Loaf,https://open.spotify.com/track/3IuSgREoO5y88HdIcE2Xee,316466,1993.0
Hopelessly Devoted To You,Olivia Newton-John,https://open.spotify.com/track/5BUq9bdtsm3LWw5laJeJ4R,185360,1978.0
Woman In Love,Barbra Streisand,https://open.spotify.com/track/1pTGc8pwyo6xtgXBKCBcFn,233400,1980.0
Ordinary World,Duran Duran,https://open.spotify.com/track/0wokCRaKD0zPNhMRXAgVsr,340200,1993.0
Lights,Ellie Goulding,https://open.spotify.com/track/7EHmKkyAr6MZv5Y2FdZbXw,190333,1978.0
She Drives Me Crazy,Fine Young Cannibals,https://open.spotify.com/track/4d6eqRtpDX7tydHJGDZUBQ,215773,1988.0
Whoopty,CJ,https://open.spotify.com/track/1t9WgS8FN0534tLBRwbaxO,123262,2021.0
Teardrops On My Guitar,Taylor Swift,https://open.spotify.com/track/2TF4UtYreqNbQ6Z9AccldU,203040,2006.0
Telephone Line,Electric Light Orchestra,https://open.spotify.com/track/3SPcBPzvbmWLl8NU5efx4W,279237,1976.0
Daniel,Elton John,https://open.spotify.com/track/1BvJmtaXsqtH438BcDPeBb,234666,1973.0
Jumper,Third Eye Blind,https://open.spotify.com/track/3354J49VpkbZJho7Ztdzpw,272973,1997.0
Look Alive,BlocBoy JB Featuring Drake,https://open.spotify.com/track/4qKcDkK6siZ7Jp1Jb4m0aL,181263,2018.0
Rapstar,Polo G,https://open.spotify.com/track/18vXApRmJSgQ6wG2ll9AOg,165925,2021.0
Ric Flair Drip,Offset & Metro Boomin,https://open.spotify.com/track/7sO5G9EABYOXQKNPNiE9NR,172800,2017.0
How Low,Ludacris,https://open.spotify.com/track/7iNrBr2V5PfBmvP5ATU7Mi,207186,2009.0
Fancy Like,Walker Hayes,,,
"Can You Feel The Love Tonight (From ""The Lion King"")",Elton John,https://open.spotify.com/track/0EANX0OVKSCcmarY50Xa4p,241013,1994.0
London Bridge,Fergie,https://open.spotify.com/track/7K2IeEefMiK8sDL8RBvXw2,241306,2006.0
A Thousand Miles,Vanessa Carlton,https://open.spotify.com/track/4w1lzcaoZ1IC2K5TwjalRP,237493,2002.0
Good Time,Owl City & Carly Rae Jepsen,https://open.spotify.com/track/1kPpge9JDLpcj15qgrPbYX,205933,2012.0
Honey,Mariah Carey,https://open.spotify.com/track/5NaOWLOmVjcA3M5spRATN9,299826,1997.0
Heartbreaker,Mariah Carey Featuring Jay-Z,https://open.spotify.com/track/0jsANwwkkHyyeNyuTFq2XO,285462,1999.0
The Heart Wants What It Wants,Selena Gomez,https://open.spotify.com/track/5f98TzvnLY1wy3ZgHKQSJN,227360,2015.0
Bury A Friend,Billie Eilish,https://open.spotify.com/track/4SSnFejRGlZikf02HLewEF,193143,2019.0
Vogue,Madonna,https://open.spotify.com/track/7j5TIXPi0cCbSSqItmbyZy,317080,1990.0
Flashing Lights,Kanye West Featuring Dwele,https://open.spotify.com/track/31I3Rt1bPa2LrE74DdNizO,237506,2007.0
Gloria,Laura Branigan,https://open.spotify.com/track/1mskmld5ZKEhRaNvYVPoqZ,289853,1982.0
See You Again,Miley Cyrus,https://open.spotify.com/track/3AjyOYxBv8bByfBtG5o9dP,190453,2007.0
DTMF,Bad Bunny,https://open.spotify.com/track/3sK8wGT43QFpWrvNQsrQya,237117,2025.0
Maneater,Nelly Furtado,https://open.spotify.com/track/4wH4dJgrsxONID6KS2tDQM,258893,2006.0
I Think We're Alone Now,Tiffany,https://open.spotify.com/track/4uvjOKsp7mSjrDhWdkLPBY,228840,1987.0
Wants And Needs,Drake Featuring Lil Baby,https://open.spotify.com/track/65OVbaJR5O1RmwOQx0875b,192956,2021.0
Sultans Of Swing,Dire Straits,https://open.spotify.com/track/37Tmv4NnfQeb0ZgUC4fOJj,348400,1978.0
Clumsy,Fergie,https://open.spotify.com/track/29TqbHtaTUjEDOBGJ5FNZX,240426,2006.0
Bones,Imagine Dragons,https://open.spotify.com/track/54ipXppHLA8U4yqpOFTUhr,165264,2022.0
What Is Love,Haddaway,https://open.spotify.com/track/3NvS0SxNWIPiAJoPWUpZzr,270373,1993.0
When Doves Cry,Prince,https://open.spotify.com/track/51H2y6YrNNXcy3dfc3qSbA,352906,1984.0
Barbara Ann,The Beach Boys,https://open.spotify.com/track/2KOt2JrCB720UxIbyzweQo,133893,1975.0
Be Without You,Mary J. Blige,https://open.spotify.com/track/6Y3WvyUG9iE5bQYg38SPtQ,246333,2005.0
How Far I'll Go,Auli'i Cravalho,https://open.spotify.com/track/62wcjED7Q0eZLLtyp2Rlwt,163386,2023.0
Sweet Dreams,Beyonce,https://open.spotify.com/track/2wNGoon7FlKnVEyYS1ZRBQ,207480,2008.0
Easy Lover,Philip Bailey With Phil Collins,https://open.spotify.com/track/5LYJ631w9ps5h9tdvac7yP,305866,1984.0
Fukumean,Gunna,https://open.spotify.com/track/4rXLjWdF2ZZpXCVTfWcshS,125040,2023.0
Shake Your Body (Down To The Ground),The Jacksons,https://open.spotify.com/track/26QORAYrHVWk6Pn6ELkzvn,227261,2021.0
The Devil Went Down To Georgia,The Charlie Daniels Band,https://open.spotify.com/track/6gRACp2CvsIhc7hyw8CecQ,215066,1979.0
Cyclone,Baby Bash Featuring T-Pain,https://open.spotify.com/track/0x1LCpY9Rgeq97VPajm81B,222053,2007.0
(I've Had) The Time Of My Life,Bill Medley & Jennifer Warnes,https://open.spotify.com/track/6W7ztLBiRzBN46ZaPAcQ0F,290333,1987.0
21 Guns,Green Day,https://open.spotify.com/track/64yrDBpcdwEdNY9loyEGbX,321093,2009.0
Price Tag,Jessie J Featuring B.o.B,https://open.spotify.com/track/2fTsFCKRFQ5M0igJgabnLA,223053,2011.0
Freaky Friday,Lil Dicky Featuring Chris Brown,https://open.spotify.com/track/10Igtw8bSDyyFs7KIsKngZ,216631,2018.0
iSpy,Kyle Featuring Lil Yachty,https://open.spotify.com/track/6xbraxG0bSBOuAr5IUXmtM,252240,2018.0
Best Of You,Foo Fighters,https://open.spotify.com/track/5FZxsHWIvUsmSK1IAvm2pp,255261,2005.0
Popstar,DJ Khaled Featuring Drake,https://open.spotify.com/track/1sbEeUY8KsdvgiQi26JBFz,200221,2021.0
Nothing Compares 2 U,Sinead O'Connor,https://open.spotify.com/track/3nvuPQTw2zuFAVuLsC9IYQ,280040,1990.0
Jocelyn Flores,XXXTENTACION,https://open.spotify.com/track/7m9OqQk4RVRkw9JJdeAw96,119133,2017.0
Like A Stone,Audioslave,https://open.spotify.com/track/3YuaBvuZqcwN3CEAyyoaei,293960,2002.0
Beautiful,Christina Aguilera,https://open.spotify.com/track/3TCauNPqFiniaYHBvEVoHG,238560,2002.0
Hungry Like The Wolf,Duran Duran,https://open.spotify.com/track/39lSeqnyjZJejRuaREfyLL,220626,1982.0
Sloop John B,The Beach Boys,https://open.spotify.com/track/2ULL3VZf4WwBKO4vjwT7Bg,180133,1966.0
This Kiss,Faith Hill,https://open.spotify.com/track/5EYWGM3Ns3iYew8ws0FatB,194306,1998.0
Beautiful,Akon Featuring Colby O'Donis & Kardinal Offishall,https://open.spotify.com/track/0lqYRbRiGc5oiCUW51JH5s,312986,2008.0
"""1, 2 Step""",Ciara Featuring Missy Elliott,https://open.spotify.com/track/7uKcScNXuO3MWw6LowBjW1,203786,2004.0
California Girls,The Beach Boys,https://open.spotify.com/track/6bJuuCtXYiwOcKT9s8uRh8,160360,1965.0
Stan,Eminem Featuring Dido,https://open.spotify.com/track/3UmaczJpikHgJFyBTAJVoz,404106,2000.0
I'm Gonna Be (500 Miles),The Proclaimers,https://open.spotify.com/track/67iAlVNDDdddxqSD2EZhFs,219466,1988.0
Holiday,Green Day,https://open.spotify.com/track/5vfjUAhefN7IjHbTvVCT4Z,233026,2005.0
When It Rains It Pours,Luke Combs,https://open.spotify.com/track/1mMLMZYXkMueg65jRRWG1l,242680,2017.0
I'm Sprung,T-Pain,https://open.spotify.com/track/0DLOyyQvwPTSDKuhpzMMwA,231040,2005.0
Slide,Calvin Harris Featuring Frank Ocean & Migos,https://open.spotify.com/track/7tr2za8SQg2CI8EDgrdtNl,230813,2017.0
My All,Mariah Carey,https://open.spotify.com/track/3RSpK5Y0y5tl25qvssrwJ6,230933,1997.0
Sailor Song,Gigi Perez,https://open.spotify.com/track/2262bWmqomIaJXwCRHr13j,211978,2024.0
Break My Soul,Beyonce,https://open.spotify.com/track/5pyoxDZ1PX0KxBxiRVxA4U,278281,2022.0
Streets,Doja Cat,https://open.spotify.com/track/60ynsPSSKe6O3sfwRnIBRf,226978,2019.0
I'm Too Sexy,Right Said Fred,https://open.spotify.com/track/5YBnb8pOGOHkkGUEoqreWL,170466,1992.0
Gucci Gang,Lil Pump,https://open.spotify.com/track/43ZyHQITOjhciSUUNPVRHc,124055,2017.0
Don't Tell 'Em,Jeremih Featuring YG,https://open.spotify.com/track/0Dc7J9VPV4eOInoxUiZrsL,266840,2015.0
Best Friend,Saweetie Featuring Doja Cat,https://open.spotify.com/track/2etHQJxIbV0soyPhelVs9Y,155883,2021.0
You,Lloyd Featuring Lil Wayne,https://open.spotify.com/track/5Y77SQxEr1eiofPeUTPHxM,273133,2007.0
You Are Not Alone,Michael Jackson,https://open.spotify.com/track/3AoeaZs8dFemFJr3JdzOL0,344826,1995.0
If You're Gone,Matchbox Twenty,https://open.spotify.com/track/2f5N826udWfjT9iomeaBJt,274933,2000.0
Hot Blooded,Foreigner,https://open.spotify.com/track/6xMHglHoafdDFGXS6qfwSH,268693,1978.0
"I'm Every Woman (From ""The Bodyguard"")",Whitney Houston,https://open.spotify.com/track/2eHj0klWkwRQuIrNlPpCPa,285106,1992.0
Emotions,Mariah Carey,https://open.spotify.com/track/0cELvuwJW1acISUHYB6suj,248012,1991.0
Rich Girl,Gwen Stefani Featuring Eve,https://open.spotify.com/track/2oxtQ84p1j5GmyzmD50Lq0,236213,2004.0
I Was Made For Lovin' You,Kiss,https://open.spotify.com/track/07q0QVgO56EorrSGHC48y3,271240,1979.0
A Lot,21 Savage,https://open.spotify.com/track/2t8yVaLvJ0RenpXUIAC52d,288624,2018.0
Breakaway,Kelly Clarkson,https://open.spotify.com/track/6dCXKAcHGLpqdC2IXjSpto,237693,2004.0
Bad,Michael Jackson,https://open.spotify.com/track/5lWFrW5T3JtxVCLDb7etPu,247368,2012.0
U Remind Me,Usher,https://open.spotify.com/track/2QsZVnbWVSjKMXK6K3uRBL,266893,2001.0
I Hope You Dance,Lee Ann Womack,https://open.spotify.com/track/65B1tEOv5W294uCKbmEcFV,294533,2000.0
Run Rudolph Run,Chuck Berry,https://open.spotify.com/track/2pnPe4pJtq7689i5ydzvJJ,165733,1986.0
Mo Bamba,Sheck Wes,https://open.spotify.com/track/1xzBco0xcoJEDXktl7Jxrr,183906,2018.0
Do I Wanna Know?,Arctic Monkeys,https://open.spotify.com/track/5FVd6KXrgO9B3JPmC8OPst,272394,2013.0
Girl You Know It's True,Milli Vanilli,https://open.spotify.com/track/0C7dYeCLF6ukChtW64UNge,198573,2013.0
The Next Episode,Dr. Dre Featuring Snoop Dogg,https://open.spotify.com/track/4LwU4Vp6od3Sb08CsP99GC,161506,1999.0
Walk This Way,Aerosmith,https://open.spotify.com/track/5SZ6zX4rOrEQferfFC2MfP,220400,1975.0
Who's Crying Now,Journey,https://open.spotify.com/track/4KWzsYmXYYbTjb4tYxulvd,299653,1981.0
Saturn,SZA,https://open.spotify.com/track/040I32EKLxQrkuxQu1pqvT,186191,2024.0
The Pretender,Foo Fighters,https://open.spotify.com/track/7x8dCjCr0x6x2lXKujYD34,269306,2007.0
I Say A Little Prayer,Aretha Franklin,https://open.spotify.com/track/3NfxSdJnVdon1axzloJgba,216773,1968.0
Don't Bring Me Down,Electric Light Orchestra,https://open.spotify.com/track/72ahyckBJfTigJCFCviVN7,243132,1979.0
I Hope,Gabby Barrett Featuring Charlie Puth,https://open.spotify.com/track/5cYFwgA5dHoqR3xGnlr9ew,211605,2020.0
Paradise City,Guns N' Roses,https://open.spotify.com/track/3YBZIN3rekqsKxbJc9FZko,405640,1987.0
1979,The Smashing Pumpkins,https://open.spotify.com/track/5QLHGv0DfpeXLNFo7SFEy1,266200,1995.0
How We Do,The Game Featuring 50 Cent,https://open.spotify.com/track/4PmMVdIFpJTB9WQbmILf4p,235533,2005.0
You'll Be In My Heart,Phil Collins,https://open.spotify.com/track/4Y8vb1uy9IjM2V1hqvrAid,256733,1999.0
Oh,Ciara Featuring Ludacris,https://open.spotify.com/track/7i7UIbm5E0DD7aSOYvwp2v,256346,2004.0
Look At Me Now,Chris Brown Featuring Lil Wayne & Busta Rhymes,,,
Our Song,Taylor Swift,https://open.spotify.com/track/1j6gmK6u4WNI33lMZ8dC1s,201106,2006.0
Animals,Martin Garrix,https://open.spotify.com/track/0A9mHc7oYUoCECqByV8cQR,304228,2013.0
Yo (Excuse Me Miss),Chris Brown,https://open.spotify.com/track/7DFnq8FYhHMCylykf6ZCxA,229040,2005.0
I Wanna Be Down,Brandy,https://open.spotify.com/track/6N9uyMZf9pbNOuomveWscp,291666,1994.0
Ain't No Love In Oklahoma,Luke Combs,https://open.spotify.com/track/6GG4yyk3UATdBfTHVgI8PB,210950,2024.0
Grillz,"""Nelly Featuring Paul Wall, Ali & Gipp""",https://open.spotify.com/track/6MyRJF1ttIyBTFLoqzCRwV,271160,2005.0
Everybody Wants To Rule The World,Tears for Fears,https://open.spotify.com/track/4RvWPyQ5RL0ao9LPZeSouE,251488,1985.0
I Want You Back,Jackson 5,,,
Kiss Me Thru The Phone,Soulja Boy Tell 'em Featuring Sammie,https://open.spotify.com/track/2q4rjDy9WhaN3o9MvDbO21,193386,2008.0
Two Out Of Three Ain't Bad,Meat Loaf,https://open.spotify.com/track/2ph0hzV1kCVhR82E2La4q5,326244,1977.0
Fortnight,Taylor Swift Featuring Post Malone,https://open.spotify.com/track/2OzhQlSqBEmt7hmkYxfT6m,228965,2024.0
Sunroof,Nicky Youre & dazy,https://open.spotify.com/track/6WHSNH8PhDHbpYxg4I181o,163025,2022.0
Man In The Mirror,Michael Jackson,https://open.spotify.com/track/1kiNatIrwDusOZfR29W0LJ,318687,2012.0
Tiny Dancer,Elton John,https://open.spotify.com/track/2TVxnKdb3tqe1nhQWwwZCO,377093,1971.0
Pump Up The Jam,Technotronic Featuring Felly,https://open.spotify.com/track/21qnJAMtzC6S5SESuqQLEK,320306,1989.0
Every Time I Close My Eyes,Babyface,https://open.spotify.com/track/2ezqQeBiC72gwMJoO4w1hA,296266,1996.0
My Sacrifice,Creed,https://open.spotify.com/track/2VSbEXqs6NbNiZSTcHlIDR,294600,2001.0
Fire Burning,Sean Kingston,https://open.spotify.com/track/2oENJa1T33GJ0w8dC167G4,239986,2009.0
Middle,DJ Snake Featuring Bipolar Sunshine,https://open.spotify.com/track/2bKhIGdMdcqCqQ2ZhSv5nE,220573,2015.0
All Of The Lights,Kanye West,https://open.spotify.com/track/22L7bfCiAkJo5xGSQgmiIO,299613,2010.0
It Wasn't Me,"Shaggy Feat. Ricardo ""RikRok"" Ducent",https://open.spotify.com/track/3WkibOpDF7cQ5xntM1epyf,227600,2000.0
Young Forever,Jay-Z + Mr. Hudson,https://open.spotify.com/track/35srNkJVToAzYiZzron1FY,253906,2009.0
Down On Me,Jeremih Featuring 50 Cent,https://open.spotify.com/track/7seWbBQAm6wAxZTWXKeEED,228453,2010.0
Running Up That Hill (A Deal With God),Kate Bush,https://open.spotify.com/track/75FEaRjZTKLhTrFGsfMUXR,298933,1985.0
OMG,Usher Featuring will.i.am,https://open.spotify.com/track/4Ow5x7P5NAAR1jPoskudoA,269493,2010.0
Don't You (Forget About Me),Simple Minds,https://open.spotify.com/track/5Y8Rj0s6wuM5DlQdllYiWl,261239,2025.0
White Rabbit,Jefferson Airplane,https://open.spotify.com/track/4vpeKl0vMGdAXpZiQB2Dtd,150640,1967.0
That Don't Impress Me Much,Shania Twain,https://open.spotify.com/track/4I7DV3MIgxJGlObiy9s6nx,238706,1999.0
Dog Days Are Over,Florence + The Machine,https://open.spotify.com/track/456WNXWhDwYOSf5SpTuqxd,252818,2009.0
I Don't Wanna Know,Mario Winans Featuring Enya & P. Diddy,https://open.spotify.com/track/2TgFs3elXrMiGeWWs1iSeH,256013,1997.0
Stand By Me,Ben E. King,https://open.spotify.com/track/3SdTKo2uVsxFblQjpScoHy,180055,1962.0
Dior,Pop Smoke,https://open.spotify.com/track/79s5XnCN4TJKTVMSmOx8Ep,216386,2019.0
Holy Grail,Jay Z Featuring Justin Timberlake,https://open.spotify.com/track/7ieCsfrxC9ssTGUzCL8BHv,227719,1992.0
Say Aah,Trey Songz Featuring Fabolous,https://open.spotify.com/track/1wkGTsSqUhvvXgi0yX9haQ,207546,2009.0
Savage,Megan Thee Stallion Featuring Beyonce,https://open.spotify.com/track/55CHeLEfn5iJ0IIkgaa4si,155497,2020.0
O.P.P.,Naughty by Nature,https://open.spotify.com/track/1k28sDTLOz942qa3wEtMQE,271066,1991.0
All Falls Down,Kanye West Featuring Syleena Johnson,https://open.spotify.com/track/5SkRLpaGtvYPhw02vZhQQ9,223506,2004.0
Superman,Eminem,https://open.spotify.com/track/4woTEX1wYOTGDqNXuavlRC,350320,2002.0
Beautiful Mistakes,Maroon 5 Featuring Megan Thee Stallion,https://open.spotify.com/track/5zFglKYiknIxks8geR8rcL,227395,2021.0
Jesus Walks,Kanye West,https://open.spotify.com/track/5g1vtHqi9uV7xtYeCcFOBx,193733,2004.0
What About Us,P!nk,https://open.spotify.com/track/0Qh38w01QRXK6KHIv0e3hb,269595,2017.0
Thought You Should Know,Morgan Wallen,,,
Wiggle,Jason Derulo Featuring Snoop Dogg,https://open.spotify.com/track/1MzXFDFEdndvOReLnoZ0p7,193295,2013.0
...Ready For It?,Taylor Swift,https://open.spotify.com/track/2yLa0QULdQr0qAIvVwN6B5,208186,2017.0
Unconditionally,Katy Perry,https://open.spotify.com/track/4fwbGKNExPtPHbor1TBSY4,228878,2013.0
I'm N Luv (Wit A Stripper),T-Pain Featuring Mike Jones,https://open.spotify.com/track/2QurCbkPO14pjrikPNja0h,239413,2005.0
Panini,Lil Nas X,https://open.spotify.com/track/1000nHvUdawXuUHgBod4Wv,114893,2019.0
True Colors,Cyndi Lauper,https://open.spotify.com/track/2A6yzRGMgSQCUapR2ptm6A,227590,1986.0
One,Metallica,https://open.spotify.com/track/5IX4TbIR5mMHGE4wiWwKW0,447440,1988.0
Cups (Pitch Perfect's When I'm Gone),Anna Kendrick,https://open.spotify.com/track/2sCl0FFOzZSmYZs90zOpd1,126880,2013.0
Un-Break My Heart,Toni Braxton,https://open.spotify.com/track/35FrSEASDKsZnStrgnT4vp,270466,1996.0
La Isla Bonita,Madonna,https://open.spotify.com/track/6r8k1vznHrzlEKYxL4dZEe,242733,1986.0
Back To Life,Soul II Soul,https://open.spotify.com/track/7vvRkLPIvfjjmCIqNxBuEZ,228266,1989.0
Big Energy,Latto,https://open.spotify.com/track/0EJ3Kofm9hYq3hL4VZ881G,181665,2022.0
Ms. New Booty,Bubba Sparxxx Featuring Ying Yang Twins & Mr. ColliPark,https://open.spotify.com/track/0k6HUzaRHpQ3eEWr1C7Esh,252653,2005.0
Always Remember Us This Way,Lady Gaga,https://open.spotify.com/track/2rbDhOo9Fh61Bbu23T2qCk,210200,2018.0
Started From The Bottom,Drake,https://open.spotify.com/track/3dgQqOiQ9fCKVhNOedd2lf,174120,2013.0
Calling My Phone,Lil Tjay Featuring 6LACK,https://open.spotify.com/track/3J8EOeKLTLXORtWPpOU5bE,205458,2021.0
This Is America,Childish Gambino,https://open.spotify.com/track/0b9oOr2ZgvyQu88wzixux9,225773,2018.0
Shake It,Metro Station,https://open.spotify.com/track/46SFeuNs1K5D76D9vCwFuR,179946,2007.0
Super Freaky Girl,Nicki Minaj,https://open.spotify.com/track/2yjlYDiNiQkdxVqTlaSrlX,170977,2022.0
Waking Up In Vegas,Katy Perry,https://open.spotify.com/track/0CINJz55gaKzuAsqhZ0hEU,199186,2008.0
Heaven,Bryan Adams,https://open.spotify.com/track/7Ewz6bJ97vUqk5HdkvguFQ,243360,1984.0
I Need Your Love,Calvin Harris Featuring Ellie Goulding,https://open.spotify.com/track/05SBRd4fXgn8FX7bf8BCAE,234506,2012.0
Let's Hear It For The Boy,Deniece Williams,https://open.spotify.com/track/4VyU9Tg4drTj2mOUZHSK2u,262440,1984.0
Ex's & Oh's,Elle King,https://open.spotify.com/track/70eDxAyAraNTiD6lx2ZEnH,202177,2015.0
If You Want Me To Stay,Sly & The Family Stone,https://open.spotify.com/track/2BydLQAh7CUIFvSEqAMc4x,180493,1973.0
Sexual Healing,Marvin Gaye,https://open.spotify.com/track/3VZmChrnVW8JK6ano4gSED,238600,1982.0
Good Girls Go Bad,Cobra Starship Featuring Leighton Meester,https://open.spotify.com/track/7kMfu3KUydmrFVGEAhjtyl,196413,2009.0
What You Know,T.I.,https://open.spotify.com/track/0CAJdthKDdRjB2h8YOguN6,274333,2006.0
If It Makes You Happy,Sheryl Crow,https://open.spotify.com/track/0lfPPoWG4b3OmhieJ2YDF0,324840,1996.0
Radio Ga Ga,Queen,https://open.spotify.com/track/1nQRg9q9uwALGzouOX5OyQ,348226,1984.0
Blame It,Jamie Foxx Featuring T-Pain,https://open.spotify.com/track/08uGhvS5MfBk7crUCpnjva,289746,2008.0
Midnight Sky,Miley Cyrus,https://open.spotify.com/track/4i2qxFEVVUi8yOYoxB8TCX,223279,2020.0
Evil Woman,Electric Light Orchestra,https://open.spotify.com/track/777NOXupZkFdg8zlPMoVqc,276268,1975.0
Jingle Bell Rock,Bobby Helms,https://open.spotify.com/track/7vQbuQcyTflfCIOu3Uzzya,130973,1957.0
Always On My Mind,Willie Nelson,https://open.spotify.com/track/2xYQTU2bbg6WVAmpY1eae4,213359,1982.0
Therefore I Am,Billie Eilish,https://open.spotify.com/track/20R4HfKloPKgXDqU7UKk3x,173539,2021.0
Where Are U Now,Skrillex & Diplo With Justin Bieber,https://open.spotify.com/track/66hayvUbTotekKU3H4ta1f,250285,2015.0
Jealous,Nick Jonas,https://open.spotify.com/track/0hxCRcTNxtMLZhL7yjV6Mw,223106,2014.0
The Unforgiven,Metallica,https://open.spotify.com/track/4aYLAF6ckQ5ooGGGM7sWAa,386493,1991.0
"""Yes, And?""",Ariana Grande,https://open.spotify.com/track/5D34wRmbFS29AjtTOP2QJe,214994,2024.0
Steal My Sunshine,Len,https://open.spotify.com/track/2GRnDQCkcN6BoujfUgywOW,248466,1999.0
"""Bills, Bills, Bills""",Destiny's Child,https://open.spotify.com/track/027puauDjNWo1YQsvtqu1t,254533,1999.0
Jumpman,Drake & Future,https://open.spotify.com/track/27GmP9AWRs744SzKcpJsTZ,205879,2015.0
Behind These Hazel Eyes,Kelly Clarkson,https://open.spotify.com/track/6xBQEW4ge9OlbYUt5IVyVz,198973,2004.0
I'll Be Missing You,Puff Daddy & Faith Evans Featuring 112,https://open.spotify.com/track/1yy2DlSDtEt90d54rPDPXz,306560,1997.0
Meet Virginia,Train,https://open.spotify.com/track/4ocbH5ZJqajZIpUrqRUoue,239933,1998.0
Telepatia,Kali Uchis,https://open.spotify.com/track/6tDDoYIxWvMLTdKpjFkc1B,160191,2020.0
Rockstar,Nickelback,https://open.spotify.com/track/2cKCSngj4rdMI9K1deFJOe,255520,2005.0
"""Me, Myself And I""",Beyonce,https://open.spotify.com/track/3pxJuMLjNPtiC0fX8EHFlF,301173,2003.0
In Case You Didn't Know,Brett Young,https://open.spotify.com/track/10M2Ex445zw585Ducldzkw,224853,2017.0
Addicted,Saving Abel,https://open.spotify.com/track/3pxCXv0NACYfYnLjFcQW5D,222826,2008.0
Secrets,OneRepublic,https://open.spotify.com/track/1NhPKVLsHhFUHIOZ32QnS2,224693,2009.0
Fallin' For You,Colbie Caillat,https://open.spotify.com/track/3mJq2ZlI3ZN8hvmRSdzRy9,215320,2009.0
Talking Body,Tove Lo,https://open.spotify.com/track/5vXnH99Tn0qAh84SWU5sfc,238426,2014.0
Rock Your Body,Justin Timberlake,https://open.spotify.com/track/1AWQoqb9bSvzTjaLralEkT,267266,2002.0
Bad Things,Machine Gun Kelly x Camila Cabello,https://open.spotify.com/track/1PSBzsahR2AKwLJgx8ehBj,239293,2017.0
The Middle,Jimmy Eat World,https://open.spotify.com/track/6GG73Jik4jUlQCkKg9JuGO,165853,2001.0
Hey Baby (Drop It To The Floor),Pitbull Featuring T-Pain,https://open.spotify.com/track/3rfhI32Il2hVRKDkuGeeen,234453,2011.0
Wicked Game,Chris Isaak,https://open.spotify.com/track/7w5AOd6HrDIHewHfpABEss,289066,1989.0
Bank Account,21 Savage,https://open.spotify.com/track/2fQrGHiQOvpL9UgPvtYy6G,220306,2017.0
Controlla,Drake,https://open.spotify.com/track/4CpKEkdGbOJV51cSvx7SoG,245226,2016.0
Pony,Ginuwine,https://open.spotify.com/track/6mz1fBdKATx6qP4oP1I65G,251733,1999.0
Over And Over,Nelly Featuring Tim McGraw,https://open.spotify.com/track/2b8QQqf8Vwb7bfz22ja8Fk,253933,2004.0
Soda Pop,"""Saja Boys: Andrew Choi, Neckwav, Danny Chung, Kevin Woo & samUIL Lee""",https://open.spotify.com/track/02sy7FAs8dkDNYsHp4Ul3f,150686,2025.0
Sweet Nothing,Calvin Harris Featuring Florence Welch,https://open.spotify.com/track/24LS4lQShWyixJ0ZrJXfJ5,212560,2012.0
How Do You Sleep?,Sam Smith,https://open.spotify.com/track/6b2RcmUt1g9N9mQ3CbjX2Y,202204,2019.0
Absolutely (Story Of A Girl),Nine Days,https://open.spotify.com/track/3mNecsYFb6LQg7822DPXCP,189333,2000.0
MAMIII,Becky G X Karol G,https://open.spotify.com/track/7FlQk2gJ6TBrHHiidvdR2O,226088,2022.0
Me Porto Bonito,Bad Bunny & Chencho Corleone,https://open.spotify.com/track/6Sq7ltF9Qa7SNFBsV5Cogx,178567,2022.0
Unsteady,X Ambassadors,https://open.spotify.com/track/7lGKEWMXVWWTt3X71Bv44I,193546,2015.0
My Girl,The Temptations,https://open.spotify.com/track/745H5CctFr12Mo7cqa1BMH,165000,1965.0
All The Right Moves,OneRepublic,https://open.spotify.com/track/5XRHGXut00SrJUFmcn2lQF,238000,2009.0
Confessions Part II,Usher,https://open.spotify.com/track/7wBThXx7BGZHJJ3aN3OPvv,211200,2004.0
Bang!,AJR,https://open.spotify.com/track/2I2AqFb0f9UNnolWc2MafC,170879,2021.0
Death Bed,Powfu Featuring beabadoobee,https://open.spotify.com/track/7eJMfftS33KTjuF7lTsMCx,173333,2020.0
Anxiety,Doechii,https://open.spotify.com/track/3LPLRNr58Z9Pn0clnEtkXb,249302,2025.0
Alone,Heart,https://open.spotify.com/track/54b8qPFqYqIndfdxiLApea,218733,1987.0
Somewhere Only We Know,Keane,https://open.spotify.com/track/1SKPmfSYaPsETbRHaiA18G,237146,2004.0
Die A Happy Man,Thomas Rhett,https://open.spotify.com/track/6uTb5oNK9RkTjxmh73W7MG,227426,2015.0
Houdini,Dua Lipa,https://open.spotify.com/track/5x9ElMtD3xy0verHZWOGqr,185917,2024.0
Ballin',Mustard & Roddy Ricch,https://open.spotify.com/track/3QzAOrNlsabgbMwlZt7TAY,180434,2019.0
Sexy Can I,Ray J & Yung Berg,https://open.spotify.com/track/1q51MejmtLKEv8mABG8XRE,204040,2008.0
My Way,Calvin Harris,https://open.spotify.com/track/1vvNmPOiUuyCbgWmtc6yfm,219159,2016.0
Riders On The Storm,The Doors,https://open.spotify.com/track/14XWXWv5FoCbFzLksawpEe,434720,1971.0
Endless Love,Luther Vandross & Mariah Carey,https://open.spotify.com/track/7IljDTNkQEyy77CcaRbiAj,261093,1994.0
Sweet Emotion,Aerosmith,https://open.spotify.com/track/24NwBd5vZ2CK8VOQVnqdxr,274133,1975.0
Bust A Move,Young M.C.,https://open.spotify.com/track/1imou7ebMJycLY9z4xmHgq,263266,1989.0
Say Goodbye,Chris Brown,https://open.spotify.com/track/5F7IJrXD6Fa3EmqoYE0gU4,289760,2005.0
Jar Of Hearts,Christina Perri,https://open.spotify.com/track/0HZhYMZOcUzZKSFwPOti6m,246587,2011.0
Dear Future Husband,Meghan Trainor,https://open.spotify.com/track/5MEYDJVJMaGAXfddTo0D6J,184226,2015.0
Whoomp! (There It Is),Tag Team,https://open.spotify.com/track/4utp1jggcXcMzdPBTbnCA3,225266,2012.0
Papa Don't Preach,Madonna,https://open.spotify.com/track/6A8OnjnpShshNpcqWtZRjr,268533,1986.0
Separate Ways (Worlds Apart),Journey,https://open.spotify.com/track/1pTw2cNrp9L3esxLAvWnN2,323453,1983.0
Timeless,The Weeknd & Playboi Carti,https://open.spotify.com/track/0FIDCNYYjNvPVimz5icugS,256000,2025.0
The Edge Of Glory,Lady Gaga,https://open.spotify.com/track/0ddj5KtNqJ75lOJzgZNFFc,321173,2011.0
How Far We've Come,Matchbox Twenty,https://open.spotify.com/track/1EHh1fC9FCKw31wotfXx7L,212253,2007.0
Who,Jimin,https://open.spotify.com/track/7tI8dRuH2Yc6RuoTjxo4dU,170887,2024.0
Boo'd Up,Ella Mai,,,
Rehab,Amy Winehouse,https://open.spotify.com/track/1L5tZi0izXsi5Kk5OJf4W0,213760,2006.0
Breathin,Ariana Grande,https://open.spotify.com/track/4OafepJy2teCjYJbvFE60J,198160,2018.0
Toosie Slide,Drake,https://open.spotify.com/track/466cKvZn1j45IpxDdYZqdA,247058,2020.0
Don't Trust Me,3OH!3,https://open.spotify.com/track/3bsDo5vjjJI7O8VuytGIrc,194613,2019.0
Lido Shuffle,Boz Scaggs,https://open.spotify.com/track/7pG7odMa9PQ7ME0ZfnyR8d,223164,1976.0
Crazy,Aerosmith,https://open.spotify.com/track/74irxdVWstNlEQjsvArITq,316693,1993.0
We R Who We R,Ke$ha,https://open.spotify.com/track/6lCTs5NDYctSQutADkeEsA,204760,2010.0
Anaconda,Nicki Minaj,https://open.spotify.com/track/5eqiMMbaeUZ32Q7sS00H35,260239,2014.0
Got To Be Real,Cheryl Lynn,https://open.spotify.com/track/58r4JuwHhXLAkttkaUZfLw,307946,1978.0
Knife Talk,Drake Featuring 21 Savage & Project Pat,https://open.spotify.com/track/2BcMwX1MPV6ZHP4tUT9uq6,242965,2021.0
Listen To Your Heart,Roxette,https://open.spotify.com/track/5JvsxPAHsGxwNq4xto2HtM,328093,1988.0
Cry Me A River,Justin Timberlake,https://open.spotify.com/track/7Lf7oSEVdzZqTA0kEDSlS5,288333,2002.0
It's Not My Time,3 Doors Down,https://open.spotify.com/track/3DelzIn0lPwX4PeOJk9zDF,241960,2008.0
All I Have To Give,Backstreet Boys,https://open.spotify.com/track/2aNG1zFgAuHqYWhNbiIOF8,274626,1997.0
"""This Ain't A Scene, It's An Arms Race""",Fall Out Boy,https://open.spotify.com/track/1oagRT7LfpVlNJN6FSZDGp,212040,2007.0
Don't Stop Me Now,Queen,https://open.spotify.com/track/5T8EDUDqKcs6OSOwEsfqG7,209413,1978.0
Yonaguni,Bad Bunny,https://open.spotify.com/track/2JPLbjOn0wPCngEot2STUS,206710,2021.0
Un x100to,Grupo Frontera X Bad Bunny,https://open.spotify.com/track/6pD0ufEQq0xdHSsRbg9LBK,194563,2023.0
Try,P!nk,https://open.spotify.com/track/1jF7IL57ayN4Ity3jQqGu0,247911,2012.0
The Motto,Drake Featuring Lil Wayne,https://open.spotify.com/track/18asYwWugKjjsihZ0YvRxO,164818,2021.0
"Blaze Of Glory (From ""Young Guns II"")",Jon Bon Jovi,https://open.spotify.com/track/1sUTfgduT0WIQO8kXKXxLC,335240,1990.0
Opalite,Taylor Swift,https://open.spotify.com/track/3yWuTOYDztXjZxdE2cIRUa,235355,2025.0
Get Low,Lil Jon & The East Side Boyz Featuring Ying Yang Twins,https://open.spotify.com/track/0r2Bul2NuCViraT2zX1l5j,334066,2002.0
The Way,Ariana Grande Featuring Mac Miller,https://open.spotify.com/track/0S4RKPbRDA72tvKwVdXQqe,227026,2013.0
Black Balloon,Goo Goo Dolls,https://open.spotify.com/track/5zmaypMaWb21FUGBxbw8hT,249533,1998.0
No Role Modelz,J. Cole,https://open.spotify.com/track/62vpWI1CHwFy7tMIcSStl8,292986,2014.0
I Like It,Enrique Iglesias Featuring Pitbull,https://open.spotify.com/track/3k9EVrhY1Jr2Z03W9VzDYX,216133,2010.0
Closer,Ne-Yo,https://open.spotify.com/track/0GX5oOKtU0nnx5OkhenW2i,234360,2008.0
Till The World Ends,Britney Spears Featuring Nicki Minaj & Ke$ha,https://open.spotify.com/track/38iU2jg98IZZEIJPrP7aWD,237946,2011.0
Beer Never Broke My Heart,Luke Combs,https://open.spotify.com/track/7aEtlGHoiPAfRB084NiDmx,186360,2019.0
Ayo Technology,50 Cent Featuring Justin Timberlake & Timbaland,https://open.spotify.com/track/6kfQDanT6Buh4Wu73ghbav,247946,2007.0
Save Tonight,Eagle-Eye Cherry,https://open.spotify.com/track/0smyCrJiibi2uwCiq5R1vj,242733,1998.0
Come On Eileen,Dexys Midnight Runners,https://open.spotify.com/track/3MrWxJaD2AT0W9DjWF64Vm,287306,1982.0
Agora Hills,Doja Cat,https://open.spotify.com/track/5PyDJG7SQRgWXefgexqIge,265360,2023.0
"""Paint It, Black""",The Rolling Stones,https://open.spotify.com/track/63T7DJ1AFDD6Bn8VzG6JE8,202266,1966.0
Don't Dream It's Over,Crowded House,https://open.spotify.com/track/56GbZVwxMdf1DENCluYS8A,238173,1986.0
Daisies,Justin Bieber,https://open.spotify.com/track/5BZsQlgw21vDOAjoqkNgKb,176453,2025.0
Nothing Else Matters,Metallica,https://open.spotify.com/track/0nLiqZ6A27jJri2VCalIUs,388266,1991.0
Just The Two Of Us,"""Grover Washington, Jr. With Bill Withers""",https://open.spotify.com/track/1ko2lVN0vKGUl9zrU0qSlT,438493,2008.0
Collide,Howie Day,https://open.spotify.com/track/5rwq6R0Uq0BngM3rdmCeNg,277000,2003.0
Hard Knock Life (Ghetto Anthem),Jay-Z,https://open.spotify.com/track/5Tl0HJvynZtKdSUMKbFVVX,238466,1998.0
"""Baby, I Love Your Way""",Peter Frampton,https://open.spotify.com/track/1ksayCHVLH4eKFm43GFokU,281066,1976.0
Broken,Seether Featuring Amy Lee,https://open.spotify.com/track/507bYMYfbm6sUS9iEAaeSd,258333,2004.0
Be My Baby,The Ronettes,https://open.spotify.com/track/1WN4uNclrDuczTO3bCr8s1,160906,1964.0
Hip Hop Hooray,Naughty by Nature,https://open.spotify.com/track/1SyQ6t9RdRBK0QUCS6a797,267266,1993.0
Swimming Pools (Drank),Kendrick Lamar,https://open.spotify.com/track/6REbwUNlppTfcnV4d4ZoZi,247800,2012.0
Say,John Mayer,https://open.spotify.com/track/6wZI4mdT8JwXgkGURnBQiq,230213,2006.0
Lose My Breath,Destiny's Child,https://open.spotify.com/track/2n4uOdMHzEvcZ0KP7iQnay,242013,2004.0
The Sound Of Silence,Simon & Garfunkel,https://open.spotify.com/track/5y788ya4NvwhBznoDIcXwK,189432,1964.0
MotorSport,"""Migos, Nicki Minaj & Cardi B""",https://open.spotify.com/track/4wFjTWCunQFKtukqrNijEt,303076,2018.0
Ignition,R. Kelly,https://open.spotify.com/track/5dNfHmqgr128gMY2tc5CeJ,186066,2003.0
Come And Get Your Love,Redbone,https://open.spotify.com/track/7GVUmCP00eSsqc4tzj1sDD,205933,1973.0
She Got The Best Of Me,Luke Combs,https://open.spotify.com/track/698eQRku24PIYPQPHItKlA,183160,2018.0
Home,Phillip Phillips,https://open.spotify.com/track/4rsW3WCZBGwhHfJWuHRwyT,210173,2013.0
Murder On My Mind,YNW Melly,https://open.spotify.com/track/7eBqSVxrzQZtK2mmgRG6lC,268434,2018.0
Tequila,Dan + Shay,https://open.spotify.com/track/42fw0rxRO2xbesF6mJfd4Y,196746,2018.0
Mrs. Officer,Lil Wayne Featuring Bobby Valentino & Kidd Kidd,https://open.spotify.com/track/7gihksIHhs6nw5tYlI6UEq,286906,2008.0
You Say,Lauren Daigle,https://open.spotify.com/track/6Up545NUflOiXo8cEraH49,274693,2018.0
Crack A Bottle,"""Eminem, Dr. Dre & 50 Cent""",https://open.spotify.com/track/4dK00wCxlqWEeN8BoM1BHT,297520,2009.0
Permission To Dance,BTS,https://open.spotify.com/track/3XYRV7ZSHqIRDG87DKTtry,187585,2021.0
Old Time Rock & Roll,Bob Seger & The Silver Bullet Band,https://open.spotify.com/track/5EOoMWIB9iK4ZpcSex9Ec7,194146,1978.0
Maniac,Michael Sembello,https://open.spotify.com/track/0QKfiqpEU4h9ycPSzIFwYe,244706,1983.0
Loser,Beck,https://open.spotify.com/track/5NTZM8YYeKM2YsGSffVIge,235000,1994.0
Hands To Myself,Selena Gomez,https://open.spotify.com/track/1LoriJC05IrHIDwj3q0KC1,200680,2015.0
Cool Kids,Echosmith,https://open.spotify.com/track/13P5rwmk2EsoFRIz9UCeh9,237626,2013.0
Somebody Told Me,The Killers,https://open.spotify.com/track/3twNvmDtFQtAd5gMKedhLD,197280,2004.0
House Of The Rising Sun,The Animals,https://open.spotify.com/track/7BY005dacJkbO6EPiOh2wb,271280,1964.0
Too Little Too Late,JoJo,https://open.spotify.com/track/4T4NLIMypdmyUwK54jECk4,221720,2006.0
Post To Be,Omarion Featuring Chris Brown & Jhene Aiko,,,
Happier Than Ever,Billie Eilish,https://open.spotify.com/track/4RVwu0g32PAqgUiJoXsdF8,298899,2021.0
Just Wanna Rock,Lil Uzi Vert,https://open.spotify.com/track/4Ls53fBNVfaXTROBi6X8Hw,123890,2023.0
Ain't No Other Man,Christina Aguilera,https://open.spotify.com/track/7huo2wvrCgRucUsjdSDLQV,228906,2006.0
Just A Girl,No Doubt,https://open.spotify.com/track/1VA38sp5Jr6vWxgoIcnxKN,208400,1995.0
Toxicity,System of a Down,https://open.spotify.com/track/0snQkGI5qnAmohLE7jTsTn,218933,2001.0
Wonderful Tonight,Eric Clapton,https://open.spotify.com/track/6zC0mpGYwbNTpk9SKwh08f,225026,1977.0
Work Out,J. Cole,https://open.spotify.com/track/2wAJTrFhCnQyNSD3oUgTZO,235320,2011.0
Achy Breaky Heart,Billy Ray Cyrus,https://open.spotify.com/track/2EoIt9vdgFRNW03u5IvFsQ,203373,1992.0
Superstar,Lupe Fiasco Featuring Matthew Santos,https://open.spotify.com/track/7dltD9eEX7X1zk8JJ9BS0e,289000,2007.0
What A Wonderful World,Louis Armstrong,https://open.spotify.com/track/1qCQTy0fTXerET4x8VHyr9,137520,1968.0
Tattoo,Jordin Sparks,https://open.spotify.com/track/1oi3vkeOGXAd3qljM5o9Oe,233466,2007.0
Fireball,Pitbull Featuring John Ryan,https://open.spotify.com/track/4Y7XAxTANhu3lmnLAzhWJW,236200,2014.0
Malibu,Miley Cyrus,https://open.spotify.com/track/1UZOjK1BwmwWU14Erba9CZ,231898,2017.0
Superstition,Stevie Wonder,https://open.spotify.com/track/1h2xVEoJORqrg71HocgqXd,245493,2002.0
The Christmas Song (Merry Christmas To You),"Nat ""King"" Cole",https://open.spotify.com/track/4PS1e8f2LvuTFgUs1Cn3ON,192160,2018.0
Ocean Eyes,Billie Eilish,https://open.spotify.com/track/7hDVYcQq6MxkdJGweuCtl9,200379,2017.0
In Your Eyes,The Weeknd,https://open.spotify.com/track/7szuecWAPwGoV1e5vGu8tl,237520,2020.0
My Happy Ending,Avril Lavigne,https://open.spotify.com/track/6sqNctd7MlJoKDOxPVCAvU,242413,2004.0
Start Me Up,The Rolling Stones,https://open.spotify.com/track/7HKez549fwJQDzx3zLjHKC,213066,1981.0
Yes Indeed,Lil Baby & Drake,https://open.spotify.com/track/6vN77lE9LK6HP2DewaN6HZ,142273,2018.0
We Be Burnin',Sean Paul,https://open.spotify.com/track/16Ec60arezvA8CDq1NvzZg,215213,2005.0
All The Small Things,blink-182,https://open.spotify.com/track/7yCPwWs66K8Ba5lFuU2bcx,168000,1999.0
Miles On It,Marshmello & Kane Brown,,,
Snap Yo Fingers,Lil Jon Featuring E-40 & Sean Paul Of The YoungBloodZ,https://open.spotify.com/track/6o3s08kk2fQI37vxGZDrJ1,274386,2006.0
Black And Yellow,Wiz Khalifa,https://open.spotify.com/track/5A6OHHy73AR5tLxgTc98zz,217666,2011.0
Cupid's Chokehold/Breakfast In America,Gym Class Heroes Featuring Patrick Stump,,,
Dirty Little Secret,The All-American Rejects,https://open.spotify.com/track/5ZdzNVOmCSp5HFLk0EgvJS,193653,2005.0
Human Nature,Michael Jackson,https://open.spotify.com/track/4cgjA7B4fJBHyB9Ya2bu0t,245837,1982.0
Whip It,Devo,https://open.spotify.com/track/6QG0wcgoCsa9pqFyTg0rRO,158106,1993.0
"""For What It's Worth (Stop, Hey What's That Sound)""",Buffalo Springfield,https://open.spotify.com/track/1qRA5BS78u3gME0loMl9AA,153693,1966.0
Against The Wind,Bob Seger,https://open.spotify.com/track/1SWmFiFSIBoDbQJjNKC7SR,333720,1980.0
Walk It Out,Unk,https://open.spotify.com/track/0JPntF36B28bSTUkjplyNd,173040,2006.0
Please Forgive Me,Bryan Adams,https://open.spotify.com/track/5hrmOr4ZayPqOVyVwtbh4L,355306,1993.0
It's Not Right But It's Okay,Whitney Houston,https://open.spotify.com/track/7861kBrZ5aw7o4NfggcyYW,292400,1998.0
Soul Survivor,Young Jeezy Featuring Akon,https://open.spotify.com/track/12bZjnzjuJoyRslVC4BmxU,280013,2005.0
Baile Inolvidable,Bad Bunny,https://open.spotify.com/track/2lTm559tuIvatlT1u0JYG2,367725,2025.0
Party Like A Rockstar,Shop Boyz,,,
Me Too,Meghan Trainor,https://open.spotify.com/track/3KwwE4sgCzMaKWq6QBebmX,181240,2017.0
Faithfully,Journey,https://open.spotify.com/track/0l5TpsCL1ObiTEsHeWA0by,266946,1983.0
Forever,Lil Baby Featuring Lil Wayne,,,
I Can't Help Myself (Sugar Pie Honey Bunch),Four Tops,https://open.spotify.com/track/6b6IMqP565TbtFFZg9iFf3,160280,1965.0
P.Y.T. (Pretty Young Thing),Michael Jackson,https://open.spotify.com/track/1CgmY8fVN7kstVDZmsdM5k,238333,1982.0
Waka Waka (This Time For Africa),Shakira Featuring Freshlyground,https://open.spotify.com/track/2Cd9iWfcOpGDHLz6tVA3G4,202626,2010.0
Love Her Madly,The Doors,https://open.spotify.com/track/3MFFDRC4wTN9JNGtzXsZlN,198466,1971.0
Snowman,Sia,https://open.spotify.com/track/7uoFMmxln0GPXQ0AcCBXRq,165900,2018.0
Seven Nation Army,The White Stripes,https://open.spotify.com/track/3dPQuX8Gs42Y7b454ybpMR,232106,2003.0
Gold,Kiiara,https://open.spotify.com/track/6ZSO7kPn8IMJFymyticbJO,225882,2016.0
Money For Nothing,Dire Straits,https://open.spotify.com/track/4bO6DljpuAeQh6HS20i0I5,504333,1985.0
No Air,Jordin Sparks Duet With Chris Brown,https://open.spotify.com/track/7EGhmltmWJHCHobd3g8Hnw,264373,2007.0
"""Jesus, Take The Wheel""",Carrie Underwood,https://open.spotify.com/track/3lec3CzDPAxsZokPph5w87,226492,2005.0
Karma,Taylor Swift Featuring Ice Spice,https://open.spotify.com/track/7KokYm8cMIXCsGVmUvKtqf,204852,2022.0
U + Ur Hand,P!nk,https://open.spotify.com/track/1iOJQhxKSJ7dg3Dk03yPnl,214386,2006.0
Will You Be There,Michael Jackson,https://open.spotify.com/track/1igW25R8lnb5ze9GWbuVsl,459284,1991.0
Far Away,Nickelback,https://open.spotify.com/track/0ADZ5dmXhlfzjMw6lefoPl,238173,2005.0
Forever Young,Alphaville,https://open.spotify.com/track/6XHNIbru8xGohLzHNgxQvF,226000,1984.0
No Limit,G-Eazy Featuring A$AP Rocky & Cardi B,https://open.spotify.com/track/2DQ1ITjI0YoLFzuADN1ZBW,245386,2017.0
Underneath It All,No Doubt Featuring Lady Saw,https://open.spotify.com/track/6fR6Z0Vc1K6yQWNUIKjAIR,302720,2001.0
DNA.,Kendrick Lamar,https://open.spotify.com/track/6HZILIRieu8S0iqY8kIKhj,185946,2017.0
Sacrifice,Elton John,https://open.spotify.com/track/0e3yhVeNaTfKIWQRw9U9sY,304133,1989.0
White Horse,Taylor Swift,https://open.spotify.com/track/5yKB8qcTSflDercM2PXwot,234440,2008.0
You're My Best Friend,Queen,https://open.spotify.com/track/5YtxOL4iUchhynLL9nEBwQ,170786,1975.0
Heaven,Kane Brown,https://open.spotify.com/track/1HXy5I3HTWq8OvxCn0z7G7,177333,2017.0
Easy,Commodores,https://open.spotify.com/track/1JQ6Xm1JrvHfvAqhl5pwaA,256426,1977.0
Bounce Back,Big Sean,https://open.spotify.com/track/0SGkqnVQo9KPytSri1H6cF,222360,2017.0
Music,Madonna,https://open.spotify.com/track/2fzykVsO2Di5jnofUNX3YE,225973,2000.0
Buy Dirt,Jordan Davis Featuring Luke Bryan,https://open.spotify.com/track/2fgCZVA59FZuSjE3tvqkeZ,167720,2022.0
Best Song Ever,One Direction,https://open.spotify.com/track/5T7ZFtCcOgkpjxcuaeZbw0,200111,2013.0
You Should Probably Leave,Chris Stapleton,https://open.spotify.com/track/2UikqkwBv7aIvlixeVXHWt,213493,2020.0
Fake Love,BTS,https://open.spotify.com/track/6m1TWFMeon7ai9XLOzdbiR,242333,2018.0
All Time Low,Jon Bellion,https://open.spotify.com/track/0SuLAslEMFZAXf0SwY7syi,217603,2016.0
Prayer In C,Lillywood & Robin Schulz,https://open.spotify.com/track/5fnA9mkIfScSqHIpeDyvck,189413,2014.0
Heartbreak Hotel,Whitney Houston Feat. Faith Evans & Kelly Price,https://open.spotify.com/track/4J9u7UsXH7F6sFI32KnYuP,281493,1998.0
It's Your Love,Tim McGraw With Faith Hill,https://open.spotify.com/track/503sFkc8Y2eyGnM6cu8kHm,227333,1997.0
Stay Fly,Three 6 Mafia Featuring Young Buck & Eightball & MJG,https://open.spotify.com/track/5MYFw4T2gy52pOGBN4EYHS,236600,2005.0
Arcade,Duncan Laurence,https://open.spotify.com/track/1J14CdDAvBTE1AJYUOwl6C,185146,2020.0
Take You There,Sean Kingston,https://open.spotify.com/track/6AdLyvisRKHLAwARaZMGr6,236693,2008.0
Always On Time,Ja Rule Featuring Ashanti,https://open.spotify.com/track/4hrae8atte6cRlSC9a7VCO,245133,2001.0
Do You Remember,Jay Sean Featuring Sean Paul & Lil Jon,https://open.spotify.com/track/6A5NlmBCsCGbJ27jHQgKV5,210800,2009.0
Islands In The Stream,Kenny Rogers Duet With Dolly Parton,,,
Walk It Talk It,Migos Featuring Drake,https://open.spotify.com/track/6n4U3TlzUGhdSFbUUhTvLP,276147,2018.0
Money Maker,Ludacris Featuring Pharrell,,,
The Scotts,"""THE SCOTTS, Travis Scott & Kid Cudi""",https://open.spotify.com/track/39Yp9wwQiSRIDOvrVg7mbk,165977,2020.0
Bennie And The Jets,Elton John,https://open.spotify.com/track/5Wj1rJnCLpMHdLaxsFtJLs,322548,1973.0
Obsessed,Mariah Carey,https://open.spotify.com/track/5EGPf0nqO7vEIwsOX6Er98,242200,2009.0
Billionaire,Travie McCoy Featuring Bruno Mars,https://open.spotify.com/track/2M9ULmQwTaTGmAdXaXpfz5,211160,2010.0
Kiss From A Rose,Seal,https://open.spotify.com/track/3YKptz29AsOlm7WAVnztBh,288426,1994.0
Amazed,Lonestar,https://open.spotify.com/track/6qc34bnVOyqGDPni8H5W0U,240866,1999.0
In The Name Of Love,Martin Garrix & Bebe Rexha,https://open.spotify.com/track/23L5CiUhw2jV1OIMwthR3S,198815,2016.0
Made You Look,Meghan Trainor,https://open.spotify.com/track/0QHEIqNKsMoOY5urbzN48u,134256,2022.0
Life Goes On,BTS,https://open.spotify.com/track/1VjqXwHU3isibdXLEtXc4q,208088,2022.0
I Get Around,2Pac,https://open.spotify.com/track/4voEoczU7Ijborps9XF1n3,259000,1993.0
Can't Believe It,T-Pain Featuring Lil Wayne,https://open.spotify.com/track/4D2cYdHqk8tu65jUig4OcN,273826,2008.0
New Divide,Linkin Park,https://open.spotify.com/track/6Wx88Mv6b9ofjKMKkdwOJd,268613,2009.0
Two Princes,Spin Doctors,https://open.spotify.com/track/4ePP9So5xRzspjLFVVbj90,256733,1991.0
Take My Breath,The Weeknd,https://open.spotify.com/track/3nUHfbfj1cpnn8ZjS4tNDW,220196,2022.0
Lost Boy,Ruth B,https://open.spotify.com/track/0zMzyHAeMvwq5CRstru1Fp,276066,2017.0
Tainted Love,Soft Cell,https://open.spotify.com/track/0cGG2EouYCEEC3xfa0tDFV,153800,1981.0
Waiting For Tonight,Jennifer Lopez,https://open.spotify.com/track/5yaCquc7koPqtgj7v0lwHX,246426,1999.0
Walk Of Life,Dire Straits,https://open.spotify.com/track/6HMFtoMvv6n6Q2eOyPFyne,248893,1985.0
Please Mr. Postman,The Marvelettes,https://open.spotify.com/track/6jX5mso4x00c1EiNMrTU9U,148040,1961.0
Creep,Radiohead,https://open.spotify.com/track/70LcF31zb1H0PyJoS1Sx1r,238640,1993.0
"""Sugar, Sugar""",The Archies,https://open.spotify.com/track/6MTd61g9zq6CB1FnJydjEb,167213,1969.0
Raindrops Keep Fallin' On My Head,B.J. Thomas,https://open.spotify.com/track/0oMTxTIHAt3hstaoObsmFs,184493,2005.0
Stuck In The Middle With You,Stealers Wheel,https://open.spotify.com/track/3Vby4nGmtbDo7HDJamOWkT,208946,1972.0
I Like You (A Happier Song),Post Malone Featuring Doja Cat,https://open.spotify.com/track/0O6u0VJ46W86TxN9wgyqDj,192840,2022.0
Boom Clap,Charli xcx,https://open.spotify.com/track/113sWqjcYyjbb4caE8wVsV,169866,2014.0
I Knew I Loved You,Savage Garden,https://open.spotify.com/track/6nozDLxeL0TE4MS9GqYU1v,250360,1999.0
Faded,Alan Walker,https://open.spotify.com/track/1brwdYwjltrJo7WHpIvbYt,212626,2015.0
Thunderstruck,AC/DC,https://open.spotify.com/track/57bgtoPSgt236HzfBOd8kj,292333,1990.0
This Girl,Kungs vs Cookin' On 3 Burners,https://open.spotify.com/track/0tICYNayWWhH9GPeFrfjfD,195546,2016.0
With Or Without You,U2,https://open.spotify.com/track/6ADSaE87h8Y3lccZlBJdXH,295515,1987.0
This Is Why I'm Hot,Mims,,,
Beautiful,Bazzi Featuring Camila Cabello,https://open.spotify.com/track/4VUwkH455At9kENOfzTqmF,180000,2018.0
Movin' Out (Anthony's Song),Billy Joel,https://open.spotify.com/track/16GUMo6u3D2qo9a19AkYct,210760,1977.0
Missing,Everything But the Girl,https://open.spotify.com/track/79WrmdVsLbwRTUCiH7cPsa,247200,1994.0
Breathe,Faith Hill,https://open.spotify.com/track/3y4LxiYMgDl4RethdzpmNe,250546,1999.0
Hurricane,Luke Combs,https://open.spotify.com/track/6xHI9KjUjYT0FPtGO8Mxa1,223306,2017.0
U Don't Have To Call,Usher,https://open.spotify.com/track/5PCJldueshnwqQVjS16543,269400,2001.0
The Power,Snap!,https://open.spotify.com/track/0gRhXiFgrIz8OfSW4up1k1,227030,1990.0
All I Have,Jennifer Lopez Featuring LL Cool J,https://open.spotify.com/track/2xlnEhQjSCqNPIJX42ARej,254466,2002.0
Glory Days,Bruce Springsteen,https://open.spotify.com/track/2Y90nL1ohB4sgYELDs7uNx,258317,1984.0
"Stay (I Missed You) (From ""Reality Bites"")",Lisa Loeb & Nine Stories,https://open.spotify.com/track/7Lwo27zrXusqUlAaTgnytp,183760,1995.0
Need You Tonight,INXS,https://open.spotify.com/track/3h04eZTnmFLRMjZajbrp2R,181106,1987.0
Caroline,Amine,https://open.spotify.com/track/5hTpBe8h35rJ67eAWHQsJx,209640,2017.0
Your Idol,"""Saja Boys: Andrew Choi, Neckwav, Danny Chung, Kevin Woo & samUIL Lee""",https://open.spotify.com/track/1I37Zz2g3hk9eWxaNkj031,191537,2025.0
White Christmas (1947),Bing Crosby With Ken Darby Singers & John Scott Trotter & His Orchestra,https://open.spotify.com/track/4so0Wek9Ig1p6CRCHuINwW,177480,1942.0
People Are Strange,The Doors,https://open.spotify.com/track/1Jmqubf9kGkWeYQXQKImL5,130173,1967.0
Shadow Of The Day,Linkin Park,https://open.spotify.com/track/4Sxx1wd4nnB8ob8Zsujwrs,290360,2007.0
"Streets Of Philadelphia (From ""Philadelphia"")",Bruce Springsteen,https://open.spotify.com/track/3fbnbn6A5O5RNb08tlUEgd,196813,1995.0
I Love You Always Forever,Donna Lewis,https://open.spotify.com/track/1PEqh7awkpuepLBSq8ZwqD,239960,1996.0
Lunch,Billie Eilish,https://open.spotify.com/track/629DixmZGHc7ILtEntuiWE,179586,2024.0
Drive,Incubus,https://open.spotify.com/track/7nnWIPM5hwE3DaUBkvOIpy,232453,1999.0
Domino,Jessie J,https://open.spotify.com/track/2fQxE0jVrjNMT9oJAXtSJR,231840,2011.0
Incomplete,Sisqo,https://open.spotify.com/track/3w8Mw9GHYepoTWOSdiyosj,274226,1999.0
The Letter,The Box Tops,https://open.spotify.com/track/6RJK553YhstRzyKA4mug09,112800,1967.0
Daydream Believer,The Monkees,https://open.spotify.com/track/7uEcCGtM1FBBGIhPozhJjv,179613,1968.0
Can't Stop,Red Hot Chili Peppers,https://open.spotify.com/track/4BcS4LomxUnQpzx4hCaJTs,269000,2002.0
Sports Car,Tate McRae,,,
Soldier,Destiny's Child Featuring T.I. & Lil Wayne,https://open.spotify.com/track/0DlVOdK5GJtnom4nI3EOz5,325573,2004.0
How To Love,Lil Wayne,,,
Baby Come Back,Player,https://open.spotify.com/track/41sGGCCoHI2GLV9qadX80A,255845,1977.0
I Just Want To Be Your Everything,Andy Gibb,https://open.spotify.com/track/5EdlwzcgIAYs2HGvOnczPN,225666,1977.0
Something,The Beatles,https://open.spotify.com/track/7oSUp4yZ0FbuSvVmCxH2ty,182293,1969.0
(I Just) Died In Your Arms,Cutting Crew,https://open.spotify.com/track/4ByEFOBuLXpCqvO1kw8Wdm,280400,1986.0
Who Knew,P!nk,https://open.spotify.com/track/2hns6Dv29Yrg68AVTJiAyA,208493,2006.0
Bad Habit,Steve Lacy,https://open.spotify.com/track/4k6Uh1HXdhtusDW5y8Gbvy,232114,2022.0
Your Love,The Outfield,https://open.spotify.com/track/4oDZ5L8izBals6jKBJDBcX,216466,1985.0
Cupid,112,https://open.spotify.com/track/3kVIFDE3G89I2RPVkiRaRj,252266,1996.0
Heaven Is A Place On Earth,Belinda Carlisle,https://open.spotify.com/track/4V9BTST4BSkvOL4xIQNHuS,247093,1987.0
Get It Shawty,Lloyd,https://open.spotify.com/track/2a03afRiyAbNAleOByVju4,209533,2007.0
Judas,Lady Gaga,https://open.spotify.com/track/7F25roCtYi55JouckaayPC,249066,2011.0
Breaking Me,Topic & A7S,https://open.spotify.com/track/3H7ihDc1dqLriiWXwsc2po,166793,2019.0
The Winner Takes It All,ABBA,https://open.spotify.com/track/3oEkrIfXfSh9zGnE7eBzSV,294720,1980.0
Freek-A-Leek,Petey Pablo,https://open.spotify.com/track/4UNhyW0R7qylxrF6Z0q2Tb,235186,2003.0
Slow It Down,Benson Boone,https://open.spotify.com/track/51eSHglvG1RJXtL3qI5trr,161831,2024.0
If I Die Young,The Band Perry,https://open.spotify.com/track/3dJ1OgvUKWi46HcRF4hiSq,223333,2010.0
Unpretty,TLC,https://open.spotify.com/track/0BUoLE4o9eVahDHvTqak67,278066,1999.0
Do That To Me One More Time,Captain & Tennille,https://open.spotify.com/track/0m4jVVZrsv0bLkAr1uM6UG,256666,1979.0
Just Lose It,Eminem,https://open.spotify.com/track/0qcjuYtMWhBjXg0Xwt5SzS,248680,2004.0
Butterfly,Crazy Town,https://open.spotify.com/track/4BggEwLhGfrbrl7JBhC8EC,216733,2000.0
Summertime,D.J. Jazzy Jeff & The Fresh Prince,https://open.spotify.com/track/20XdEFyaUR9C7aDIdq2OAd,270973,1991.0
Hot Child In The City,Nick Gilder,,,
Indian Reservation (The Lament Of The Cherokee Reservation Indian),The Raiders,https://open.spotify.com/track/04RM7D5FZzFahr4L6QOuW6,201200,2001.0
Never Say Never,Justin Bieber Featuring Jaden Smith,https://open.spotify.com/track/4oVqFBvyYFzT5ZhNpmMRJA,227853,2011.0
Jolene,Dolly Parton,https://open.spotify.com/track/5fdhThPDe6jQQDqCyWrdAn,161533,1974.0
I'm With You,Avril Lavigne,https://open.spotify.com/track/1jlG3KJ3gdYmhfuySFfpO1,223066,2002.0
Save The Best For Last,Vanessa Williams,https://open.spotify.com/track/7okbmgA8lRBGl5limZ7LFM,218733,1991.0
Long Cool Woman (In A Black Dress),The Hollies,https://open.spotify.com/track/4OTw5splgMdlYklwHMHxLK,199200,1971.0
You Needed Me,Anne Murray,https://open.spotify.com/track/5d4E1hgkLyb7sXr5J3InnM,220266,1978.0
The Show Goes On,Lupe Fiasco,https://open.spotify.com/track/4NTWZqvfQTlOMitlVn6tew,239613,2011.0
My Sharona,The Knack,https://open.spotify.com/track/1HOMkjp0nHMaTnfAkslCQj,295400,1979.0
Like You,Bow Wow Featuring Ciara,https://open.spotify.com/track/3jEqrIfwKO0M8ALu3TGilF,205840,2005.0
"""Bad, Bad Leroy Brown""",Jim Croce,https://open.spotify.com/track/1O0xeZrBDbq7HPREdmYUYK,182240,1973.0
It Was A Good Day,Ice Cube,https://open.spotify.com/track/2qOm7ukLyHUXWyR4ZWLwxA,260000,1992.0
The Scientist,Coldplay,https://open.spotify.com/track/75JFxkI2RXiU7L9VXzMkle,309600,2002.0
Bandit,Juice WRLD & YoungBoy Never Broke Again,https://open.spotify.com/track/1oWM79mUVdZGCGYjSirHZR,189322,2019.0
Dirty Diana,Michael Jackson,https://open.spotify.com/track/3yBlJtq86wROQpHi1goEKT,280753,2012.0
Let's Get It Started,The Black Eyed Peas,https://open.spotify.com/track/6Ct1AsE9oTWUg1rmvIWJKM,217733,2004.0
Reach Out I'll Be There,Four Tops,https://open.spotify.com/track/6tYIQpc9rX2wTBtb9Rh37K,177506,1993.0
Live Like You Were Dying,Tim McGraw,https://open.spotify.com/track/7B1QliUMZv7gSTUGAfMRRD,300333,2004.0
The Way We Were,Barbra Streisand,https://open.spotify.com/track/1vZTgn4JXWMahR8r99ug5H,211093,1974.0
All My Life,Lil Durk Featuring J. Cole,,,
Rhinestone Cowboy,Glen Campbell,https://open.spotify.com/track/0VwTeYNjcl30DyQlt3GPe0,194453,1975.0
Love Will Keep Us Together,The Captain & Tennille,https://open.spotify.com/track/4pCNJwixy2ImFncaPY2yE2,205493,1975.0
Nobody Gets Me,SZA,https://open.spotify.com/track/0jpsHF9u5QvXllnIy4VcXK,180853,2024.0
Never Be Like You,Flume Featuring Kai,https://open.spotify.com/track/476j7IDRIDRvv1Xu71EVc8,233337,2016.0
Turn Me On,David Guetta Featuring Nicki Minaj,https://open.spotify.com/track/6T27IN7Ai94BeDv6PPCmoC,199680,2012.0
My Oh My,Camila Cabello Featuring DaBaby,https://open.spotify.com/track/3yOlyBJuViE2YSGn3nVE1K,171375,2019.0
"Hungry Eyes (From ""Dirty Dancing"")",Eric Carmen,https://open.spotify.com/track/31H6au3jhblhr6MMJiXnCq,251066,1997.0
Poison,Bell Biv DeVoe,https://open.spotify.com/track/6m59VvDUi0UQsB2eZ9wVbH,261853,1990.0
Disco Duck (Part I),Rick Dees & His Cast Of Idiots,,,
"Evergreen (Love Theme From ""A Star Is Born"")",Barbra Streisand,https://open.spotify.com/track/2IcqY68BxP1ONPi3ME6aje,184800,1976.0
Funkytown,"""Lipps, Inc.""",https://open.spotify.com/track/1tyP720IpIJl4dxnMmlYis,234800,2022.0
All Around The World,Lisa Stansfield,https://open.spotify.com/track/1DapqOfkDAQCiKnvfwKo0g,265760,1989.0
The Motto,Tiesto & Ava Max,https://open.spotify.com/track/18asYwWugKjjsihZ0YvRxO,164818,2021.0
The Longest Time,Billy Joel,https://open.spotify.com/track/5DH7nDryMhpixm4G4B7RP9,223176,1983.0
I Want To Hold Your Hand,The Beatles,https://open.spotify.com/track/5Qe7NHxeLAn8KoLTNLSdwe,146720,1973.0
Downtown,Petula Clark,https://open.spotify.com/track/6S55C80YzjhSrCRRd1p80b,187760,2003.0
I Can See Clearly Now,Johnny Nash,https://open.spotify.com/track/0DcrhZ12WcCqruCs8ibXSf,164733,1972.0
Come On Over Baby (All I Want Is You),Christina Aguilera,https://open.spotify.com/track/7A0apkTSTvMbSI7yplcmlh,203333,1999.0
I Can't Get Next To You,The Temptations,,,
You Light Up My Life,Debby Boone,https://open.spotify.com/track/3dFR132gzO8jxD57R2gid3,216286,1977.0
Caught Up,Usher,https://open.spotify.com/track/5zdUc1JRCImBYcDWgvFNpE,224640,2004.0
You Make Me Feel...,Cobra Starship Featuring Sabi,https://open.spotify.com/track/16Of7eeW44kt0a1M0nitHM,215693,2011.0
Folded,Kehlani,,,
Fall For You,Secondhand Serenade,https://open.spotify.com/track/7J5prjNs67L9W7YPPzIxVl,183600,2008.0
Bring Em Out,T.I.,https://open.spotify.com/track/3CcvahnsiArpTHYQEWV2Au,216706,2004.0
Shadow Dancing,Andy Gibb,https://open.spotify.com/track/3unwRUV5qbjMmH3NJtaODy,276000,1978.0
Moth To A Flame,Swedish House Mafia & The Weeknd,https://open.spotify.com/track/1S9DHKpS73KFVN7nnIql3f,234000,2022.0
All I Wanna Do,Sheryl Crow,https://open.spotify.com/track/3ZpQiJ78LKINrW9SQTgbXd,272106,1993.0
Seasons In The Sun,Terry Jacks,https://open.spotify.com/track/7pGMRy91RcQT9oHdPgYz3A,208853,1974.0
Dreamlover,Mariah Carey,https://open.spotify.com/track/6HcQZfMrw3KwGyzrKw1Pjy,232960,1993.0
Over You,Daughtry,https://open.spotify.com/track/3sC7PN1vjzEovhjHlQse3N,204853,2006.0
"Can't Help Falling In Love (From ""Sliver"")",UB40,https://open.spotify.com/track/44AyOl4qVkzS48vBsbNXaC,185877,1961.0
23,"""Mike Will Made-It Featuring Miley Cyrus, Wiz Khalifa & Juicy J""",,,
Essence,Wizkid Featuring Justin Bieber & Tems,,,
Locked Up,Akon Featuring Styles P.,https://open.spotify.com/track/0YUrjFy4qFKOO5NhM9tYdV,235066,2006.0
Car Wash,Rose Royce,https://open.spotify.com/track/07RgAeKIlahtqeCw25SkTu,308000,1996.0
"""Honey, I'm Good.""",Andy Grammer,https://open.spotify.com/track/2mUsezD0iyDJzvyltPoREy,199253,2014.0
Top Of The World,Carpenters,https://open.spotify.com/track/1Ehdm1PDlKrdfyBsjwEvd1,179173,1972.0
Eyes Without A Face,Billy Idol,https://open.spotify.com/track/0pUVeEgZuNyFzIMKp67RbS,299240,1983.0
Fast Car,Tracy Chapman,https://open.spotify.com/track/2M9ro2krNb7nr7HSprkEgo,296800,1988.0
Realize,Colbie Caillat,https://open.spotify.com/track/6Vi6gx8IMRXORPx8fPd2YJ,244106,2007.0
Off The Wall,Michael Jackson,https://open.spotify.com/track/3zYpRGnnoegSpt3SguSo3W,245778,1979.0
Suit & Tie,Justin Timberlake Featuring JAY Z,,,
(They Long To Be) Close To You,Carpenters,https://open.spotify.com/track/2kyVQg00pphEufGT59M2XH,273933,1970.0
Make It With You,Bread,https://open.spotify.com/track/7wWw7hBmErNg9u5w6Xx0vy,192200,1970.0
Poison,Alice Cooper,https://open.spotify.com/track/5XcZRgJv3zMhTqCyESjQrF,269712,1989.0
Lean On Me,Bill Withers,https://open.spotify.com/track/3M8FzayQWtkvOhqMn2V4T2,258834,1972.0
Blow,Ke$ha,,,
Love Me Again,John Newman,https://open.spotify.com/track/5VSCgNlSmTV2Yq5lB40Eaw,239894,2013.0
Sunday Morning,Maroon 5,https://open.spotify.com/track/5qII2n90lVdPDcgXEEVHNy,244880,2002.0
Shower,Becky G,https://open.spotify.com/track/3DmW6y7wTEYHJZlLo1r6XJ,206166,2014.0
Stuck On You,Elvis Presley With The Jordanaires,https://open.spotify.com/track/3fUO5xaBs4B0tfepi7fh7p,139666,2000.0
Still Into You,Paramore,https://open.spotify.com/track/1yjY7rpaAQvKwpdUliHx0d,216013,2013.0
By The Way,Red Hot Chili Peppers,https://open.spotify.com/track/1f2V8U1BiWaC9aJWmpOARe,216933,2002.0
Love On Top,Beyonce,https://open.spotify.com/track/34h7O0d0ToOB60zYSFkGKH,267413,2011.0
Left And Right,Charlie Puth Featuring Jung Kook,https://open.spotify.com/track/5Odq8ohlgIbQKMZivbWkEo,154486,2022.0
Human,The Killers,https://open.spotify.com/track/1sTsuZTdANkiFd7T34H3nb,245373,2008.0
(You Drive Me) Crazy,Britney Spears,https://open.spotify.com/track/1DSJNBNhGZCigg9ll5VeZv,198066,1999.0
Fame,David Bowie,https://open.spotify.com/track/1PehfITh0TTRx3LkDdV4h3,261373,1975.0
Antidote,Travis Scott,https://open.spotify.com/track/1wHZx0LgzFHyeIZkUydNXq,262693,2015.0
Lift Me Up,Rihanna,,,
Say Something,Justin Timberlake Featuring Chris Stapleton,https://open.spotify.com/track/1LhMopPAallLeaeNutqbgS,278895,2018.0
Someday We'll Be Together,Diana Ross & The Supremes,,,
Players,Coi Leray,https://open.spotify.com/track/755xVrgyHyUpl9EP5e4ICf,138760,2023.0
Kiss You All Over,Exile,https://open.spotify.com/track/3FGcQkWQlkeB82RdZwlw8V,214400,1986.0
Boogie Oogie Oogie,A Taste Of Honey,,,
These Boots Are Made For Walkin',Nancy Sinatra,https://open.spotify.com/track/2nwCO1PqpvyoFIvq3Vrj8N,166008,1966.0
Lucky,Jason Mraz & Colbie Caillat,https://open.spotify.com/track/2qLMf6TuEC3ruGJg4SMMN6,189613,2008.0
Nuevayol,Bad Bunny,https://open.spotify.com/track/5TFD2bmFKGhoCRbX61nXY5,183685,2025.0
Where The Wild Things Are,Luke Combs,https://open.spotify.com/track/0eBFgRxyVSeuT4iyrbukdn,239544,2023.0
"Bad Boys (Theme From ""Cops"")",Inner Circle,https://open.spotify.com/track/0STIV4K7EZkp2YHAyyu5em,231266,1992.0
Alone Again (Naturally),Gilbert O'Sullivan,https://open.spotify.com/track/4lHQCzdK3VdYQvQZnnRouG,216840,1972.0
The First Time Ever I Saw Your Face,Roberta Flack,https://open.spotify.com/track/0SxFyA4FqmEQqZVuAlg8lf,260666,1969.0
Sunny,Bobby Hebb,https://open.spotify.com/track/4vju55Ag7apDL2CfotuE7Q,165066,1966.0
If I Can't Have You,Yvonne Elliman,https://open.spotify.com/track/6GQLHDE3YwtVUdDcMv8xwf,177960,1978.0
You Make Me Feel Like Dancing,Leo Sayer,https://open.spotify.com/track/3DZ11M7LSpVQzYHnFx3i95,221306,1976.0
Joy To The World,Three Dog Night,https://open.spotify.com/track/2ymeOsYijJz09LfKw3yM2x,220573,1970.0
I Got You Babe,Sonny & Cher,https://open.spotify.com/track/4SGBuq37Ol4HJr7pQqFMKa,190080,1965.0
You Make Me Feel Brand New,The Stylistics,https://open.spotify.com/track/73GR50SgGV5hybgWDSFWtD,288440,1973.0
Reunited,Peaches & Herb,https://open.spotify.com/track/7gfh3jwjaSmGlB40uTMSeE,345240,1978.0
Same Love,Macklemore & Ryan Lewis Featuring Mary Lambert,https://open.spotify.com/track/5oLyUnHXzkgBzcEr73hiaC,320034,2012.0
Felices Los 4,Maluma,https://open.spotify.com/track/1RouRzlg8OKFeqc6LvdxmB,229848,2018.0
Daughters,John Mayer,https://open.spotify.com/track/5FPnjikbwlDMULCCCa6ZCJ,239320,2003.0
Nobody Knows,The Tony Rich Project,https://open.spotify.com/track/2PsHIonOTmX6bSrzIJSjyS,306933,1996.0
Bed Chem,Sabrina Carpenter,https://open.spotify.com/track/1UHS8Rf6h5Ar3CDWRd3wjF,171869,2024.0
Soul Man,Sam & Dave,https://open.spotify.com/track/4eGHlplaq1ME8oetnTuFFf,159000,1967.0
Babydoll,Dominic Fike,https://open.spotify.com/track/7yNf9YjeO5JXUE3JEBgnYc,97960,2018.0
You May Be Right,Billy Joel,https://open.spotify.com/track/7gMOe0gXYcELUoVugfMmHP,256372,1980.0
Wake Up Call,Maroon 5,https://open.spotify.com/track/1BBotmY58mifFRvQvhFpjW,201306,2007.0
Candle In The Wind 1997/Something About The Way You Look Tonight,Elton John,,,
99 Luftballons,Nena,https://open.spotify.com/track/4ZhPLoMzZwewHLLjV1J15c,232466,1983.0
Play It Again,Luke Bryan,https://open.spotify.com/track/03fT3OHB9KyMtGMt2zwqCT,226866,2013.0
Just Kickin' It,Xscape,,,
Shining Star,"""Earth, Wind & Fire""",https://open.spotify.com/track/0RgcOUQg4qYAEt9RIdf3oB,170212,1975.0
Love Takes Time,Mariah Carey,https://open.spotify.com/track/48l7PNpT2fBoT4cdLW6EzP,229226,1990.0
Let Me Hold You,Bow Wow Featuring Omarion,https://open.spotify.com/track/1oNToERLIN71YCPLbRIQGQ,248493,2005.0
'03 Bonnie & Clyde,Jay-Z Featuring Beyonce Knowles,https://open.spotify.com/track/5ljCWsDlSyJ41kwqym2ORw,205560,2002.0
Where My Girls At?,702,https://open.spotify.com/track/4VSyH8AkIt3kaR5xIPFVVi,166693,1999.0
Like Crazy,Jimin,https://open.spotify.com/track/3Ua0m0YmEjrMi9XErKcNiR,212241,2023.0
I'd Really Love To See You Tonight,England Dan & John Ford Coley,https://open.spotify.com/track/2r008pcfVYc0zgQvSRqUJE,159106,1976.0
Boogie Nights,Heatwave,,,
Patience,Guns N' Roses,https://open.spotify.com/track/1OEoNpiyqBghuEUaT6Je6U,354880,1987.0
Hey Ma,"""Cam'Ron Featuring Juelz Santana, Freekey Zekey & Toya""",https://open.spotify.com/track/6a8lMvYwJBwV4OtmdI1aDb,230080,2003.0
Bitch,Meredith Brooks,https://open.spotify.com/track/3i6qNxyVgIdUZTTi5m25EM,252760,1997.0
Just Can't Get Enough,The Black Eyed Peas,,,
Green Onions,Booker T. & The MG's,https://open.spotify.com/track/4fQMGlCawbTkH9yPPZ49kP,176333,1962.0
Bad Dreams,Teddy Swims,https://open.spotify.com/track/3BntzKsnLf2pc0dsvE3Zav,184577,2025.0
You Should Be Dancing,Bee Gees,https://open.spotify.com/track/2xiOdusRnZezQok1RgLNeS,256493,1976.0
Blinded By The Light,Manfred Mann's Earth Band,https://open.spotify.com/track/3u2s7Dppp5ID2MxKnqxFyh,428133,1976.0
Windy,The Association,,,
Magic Carpet Ride,Steppenwolf,https://open.spotify.com/track/4c4jJJoaiY21t2TyRZgdWS,271573,1968.0
Take Your Time,Sam Hunt,,,
You're Gonna Miss This,Trace Adkins,https://open.spotify.com/track/7Efs0OIW6zgQyH7ehKZYpN,224960,2007.0
Change The World,Eric Clapton,https://open.spotify.com/track/6BQNJ0JFKh8sWjQLI6Zudi,234866,1999.0
Sunshine Of Your Love,Cream,https://open.spotify.com/track/6FRwDxXsvSasw0y2eDArsz,250000,1967.0
My Name Is,Eminem,https://open.spotify.com/track/75IN3CtuZwTHTnZvYM4qnJ,268400,1999.0
'Til You Can't,Cody Johnson,,,
Every Morning,Sugar Ray,https://open.spotify.com/track/2ouURa1AIXp3AvkS52Jry5,219866,1999.0
Baby-Baby-Baby,TLC,,,
Watch Me,Silento,https://open.spotify.com/track/1CvhKmrutTAta5awpJcFDn,185131,2015.0
Thank God,Kane Brown With Katelyn Brown,,,
Moscow Mule,Bad Bunny,https://open.spotify.com/track/6Xom58OOXk2SoU711L2IXO,245939,2022.0
Be Kind,Marshmello & Halsey,https://open.spotify.com/track/3Z8FwOEN59mRMxDCtb8N0A,172761,2020.0
Thank God I'm A Country Boy,John Denver,https://open.spotify.com/track/69HICMmc6nNLucAx3aJX9M,193093,1974.0
She Will,Lil Wayne Featuring Drake,,,
We've Only Just Begun,Carpenters,https://open.spotify.com/track/7nXZCcFAy1oCKQG2SqLszv,184426,1970.0
Aerials,System of a Down,https://open.spotify.com/track/4e9eGQYsOiBcftrWXwsVco,235053,2001.0
Make Me Better,Fabolous Featuring Ne-Yo,https://open.spotify.com/track/0YkJU6TjjwzsVXUPRIO0DB,253573,2007.0
To Be With You,Mr. Big,https://open.spotify.com/track/0eifvmNPHWaSh4IKNR4Xva,208080,1991.0
Give Your Heart A Break,Demi Lovato,,,
Trampoline,SHAED,https://open.spotify.com/track/2ez6qvOTHKeI3ss80NGqnI,184280,2019.0
Water Runs Dry,Boyz II Men,,,
The Lady In Red,Chris de Burgh,https://open.spotify.com/track/1GeNWyZtCHbcp3ZWp8GTOO,256173,1986.0
Wanna Be Startin' Somethin',Michael Jackson,https://open.spotify.com/track/1hu2s7qkm5bo03eODpRQO3,363400,1982.0
Call Me When You're Sober,Evanescence,https://open.spotify.com/track/663Karu2rvKLdnY0eo1n3M,214706,2006.0
Sundown,Gordon Lightfoot,https://open.spotify.com/track/0SjnBEHZVXgCKvOrpvzL2k,213400,1974.0
Kung Fu Fighting,Carl Douglas,https://open.spotify.com/track/4mhJ5UY7hlpFZm6RtELDm1,197935,1974.0
Rock The Boat,The Hues Corporation,,,
Venus,The Shocking Blue,,,
A Whole New World (Aladdin's Theme),Peabo Bryson & Regina Belle,https://open.spotify.com/track/7fLkHVJAJLENmSvhrEHZxV,250400,1992.0
I Want You,Savage Garden,https://open.spotify.com/track/3XorCFmcupSm5QS6hA9g4N,232066,1997.0
You Are The Reason,Calum Scott,https://open.spotify.com/track/69vToJ9BMbbLlFZo7k7A7B,204326,2018.0
Gonna Fly Now,Bill Conti,https://open.spotify.com/track/7iXYRR70wewzVYzWScm99j,167533,1976.0
When I Need You,Leo Sayer,https://open.spotify.com/track/2YwiE0KVhqwIiT4OfT0SFk,255040,1976.0
Freak Me,Silk,https://open.spotify.com/track/5CdJveJgiGXoGwDFqF6afp,274533,1992.0
Undressed,sombr,https://open.spotify.com/track/0TFTAtCYhp2tQ9KcJIZb55,182088,2025.0
Mama Told Me (Not To Come),Three Dog Night,https://open.spotify.com/track/1CAO7hiNOxJRPW4nFv2aRO,198933,1970.0
Mirror,Lil Wayne Featuring Bruno Mars,https://open.spotify.com/track/5hUYsaOyMY32yjRXeuQwGj,228093,2011.0
Danger Zone,Kenny Loggins,https://open.spotify.com/track/34x6hEJgGAOQvmlMql5Ige,215133,1997.0
I Still Haven't Found What I'm Looking For,U2,https://open.spotify.com/track/6wpGqhRvJGNNXwWlPmkMyO,277476,1987.0
Smile,Uncle Kracker,https://open.spotify.com/track/4ZC8hXXqu2hPcDLw9QTdtQ,201626,2009.0
When A Man Loves A Woman,Percy Sledge,https://open.spotify.com/track/51FpzuGkRYXFgsE2zXt9av,173866,1966.0
"""Courtesy Of The Red, White And Blue (The Angry American)""",Toby Keith,https://open.spotify.com/track/0M7mWKqwTIaVjYyxfZmtTa,195533,2002.0
Big Green Tractor,Jason Aldean,https://open.spotify.com/track/1jvUrVUMm1U2XfXX534fRP,204200,2009.0
Dura,Daddy Yankee,,,
Too Close,Alex Clare,https://open.spotify.com/track/4VySpxhRGy32u5zPCprzDn,256613,2011.0
Don't Walk Away,Jade,https://open.spotify.com/track/7tsRp7QKUBp6hc9bth0h7x,216373,1992.0
Help!,The Beatles,https://open.spotify.com/track/7DD7eSuYSC5xk2ArU62esN,139560,1965.0
Again,Janet Jackson,,,
One More Try,Timmy T.,,,
Silly Love Songs,Wings,https://open.spotify.com/track/37mLjAztlLCv5I6UFB6V5g,354240,1976.0
Let Your Love Flow,The Bellamy Brothers,https://open.spotify.com/track/064SVQsmWl5EF0zahmzkQk,196826,1976.0
Emotion,Samantha Sang,https://open.spotify.com/track/1TSehAcbBAcmZlSNMjmf6U,237293,1977.0
Star Wars Theme/Cantina Band,Meco,https://open.spotify.com/track/4MVA30NmvNtpbDon1ZG7mk,212306,1977.0
Miss You,The Rolling Stones,https://open.spotify.com/track/3hJLKtTpgct9Y9wKww0BiR,288666,1978.0
Where Do You Go,No Mercy,https://open.spotify.com/track/37tzoWY1ubBQKGXiWdO5Qv,272093,1996.0
Bad Liar,Imagine Dragons,https://open.spotify.com/track/2RSHsoi04658QL5xgQVov3,260773,2018.0
Wichita Lineman,Glen Campbell,https://open.spotify.com/track/6V9VCm1zOY2lGR80RehJ9i,186200,1968.0
Nights In White Satin,The Moody Blues,https://open.spotify.com/track/6L5BZEcZmD6RBJnimzlyKr,269106,1967.0
I Want To Break Free,Queen,https://open.spotify.com/track/2AkmdLbVKS1steeZdy8H1l,258013,1984.0
Don't Worry Baby,The Beach Boys,https://open.spotify.com/track/1GLmaPfulP0BrfijohQpN5,169933,1964.0
Brandy (You're A Fine Girl),Looking Glass,https://open.spotify.com/track/2BY7ALEWdloFHgQZG6VMLA,189044,1972.0
Baby Love,The Supremes,https://open.spotify.com/track/5uES1C2NgkdrNHiCwf9jRr,158040,1964.0
Only The Good Die Young,Billy Joel,https://open.spotify.com/track/1xOXXYh6lTW8laxlW7JP2J,235560,1977.0
You'll Never Find Another Love Like Mine,Lou Rawls,https://open.spotify.com/track/6OylYIXrIH2E3hgg7Dqz5M,266200,1976.0
The Rubberband Man,The Spinners,https://open.spotify.com/track/13Mzsb8VzRSZ5w3pM48cn6,213000,1976.0
White Flag,Dido,https://open.spotify.com/track/6si71supnBUhddjR2FJc2L,240040,2003.0
Keep Ya Head Up,2Pac,https://open.spotify.com/track/0XRbYXQUymj9SJkrr8YK5B,262506,1993.0
What A Fool Believes,The Doobie Brothers,https://open.spotify.com/track/2yBVeksU2EtrPJbTu4ZslK,223866,1978.0
Mad,Ne-Yo,https://open.spotify.com/track/4LxjagX6D8MxMaoTmqpQ8Y,254533,2008.0
Your Love Is My Drug,Ke$ha,https://open.spotify.com/track/3uoQULcUWfnt6nc6J7Vgai,187133,2010.0
Break My Stride,Matthew Wilder,https://open.spotify.com/track/1mCsF9Tw4AkIZOjvZbZZdT,184480,1983.0
The Boys Of Summer,Don Henley,https://open.spotify.com/track/4gvea7UlDkAvsJBPZAd4oB,288733,1984.0
Disco Lady,Johnnie Taylor,,,
Where'd You Go,Fort Minor Featuring Holly Brook,https://open.spotify.com/track/1KVPQ3XQnmhjPbyXs6AcAS,231866,2005.0
Rose Garden,Lynn Anderson,https://open.spotify.com/track/5YwgJ6lpZ3SiAQwBEpjqey,175866,1971.0
Shawty,Plies Featuring T-Pain,https://open.spotify.com/track/0mYoKqA23wUUj7BTEgNzjg,255413,2007.0
They Don't Care About Us,Michael Jackson,https://open.spotify.com/track/3wuCCNCnBhJlwkIJTBZFiv,284310,1995.0
Shortie Like Mine,Bow Wow Featuring Chris Brown & Johnta Austin,https://open.spotify.com/track/6oUGAx0vkBcnGzYkvw0ZsA,268066,2006.0
"Sittin' Up In My Room (From ""Waiting To Exhale"")",Brandy,,,
The Logical Song,Supertramp,https://open.spotify.com/track/6mHOcVtsHLMuesJkswc0GZ,251253,1979.0
Never My Love,The Association,,,
C'mon N' Ride It (The Train),Quad City DJ's,https://open.spotify.com/track/2QLEN3RVunMas7j0PHjeAT,451440,1996.0
Hero,Enrique Iglesias,https://open.spotify.com/track/1PAgmT6YqGhd6zT9kN9gIo,264240,2001.0
Black Water,The Doobie Brothers,https://open.spotify.com/track/4p8QcNkaq2FQj8uGJ7HEDK,255266,1974.0
Mine,Taylor Swift,https://open.spotify.com/track/4UKe8besA3ozapud4bAOug,230546,2010.0
Please Mr. Postman,Carpenters,https://open.spotify.com/track/74jZhGv0fdLaf9q8AZZ15k,172733,1975.0
Abracadabra,Lady Gaga,https://open.spotify.com/track/2LHNTC9QZxsL3nWpt8iaSR,223398,2025.0
Annie's Song,John Denver,https://open.spotify.com/track/4J0DbyODwZJcmIAiTSJfMF,180693,1974.0
Unbelievable,EMF,https://open.spotify.com/track/5VYTKiOnHw4iTrB9pG3yum,209813,1991.0
The Freshmen,The Verve Pipe,https://open.spotify.com/track/21jEuMn2lf37715rwjow2M,269466,1996.0
Something Like That,Tim McGraw,https://open.spotify.com/track/6leiB1fEsTnVCuPiielde5,183733,1999.0
Knock On Wood,Amii Stewart,https://open.spotify.com/track/6120uJUyg6QDzaAJUosTx5,250520,2012.0
Lay Down Sally,Eric Clapton,https://open.spotify.com/track/6kSSORnF2vhzDpGftPXNWz,236093,1977.0
Wait For You,Elliott Yamin,https://open.spotify.com/track/0U969xYNlAyfzi8P1TaO7u,261320,2007.0
Bleed It Out,Linkin Park,https://open.spotify.com/track/0UFDKFqW2oGspYeYqo9wjA,164426,2007.0
Feliz Navidad,Jose Feliciano,https://open.spotify.com/track/3qCeq0rWK67SoBDgFd2sId,182306,2001.0
In My Mind,Dynoro,https://open.spotify.com/track/0E9ZjEAyAwOXZ7wJC0PD33,184560,2018.0
Build Me Up Buttercup,The Foundations,https://open.spotify.com/track/6sPOmDulFtLzfX25zICNrC,177533,1968.0
Smooth Operator,Sade,https://open.spotify.com/track/1Hv1VTm8zeOeybub15mA2R,258693,1994.0
You Sexy Thing,Hot Chocolate,https://open.spotify.com/track/714hERk9U1W8FMYkoC83CO,244920,1975.0
If I Ever Fall In Love,Shai,https://open.spotify.com/track/0OH5ZegnMYV119OvFiKT9Z,289693,1992.0
Helena (So Long & Goodnight),My Chemical Romance,https://open.spotify.com/track/5dTHtzHFPyi8TlTtzoz1J9,204733,2004.0
Sexy Love,Ne-Yo,https://open.spotify.com/track/10aWGOqSDBqvNzJ9NeKDbK,220853,2006.0
Chained To The Rhythm,Katy Perry Featuring Skip Marley,https://open.spotify.com/track/7qvxFz3JodM0A7xEM7k3YD,237733,2017.0
Need A Favor,Jelly Roll,,,
Killing Me Softly With His Song,Roberta Flack,https://open.spotify.com/track/3gsCAGsWr6pUm1Vy7CPPob,286920,1973.0
Angie,The Rolling Stones,https://open.spotify.com/track/1GcVa4jFySlun4jLSuMhiq,272000,1973.0
LaLa,Myke Towers,https://open.spotify.com/track/7ABLbnD53cQK00mhcaOUVG,197920,2023.0
Right Back Where We Started From,Maxine Nightingale,https://open.spotify.com/track/6208B8Utmd2fTqgGMjeNr6,192266,2020.0
Sometimes When We Touch,Dan Hill,https://open.spotify.com/track/1nAexCn3dPoFSmE7h6P5S7,252693,1977.0
Like That,"""Future, Metro Boomin & Kendrick Lamar""",https://open.spotify.com/track/2tudvzsrR56uom6smgOcSf,267706,2024.0
Bridge Over Troubled Water,Simon & Garfunkel,https://open.spotify.com/track/6l8EbYRtQMgKOyc1gcDHF9,296462,1970.0
Upside Down,Diana Ross,https://open.spotify.com/track/57Y3UccJEJqT8w8RWkUAz0,244826,1980.0
My Love Mine All Mine,Mitski,https://open.spotify.com/track/3vkCueOmm7xQDoJ17W1Pm3,137773,2023.0
It's Your Thing,The Isley Brothers,https://open.spotify.com/track/3ZxfehzRtB3oJcBuxWXFZQ,169296,1969.0
Exchange,Bryson Tiller,https://open.spotify.com/track/43PuMrRfbyyuz4QpZ3oAwN,194613,2015.0
You're The Inspiration,Chicago,https://open.spotify.com/track/36lkJSDyMEZoWTqtRj8Q8q,229240,1984.0
Happier,Olivia Rodrigo,https://open.spotify.com/track/2tGvwE8GcFKwNdAXMnlbfl,175933,2021.0
Good Luck Charm,Elvis Presley With The Jordanaires,https://open.spotify.com/track/19gotedXtqeE8dWju6WURW,145080,1963.0
Somebody To Love,Jefferson Airplane,https://open.spotify.com/track/4uGIJG1jYFonGc4LGp5uQL,174840,1967.0
I Love A Rainy Night,Eddie Rabbitt,https://open.spotify.com/track/4tpnZnVeZK2pVgJdFB9uVo,190533,1980.0
2U,David Guetta Featuring Justin Bieber,https://open.spotify.com/track/3A7qX2QjDlPnazUsRk5y0M,194896,2017.0
All By Myself,Eric Carmen,https://open.spotify.com/track/0AQqrtK1pULuwZUXhwaaDz,429996,1975.0
Houdini,Eminem,https://open.spotify.com/track/1CDQzbCz4KSQxHe7LMEgRM,227032,2024.0
I Am Not Okay,Jelly Roll,,,
You Should Be Sad,Halsey,https://open.spotify.com/track/7lidXGPXPYLNThITAOTlkK,205473,2020.0
I'm So Excited,The Pointer Sisters,https://open.spotify.com/track/1ot6jEe4w4hYnsOPjd3xKQ,230640,1982.0
Summer Love,Justin Timberlake,https://open.spotify.com/track/1MBM7CyZbwJpVbbZJnHHRg,252973,2006.0
La Diabla,Xavi,https://open.spotify.com/track/0R6NfOiLzLj4O5VbYSJAjf,172264,2023.0
Born To Run,Bruce Springsteen,https://open.spotify.com/track/6hTcuIQa0sxrrByu9wTD7s,269932,1975.0
Falling Down,Lil Peep & XXXTENTACION,https://open.spotify.com/track/4jvjzW7Hm0yK4LvvE0Paz9,196400,2018.0
Gasolina,Daddy Yankee,https://open.spotify.com/track/6jEZLz3YpnEBRpVkv35AmP,192600,2004.0
Let It Snow! Let It Snow! Let It Snow!,Dean Martin,https://open.spotify.com/track/2uFaJJtFpPDc5Pa95XzTvg,117146,1959.0
Just Another Day,Jon Secada,https://open.spotify.com/track/5AoBNJQDXXEnIJGjJjZu3y,327426,1992.0
Good Times,Chic,https://open.spotify.com/track/0G3fbPbE1vGeABDEZF0jeG,495400,1979.0
Babe,Styx,https://open.spotify.com/track/5W7YROOF6bFfBexY81LFjt,265973,1979.0
All The Man That I Need,Whitney Houston,https://open.spotify.com/track/07M76e7IXxYdnC1BBiJxEX,251426,1990.0
50 Ways To Leave Your Lover,Paul Simon,https://open.spotify.com/track/6Qb7gtV6Q4MnUjSbkFcopl,217573,1975.0
Dirt Off Your Shoulder,Jay-Z,https://open.spotify.com/track/4DqgmnzCCIv0dbzlFDPJZq,245173,2003.0
I'll Take You There,The Staple Singers,https://open.spotify.com/track/5YLnfy7R2kueN0BRPkjiEG,196826,2007.0
Ain't It Fun,Paramore,https://open.spotify.com/track/1j8z4TTjJ1YOdoFEDwJTQa,296520,2013.0
Speechless,Dan + Shay,https://open.spotify.com/track/3GJ4hzg4lrGwU51Y3VARbF,213386,2018.0
Crying In The Chapel,Elvis Presley With The Jordanaires,https://open.spotify.com/track/2inb1KNU2bGIkldLsuDb83,145400,1967.0
When You're Gone,Avril Lavigne,https://open.spotify.com/track/54JKnDB3CzVu8wNAOM27BI,240493,2007.0
Freak Like Me,Adina Howard,,,
Get Up,Ciara Featuring Chamillionaire,https://open.spotify.com/track/3rKCDtV8UcF0RytSiXxypc,261880,2006.0
Fix You,Coldplay,https://open.spotify.com/track/7LVHVU3tWfcxj5aiPFEW4Q,295533,2005.0
Rhythm Is A Dancer,Snap!,https://open.spotify.com/track/4RADreHMvMkZwsPgPr9z5c,225882,1992.0
The Tide Is High,Blondie,https://open.spotify.com/track/165NAtd2DRPKNQ6EVY0VG9,233893,1980.0
It's Five O'Clock Somewhere,Alan Jackson & Jimmy Buffett,https://open.spotify.com/track/7KysI43rsjlhjTeWO6ePUq,229800,2003.0
Meet Me At Our Spot,THE ANXIETY: WILLOW & Tyler Cole,https://open.spotify.com/track/07MDkzWARZaLEdKxo6yArG,162680,2020.0
Perfect,One Direction,https://open.spotify.com/track/3NLnwwAQbbFKcEcV8hDItk,230341,2015.0
La Bebe,Yng Lvcas x Peso Pluma,https://open.spotify.com/track/2UW7JaomAMuX9pZrjVpHAU,234352,2023.0
Good News,Shaboozey,https://open.spotify.com/track/5rhMc6IqSdVsyF7bRieSTc,342040,2020.0
2002,Anne-Marie,https://open.spotify.com/track/2BgEsaKNfHUdlh97KmvFyo,186986,2018.0
Write This Down,George Strait,https://open.spotify.com/track/1TanmIWbaUj5NVwJ3k4XPd,219600,1999.0
I Can Love You Like That,All-4-One,https://open.spotify.com/track/70d8omRI2p7qesFOiy55Ro,257959,1995.0
"For You I Will (From ""Space Jam"")",Monica,https://open.spotify.com/track/2ijMU9lYFCvGBzgwJ8Sd8q,228880,2006.0
We Can Work It Out,The Beatles,https://open.spotify.com/track/7LNiAjyg9P2GKINTtN6Yt8,136120,1973.0
Stop! In The Name Of Love,The Supremes,https://open.spotify.com/track/52FlwUMMDnTK8TGkCag9Jd,172906,1965.0
Summer Of '69,Bryan Adams,https://open.spotify.com/track/0GONea6G2XdnHWjNZd6zt3,216053,1984.0
Danza Kuduro,Don Omar & Lucenzo,https://open.spotify.com/track/2a1o6ZejUi8U3wzzOtCOYw,198773,2010.0
Springsteen,Eric Church,https://open.spotify.com/track/05ZACkzW8YbRq3eFgIfSNB,263386,2011.0
Ruby Tuesday,The Rolling Stones,https://open.spotify.com/track/4hupcimlg3UBbW1kAQ6vrT,196493,1967.0
Mandy,Barry Manilow,https://open.spotify.com/track/6iXQrhhgBisdfvS34EMTZ3,213333,1974.0
Feel Like Makin' Love,Roberta Flack,https://open.spotify.com/track/7gkboYtvhuXNS4EUwmFPcw,175400,1975.0
When Will I See You Again,The Three Degrees,https://open.spotify.com/track/02srSkeu2pzybuVr2B9TJm,178746,1973.0
Wonderful World,Sam Cooke,https://open.spotify.com/track/2G0GextMwZJLkNxcSZ7ZJ3,128786,1960.0
Mercy,"""Kanye West, Big Sean, Pusha T, 2 Chainz""",,,
BOP,DaBaby,https://open.spotify.com/track/6Ozh9Ok6h4Oi1wUSLtBseN,159714,2019.0
Naughty Girl,Beyonce,https://open.spotify.com/track/0YGQ3hZcRLC5YX7o0hdmHg,208573,2003.0
Lady,Kenny Rogers,https://open.spotify.com/track/5j5oiN32InsxrgOUdGugaM,234773,1980.0
No Brainer,"""DJ Khaled Featuring Justin Bieber, Chance the Rapper & Quavo""",https://open.spotify.com/track/5WvAo7DNuPRmk4APhdPzi8,260000,2018.0
Caribbean Queen (No More Love On The Run),Billy Ocean,https://open.spotify.com/track/4JEylZNW8SbO4zUyfVrpb7,244426,2010.0
I Just Called To Say I Love You,Stevie Wonder,https://open.spotify.com/track/6RNDeRnWsRMjPdNVgupZCs,262240,1999.0
Don't Take It Personal (Just One Of Dem Days),Monica,https://open.spotify.com/track/0JCAezTC5IlK1a9o0YBEsD,258466,1995.0
Big Pimpin',Jay-Z Featuring UGK,https://open.spotify.com/track/7m97yKVzPpXV9Z4ezEziOD,283066,1999.0
You've Got A Friend,James Taylor,https://open.spotify.com/track/69l8nFPu0LWmnoJX7YSVYc,268706,1971.0
Baker Street,Gerry Rafferty,https://open.spotify.com/track/5gOd6zDC8vhlYjqbQdJVWP,365626,1978.0
Love,Keyshia Cole,https://open.spotify.com/track/0W4NhJhcqKCqEP2GIpDCDq,255333,2005.0
Surface Pressure,Jessica Darrow,,,
Lately,Divine,,,
Drift Away,Dobie Gray,https://open.spotify.com/track/13iTIQHlw3VHIdycCUcc3M,238386,1973.0
Mickey,Toni Basil,https://open.spotify.com/track/4Gnl12vioGd6lgIjeYcMCl,253199,1997.0
Se Preparó,Ozuna,https://open.spotify.com/track/1m69ELEgE6k5ZWsap40ozt,188080,2017.0
How Much I Feel,Ambrosia,https://open.spotify.com/track/3GVhCuS4BRxCTvVj4Cmc8w,283400,1978.0
It's My Life,No Doubt,https://open.spotify.com/track/1OutzYv6YiN93lrT3pJsWR,226053,2003.0
Flashdance...What A Feeling,Irene Cara,https://open.spotify.com/track/3cbV252akVZInSvJk7jAYX,237053,1983.0
(When You Gonna) Give It Up To Me,Sean Paul Feat. Keyshia Cole,https://open.spotify.com/track/5nEdwtSv0qqeE0l4o1lR4q,243880,2006.0
Little Lies,Fleetwood Mac,https://open.spotify.com/track/4CoSCPlKNrWli7E5kFtbcl,221053,1987.0
Lighters,Bad Meets Evil Featuring Bruno Mars,https://open.spotify.com/track/4BWBbJ9MKpnt30SFYEomzJ,303813,2011.0
Knockin' On Heaven's Door,Bob Dylan,https://open.spotify.com/track/6HSXNV0b4M4cLJ7ljgVVeh,149880,1973.0
"""Hello, I Love You""",The Doors,https://open.spotify.com/track/3bWGaqVeYKMlLss40mPgNn,133200,1968.0
Family Affair,Sly & The Family Stone,https://open.spotify.com/track/3aw9iWUQ3VrPQltgwvN9Xu,265866,2001.0
Tell Me,Groove Theory,https://open.spotify.com/track/2lp8xjq0WTm3HZKHuDEweg,236066,1995.0
Centerfold,The J. Geils Band,https://open.spotify.com/track/1ynmMEK1fkyiZ6Z6F3ThEt,216533,1981.0
Time In A Bottle,Jim Croce,https://open.spotify.com/track/561F1zqRwGPCTMRsLsXVtL,146175,1972.0
Another Brick In The Wall (Part II),Pink Floyd,,,
Nobody's Supposed To Be Here,Deborah Cox,,,
Can't Tell Me Nothing,Kanye West,https://open.spotify.com/track/0mEdbdeRFQwBhN4xfyIeUM,271600,2007.0
Superhero (Heroes & Villains),"""Metro Boomin, Future & Chris Brown""",https://open.spotify.com/track/0vjeOZ3Ft5jvAi9SBFJm1j,182666,2022.0
Endless Love,Diana Ross & Lionel Richie,,,
Stumblin' In,Suzi Quatro & Chris Norman,https://open.spotify.com/track/0EA8k9iH93YEJFaBuRt7Tc,239529,1978.0
Todo de Ti,Rauw Alejandro,https://open.spotify.com/track/5RwV8BvLfX5injfqYodke9,199604,2021.0
Crush,Jennifer Paige,https://open.spotify.com/track/7aOGFnnVDivtRO1PrYhx64,200293,1998.0
Money,Cardi B,,,
Be My Lover,La Bouche,https://open.spotify.com/track/3vSn1frPgFcRXrjWOfhMLl,240866,2003.0
Candy Rain,Soul For Real,https://open.spotify.com/track/4j1Bk0BEIGCF9hR7cSwl9d,276066,1995.0
Levels,Avicii,https://open.spotify.com/track/5UqCQaDshqbIk3pkhy4Pjg,199906,2011.0
Butterfly Effect,Travis Scott,https://open.spotify.com/track/2cYqizR4lgvp4Qu6IQ3qGN,190557,2018.0
Lean Back,Terror Squad,https://open.spotify.com/track/2Ozc0me9PV5vlt8cokwdvI,247426,2004.0
I'll Never Love This Way Again,Dionne Warwick,https://open.spotify.com/track/4V3AGIIQeJoBUPaTCLiscB,211920,1979.0
I Hate U,SZA,https://open.spotify.com/track/2aJnyNu4PQxQ2lyj5boiMG,174000,2022.0
Save Me,Jelly Roll With Lainey Wilson,https://open.spotify.com/track/1pBFEy8cz0Fq4Pru0c4awd,229920,1980.0
You Know You Like It,DJ Snake & AlunaGeorge,https://open.spotify.com/track/57kR5SniQIbsbVoIjjOUDa,247266,2014.0
Show Me Love,Robin S.,https://open.spotify.com/track/4t0UsYzmmmZRMTWn77jiGF,252106,1993.0
Sex On Fire,Kings of Leon,https://open.spotify.com/track/0ntQJM78wzOLVeCUAW7Y45,203346,2008.0
Don't Take The Girl,Tim McGraw,https://open.spotify.com/track/2wmEryA2YLaFwFvA63n3O2,249360,1994.0
Free Fallin',Tom Petty,https://open.spotify.com/track/5tVA6TkbaAH9QMITTQRrNv,256000,1989.0
Don't Wake Me Up,Chris Brown,https://open.spotify.com/track/12Ns5IphkblPmHxpRILG9t,222306,2012.0
On My Mind,Ellie Goulding,https://open.spotify.com/track/5a7NdkF09AfD0H607eiOkX,213445,2015.0
I'm Gonna Make You Love Me,Diana Ross And The Supremes & The Temptations,https://open.spotify.com/track/3Rhxe6P1im82NFVkt9X2qZ,187333,1968.0
I Love It,Kanye West & Lil Pump,https://open.spotify.com/track/4S8d14HvHb70ImctNgVzQQ,127946,2018.0
6 Foot 7 Foot,Lil Wayne Featuring Cory Gunz,https://open.spotify.com/track/5Qy6a5KzM4XlRxsNcGYhgH,248586,2011.0
Hello,Lionel Richie,https://open.spotify.com/track/6HMvJcdw6qLsyV1b5x29sa,246933,1983.0
H.O.L.Y.,Florida Georgia Line,https://open.spotify.com/track/6Xgq7MvZiet0hVi3KaDSgJ,212093,2021.0
Ball Of Confusion (That's What The World Is Today),The Temptations,,,
Party Up (Up In Here),DMX,https://open.spotify.com/track/0LWkaEyQRkF0XAms8Bg1fC,268866,1999.0
Physical,Olivia Newton-John,https://open.spotify.com/track/4gitetlGHZ9LfuJhwUhEhF,225992,2021.0
Free Bird,Lynyrd Skynyrd,https://open.spotify.com/track/5EWPGh7jbTNO2wakv8LjUI,547106,1973.0
Lay Me Down,Sam Smith,https://open.spotify.com/track/7E7sAg5qPv0cObXCWRsYMJ,219535,2015.0
Look Back At It,A Boogie wit da Hoodie,https://open.spotify.com/track/3Ol2xnObFdKV9pmRD2t9x8,179449,2018.0
Go Your Own Way,Fleetwood Mac,https://open.spotify.com/track/07GvNcU1WdyZJq3XxP0kZa,223613,1977.0
Go All The Way,Raspberries,https://open.spotify.com/track/75GQIYnRaBg7ndHxhfYuQy,205346,1972.0
TV Off,Kendrick Lamar Featuring Lefty Gunplay,https://open.spotify.com/track/75bsrBtmM57lhi55yOfzBL,220690,2024.0
It's A Heartache,Bonnie Tyler,https://open.spotify.com/track/3LW4gWH646tvcOnbzTNn21,215160,1978.0
Scream,Usher,https://open.spotify.com/track/5sAlmL7Qp9N9BJTADkwEt9,234693,2012.0
"Baby I Love Your Way (From ""Reality Bites"")",Big Mountain,https://open.spotify.com/track/2le9fblYnfoLr9dkZIsJUa,249520,1994.0
When You Believe,Whitney Houston & Mariah Carey,https://open.spotify.com/track/0JN7vUgUolHGHFrOR8xk7S,272893,1998.0
Son-Of-A Preacher Man,Dusty Springfield,,,
The Air That I Breathe,The Hollies,https://open.spotify.com/track/6yLIqXX9edg1x0HZS7cZEv,257106,1974.0
When You're In Love With A Beautiful Woman,Dr. Hook,https://open.spotify.com/track/1UiKUFbCfgbVjwY8W657Pv,178826,1978.0
Blue (Da Ba Dee),Eiffel 65,https://open.spotify.com/track/2yAVzRiEQooPEJ9SYx11L3,283747,1999.0
What A Man Gotta Do,Jonas Brothers,https://open.spotify.com/track/4wNIkl5XGiAACjFBlDWuSd,180644,2020.0
Chain Of Fools,Aretha Franklin,https://open.spotify.com/track/2oZmMp5M6L0Rh7G84Um2tF,167066,1968.0
Return To Innocence,Enigma,https://open.spotify.com/track/2UKkLqST2xWpK8n1b0Xr5Z,255466,1993.0
Versace On The Floor,Bruno Mars,https://open.spotify.com/track/0kN8xEmgMW9mh7UmDYHlJP,261240,2016.0
Be Like That,Kane Brown With Swae Lee & Khalid,https://open.spotify.com/track/5f1joOtoMeyppIcJGZQvqJ,191406,2020.0
We Are Family,Sister Sledge,https://open.spotify.com/track/5IKLwqBQG6KU6MP2zP80Nu,216733,1979.0
Shut Up And Drive,Rihanna,https://open.spotify.com/track/4Tn2llBm1g0UlWctmgPL8Z,212280,2008.0
Surrender,Elvis Presley With The Jordanaires,https://open.spotify.com/track/366wRPrx2airjcCRkxgoS2,114200,1963.0
"Exhale (Shoop Shoop) (From ""Waiting To Exhale"")",Whitney Houston,,,
Lil Boo Thang,Paul Russell,https://open.spotify.com/track/0cVyQfDyRnMJ0V3rjjdlU3,114233,2023.0
Please Please Me,The Beatles,,,
Stereo Love,Edward Maya & Vika Jigulina,https://open.spotify.com/track/2Xf4RoFpi7n06ppsGKbxiq,184015,2009.0
Sugar,Robin Schulz Featuring Francesco Yates,https://open.spotify.com/track/5tf1VVWniHgryyumXyJM7w,219043,2015.0
What's Your Fantasy,Ludacris Featuring Shawnna,https://open.spotify.com/track/4LwOrnuxJwR7C5Sw4liY4Z,275906,2000.0
X,Nicky Jam x J Balvin,https://open.spotify.com/track/39N9RPD9MRb5WmoLzNzPeA,173627,2018.0
Survivor,Destiny's Child,https://open.spotify.com/track/2Mpj1Ul5OFPyyP4wB62Rvi,254026,2001.0
Stir Fry,Migos,https://open.spotify.com/track/2UVbBKQOdFAekPTRsnkzcf,190288,2018.0
I Feel Love,Donna Summer,https://open.spotify.com/track/7B7lf3sIze5VR2WuYttn18,495186,1979.0
Let It Go,Keyshia Cole Featuring Missy Elliott & Lil Kim,https://open.spotify.com/track/538hPQNtP190KcS3ZnWY5M,238360,2007.0
Can't Fight The Moonlight,LeAnn Rimes,https://open.spotify.com/track/2AogRMqARWyUP7VQ3gmSoY,215506,2001.0
If,Janet Jackson,https://open.spotify.com/track/0t414ewhjcIiuPVF3QECz2,271640,1993.0
Magic,Pilot,https://open.spotify.com/track/500h8jAdr7LvzzXlm1qxtK,186333,1974.0
La Curiosidad,Jay Wheeler,https://open.spotify.com/track/4HYDUMY0xSpeBr0AMY9cUz,219048,2020.0
She's A Lady,Tom Jones,https://open.spotify.com/track/5JnHzjo25FY1fMQMQVOawB,174146,1971.0
What Goes Around...Comes Around,Justin Timberlake,https://open.spotify.com/track/3pD0f7hSJg2XdQ6udw5Tey,448573,2006.0
Gimme That,Chris Brown Featuring Lil Wayne,https://open.spotify.com/track/53ETzLQQKFCzykRbqWb1ph,186826,2005.0
Walk Like An Egyptian,The Bangles,https://open.spotify.com/track/3BGbqEDio3ocx1v4egIYr6,204560,1985.0
On My Own,Patti LaBelle & Michael McDonald,https://open.spotify.com/track/5HrVgmO1govSOrPUehW1VV,290840,1986.0
The Bones,Maren Morris,https://open.spotify.com/track/7yFhA2fUsL2oIMWlw5DaHQ,197298,2019.0
Arthur's Theme (Best That You Can Do),Christopher Cross,https://open.spotify.com/track/5fnOrhQ4KgT5irGCjIccGH,234493,2008.0
Time Of The Season,The Zombies,https://open.spotify.com/track/5AJrhrwz4oSZX2PwwV4qrN,214026,1968.0
Summer In The City,The Lovin' Spoonful,https://open.spotify.com/track/7AzFID6u1b3zIWbd9pb8Dk,160306,1966.0
Favorite Crime,Olivia Rodrigo,https://open.spotify.com/track/5JCoSi02qi3jJeHdZXMmR8,152666,2021.0
The Business,Tiesto,https://open.spotify.com/track/6f3Slt0GbA2bPZlz0aIFXN,164000,2020.0
Calma,Pedro Capo X Farruko,https://open.spotify.com/track/5iwz1NiezX7WWjnCgY5TH4,238200,2018.0
Oui,Jeremih,https://open.spotify.com/track/0PJIbOdMs3bd5AT8liULMQ,238320,2015.0
Bless The Broken Road,Rascal Flatts,https://open.spotify.com/track/4YjjNHtEsTX6Af4mCTupT5,226680,2004.0
Just A Friend,Biz Markie,https://open.spotify.com/track/3yNVfRQlUPViUh8O2V9SQn,238266,1994.0
Love Train,The O'Jays,https://open.spotify.com/track/28285KFbyCq8sJofn58qlD,178400,1972.0
You Don't Bring Me Flowers,Barbra Streisand & Neil Diamond,https://open.spotify.com/track/6hacGohCl4dvzLcnbKP0Ma,204200,2002.0
Sing,Ed Sheeran,https://open.spotify.com/track/6K8qKeWo5MsFED7wCR6Kop,235382,2014.0
I'm Like A Bird,Nelly Furtado,https://open.spotify.com/track/2aGw77pZqli064JiPuXYRi,243160,2000.0
Teenagers,My Chemical Romance,https://open.spotify.com/track/7j31rVgGX9Q2blT92VBEA0,161920,2006.0
Daylight,Maroon 5,https://open.spotify.com/track/2XZfoXVg9cVsSNGIiPHPPh,225306,2012.0
Can't Smile Without You,Barry Manilow,https://open.spotify.com/track/7qUTZEf6bgiApJEXpMAH5y,193440,1978.0
Hello Goodbye,The Beatles,https://open.spotify.com/track/0vZ97gHhemKm6c64hTfJNA,208840,1967.0
All You Need Is Love,The Beatles,https://open.spotify.com/track/3xMSaDC9TU6AQJIsxQB7MK,230386,1967.0
Don't Speak,No Doubt,https://open.spotify.com/track/7H8zey5My6uNdD2TxeCb9F,263000,1995.0
Rehab,Rihanna,https://open.spotify.com/track/5X3ahLXhOw16BR09GjYPUT,294720,2008.0
Amanece,Anuel AA,,,
I Feel Fine,The Beatles,https://open.spotify.com/track/4gxs9En3aoaOm2J5wNMMm9,140400,1973.0
Rock And Roll All Nite,Kiss,https://open.spotify.com/track/6KTv0Z8BmVqM7DPxbGzpVC,168840,1975.0
Heather,Conan Gray,https://open.spotify.com/track/4xqrdfXkTW4T0RauPLv3WA,198040,2020.0
Wild World,Cat Stevens,,,
Favorite Song,Toosii,,,
2 Become 1,Spice Girls,https://open.spotify.com/track/36AWdhZIGLUTkWpJDhe7va,241026,1996.0
My Ex's Best Friend,Machine Gun Kelly X Blackbear,https://open.spotify.com/track/70rFIfYN7lU6iTgUIVP42w,138970,2020.0
You Don't Know My Name,Alicia Keys,https://open.spotify.com/track/6LGwYMXXgURfaequXipzHx,366733,2003.0
Just When I Needed You Most,Randy VanWarmer,https://open.spotify.com/track/55wl56WlKI85UBNZoFxe9P,241746,1979.0
Love Hurts,Nazareth,https://open.spotify.com/track/5g1rzUEyVFNr2i4ifEjlVN,232120,1975.0
Only Human,Jonas Brothers,https://open.spotify.com/track/0DiDStADDVh3SvAsoJAFMk,183000,2019.0
Coward Of The County,Kenny Rogers,https://open.spotify.com/track/0JkIre0YxNmKGMU5V7ZiDx,258733,1979.0
"""Boy's A Liar, Pt. 2""",PinkPantheress & Ice Spice,https://open.spotify.com/track/6AQbmUe0Qwf5PZnt4HmTXv,131013,2023.0
No Type,Rae Sremmurd,,,
You Look Like You Love Me,Ella Langley Featuring Riley Green,,,
You Can't Hurry Love,Phil Collins,https://open.spotify.com/track/4YwbSZaYeYja8Umyt222Qf,175746,1982.0
What Was I Thinkin',Dierks Bentley,https://open.spotify.com/track/0r8iDf65NHgFgZOGLwj5r8,260826,2003.0
Rack City,Tyga,,,
7/11,Beyonce,https://open.spotify.com/track/02M6vucOvmRfMxTXDUwRXu,213506,2014.0
Mood Swings,Pop Smoke Featuring Lil Tjay,https://open.spotify.com/track/5rZlwNFl01HqLWBQGryKSm,213333,2020.0
Why Can't We Be Friends?,War,https://open.spotify.com/track/6x959m2QDvatSwUAVCHIuf,230106,1975.0
Motownphilly,Boyz II Men,,,
Toes,Zac Brown Band,https://open.spotify.com/track/2Esf7NTKQNCPE4G17QvVCs,262773,2008.0
From A Distance,Bette Midler,https://open.spotify.com/track/48eiLW57CqSmCYNZRM2J8M,276346,1990.0
Praying,Kesha,https://open.spotify.com/track/0jdny0dhgjUwoIp5GkqEaA,230269,2017.0
"""No, No, No""",Destiny's Child,https://open.spotify.com/track/1qjpqPksHOOIKcwShB08oz,249760,2006.0
Ridin' Solo,Jason Derulo,https://open.spotify.com/track/6OEolOOk9Gh9bqkdpfIOl0,215746,2010.0
Love You Anyway,Luke Combs,,,
Addicted To Love,Robert Palmer,https://open.spotify.com/track/5izGeTxueiFX1UPFGohY9w,363640,1985.0
If U Seek Amy,Britney Spears,https://open.spotify.com/track/2hdy9Wt9qp7M7d0U3ossu2,216519,2008.0
Enjoy Yourself,The Jacksons,,,
A Boy Named Sue,Johnny Cash,https://open.spotify.com/track/5xMNjx7uqCzMpJZSo4Wq55,233809,1969.0
One Man Band,Old Dominion,https://open.spotify.com/track/7cA3PnUQDlUyBBwpRozQeo,186240,2019.0
Barracuda,Heart,https://open.spotify.com/track/4KfSdst7rW39C0sfhArdrz,261495,1977.0
Beautiful Day,U2,https://open.spotify.com/track/0gzqZ9d1jIKo9psEIthwXe,248400,2000.0
More Than I Can Say,Leo Sayer,https://open.spotify.com/track/72AP0jERH6lLf6vd32WcDJ,221040,1980.0
Cold As Ice,Foreigner,https://open.spotify.com/track/7vidktgNZFQylTgH1GEnMs,203133,1977.0
Little Talks,Of Monsters and Men,https://open.spotify.com/track/0uZ0orE84drZZzPKxCWSmR,267693,2011.0
Jenny From The Block,Jennifer Lopez Featuring Styles & Jadakiss,https://open.spotify.com/track/7LqjznQwfrax7MjQXmxqdQ,187840,2002.0
I'd Love You To Want Me,Lobo,https://open.spotify.com/track/71CXzHYYOyNqgtVFpNdeCS,247640,1972.0
"""Pop, Lock & Drop It""",Huey,,,
The Humpty Dance,Digital Underground,https://open.spotify.com/track/0YEC3pNS0uIKvZb5u4lgsu,391693,1990.0
Island Girl,Elton John,,,
Haven't Met You Yet,Michael Buble,https://open.spotify.com/track/4fIWvT19w9PR0VVBuPYpWA,244586,2009.0
How It's Done,"""HUNTR/X: EJAE, Audrey Nuna & REI AMI""",https://open.spotify.com/track/3RXUgPNIbUgFxsDWuBQEt6,176059,2025.0
I Cry,Flo Rida,https://open.spotify.com/track/3zrYNl1aMdFrQkcOjKVr5u,223800,2012.0
One Of Us,Joan Osborne,https://open.spotify.com/track/1xNmF1Uep5OGutizZSbKvd,320466,1995.0
I Get The Bag,Gucci Mane Featuring Migos,,,
The Rose,Bette Midler,https://open.spotify.com/track/562JrM9b7jiu8LgzV62x3o,221373,1979.0
It Never Rains In Southern California,Albert Hammond,https://open.spotify.com/track/6tunhVGD8C05MZNjSVIsjw,233506,1972.0
Roses,OutKast,https://open.spotify.com/track/6bUNEbXT7HovLW6BgPCBsb,369573,2003.0
Cherish,Kool & The Gang,https://open.spotify.com/track/7ktxXsACTciz3gAtuzd1uV,238933,1999.0
I Shot The Sheriff,Eric Clapton,https://open.spotify.com/track/0UOxp1BpnD8uPQMKU4wKjz,263746,1974.0
Say You'll Be There,Spice Girls,https://open.spotify.com/track/1yTQ39my3MoNROlFw3RDNy,235973,1996.0
Criminal,Fiona Apple,https://open.spotify.com/track/6PNvv1dmDbOWrAYwEcuKBX,341533,1996.0
Robbery,Juice WRLD,https://open.spotify.com/track/6Hj9jySrnFppAI0sEMCZpJ,240050,2019.0
Exile,Taylor Swift Featuring Bon Iver,https://open.spotify.com/track/4pvb0WLRcMtbPGmtejJJ6y,285634,2020.0
It's So Hard To Say Goodbye To Yesterday,Boyz II Men,,,
Drive,The Cars,https://open.spotify.com/track/3wfujdbamR3Z46F4xav7LM,234493,1984.0
Blame It On The Rain,Milli Vanilli,https://open.spotify.com/track/0UUpyDCYzkziXJ1TM4awHM,248533,2011.0
Immigrant Song,Led Zeppelin,https://open.spotify.com/track/78lgmZwycJ3nzsdgmPPGNx,146250,1970.0
Last Kiss,Pearl Jam,https://open.spotify.com/track/0QnONzv3TvHAWk294h6DaQ,195466,1999.0
Runaway,Kanye West Featuring Pusha T,https://open.spotify.com/track/3DK6m7It6Pw857FcQftMds,547733,2010.0
Ladies Night,Kool & The Gang,https://open.spotify.com/track/11Lt8PurPHYXmCYUJLUK7a,208306,1999.0
Shake You Down,Gregory Abbott,https://open.spotify.com/track/6AyURVQJn9o8qwiYvE37nG,244373,1987.0
What The Hell,Avril Lavigne,https://open.spotify.com/track/2z4U9d5OAA4YLNXoCgioxo,220706,2011.0
"""You're The First, The Last, My Everything""",Barry White,https://open.spotify.com/track/3ZYO0HGRFFdAGeb8o7F9KC,212906,2018.0
Don't Let The Sun Go Down On Me,Elton John,https://open.spotify.com/track/11FcfHd3SOmmrWJPGe7Y30,336733,1974.0
Fooled Around And Fell In Love,Elvin Bishop,https://open.spotify.com/track/2hE5Lm5XOHR4t3xlhIFauP,276000,1975.0
Don't Know Much,Linda Ronstadt (Featuring Aaron Neville),https://open.spotify.com/track/5z3ZDMP02xF33yCvPFnct3,211973,1989.0
Material Girl,Madonna,https://open.spotify.com/track/22sLuJYcvZOSoLLRYev1s5,240280,2009.0
Hypnotized,Plies Featuring Akon,https://open.spotify.com/track/3LN41NUdHkyNqQhi9gExMm,188493,2007.0
True,Spandau Ballet,https://open.spotify.com/track/10I09MLZCY4pK37XxAfkw0,393386,1983.0
New Kid In Town,Eagles,https://open.spotify.com/track/6Zyz8lsnMFpIrCTuvGurCB,304925,1976.0
Real Love,Mary J. Blige,https://open.spotify.com/track/3XG801WWhqC753dekEBkMt,269973,1992.0
Standing Next To You,Jung Kook,https://open.spotify.com/track/2KslE17cAJNHTsI2MI0jb2,206019,2023.0
Dazzey Duks,Duice,,,
Eye In The Sky,The Alan Parsons Project,https://open.spotify.com/track/39qYD4J4BKvZMQgxfXl5bv,276280,1982.0
Back & Forth,Aaliyah,https://open.spotify.com/track/45wneA2j0Z0WMnYNDO6Ad0,231093,1994.0
One Less Lonely Girl,Justin Bieber,https://open.spotify.com/track/69ghzc538EQSVon2Gm3wrr,229106,2009.0
Girl Crush,Little Big Town,,,
Sleigh Ride,The Ronettes,https://open.spotify.com/track/7fUYUcWy853HS8YJn0b3Sr,181266,2020.0
22,Taylor Swift,https://open.spotify.com/track/0fuP0ykgrDSxk5odNU7Gy2,231866,2012.0
In The Summertime,Mungo Jerry,https://open.spotify.com/track/3RNyGLgSvmVRZ7xKUp8Wgd,215800,1970.0
Focus,Ariana Grande,,,
If You Don't Know Me By Now,Simply Red,https://open.spotify.com/track/7DFawVSjI88xR9mjnWwURg,204000,1989.0
When I See You Smile,Bad English,https://open.spotify.com/track/0tKjVEJlX3IZ5L1rEJc5hh,257440,1989.0
Rocky Mountain High,John Denver,https://open.spotify.com/track/1ne9wOtDF2jM6Cm8WBkaER,285797,1972.0
Fantastic Voyage,Coolio,,,
Symphony,Clean Bandit,https://open.spotify.com/track/72gv4zhNvRVdQA0eOenCal,212733,2018.0
Holly Holy,Neil Diamond,https://open.spotify.com/track/0wRCXAjEC4yr8ghGTqX6OB,280306,1969.0
Strawberry Letter 23,The Brothers Johnson,https://open.spotify.com/track/00kvKlIvfzQLSi6T2zwXuS,299066,1977.0
The Good Ones,Gabby Barrett,,,
Ride It.,Regard,https://open.spotify.com/track/2tnVG71enUj33Ic2nFN6kZ,157605,2019.0
Personal Jesus,Depeche Mode,https://open.spotify.com/track/2wUlYDGGXlSvm2NkGj0Qio,295960,1990.0
Do You Want To Know A Secret,The Beatles,https://open.spotify.com/track/7Aobt67JnaF7qN8jCCKvHq,117013,1963.0
Listen To The Music,The Doobie Brothers,https://open.spotify.com/track/7Ar4G7Ci11gpt6sfH9Cgz5,227266,1972.0
Shape Of My Heart,Backstreet Boys,https://open.spotify.com/track/35o9a4iAfLl5jRmqMX9c1D,230093,2000.0
Lost In Love,Air Supply,https://open.spotify.com/track/6MfVSA5iKBPHzo6RGARjL0,233866,1980.0
Yesterday Once More,Carpenters,https://open.spotify.com/track/3wM6RTAnF7IQpMFd7b9ZcL,233533,1973.0
(Now and Then There's) A Fool Such As I,Elvis Presley With The Jordanaires,,,
Popular,"""The Weeknd, Playboi Carti & Madonna""",https://open.spotify.com/track/6WzRpISELf3YglGAh7TXcG,215466,2023.0
Show Me,Kid Ink Featuring Chris Brown,https://open.spotify.com/track/2ztJRRWvvqGuSfSSQYZEXK,204795,2016.0
Yeah 3X,Chris Brown,https://open.spotify.com/track/0AUIjHlr9KfbVoemhhxHS6,241093,2010.0
Tonight Tonight,Hot Chelle Rae,https://open.spotify.com/track/2i0AUcEnsDm3dsqLrFWUCq,200466,2011.0
Beautiful Liar,Beyonce & Shakira,https://open.spotify.com/track/2HWWNoWEEEECwZhAiLg7ib,199853,2007.0
"Take My Breath Away (Love Theme From ""Top Gun"")",Berlin,https://open.spotify.com/track/77Oww6V7jooOd7aNEMnFJ3,251733,1986.0
High Road,Koe Wetzel & Jessie Murph,,,
Crazy For You,Madonna,https://open.spotify.com/track/6G7PVlifniapyhDCmWS2VM,225626,1990.0
Right Above It,Lil Wayne Featuring Drake,,,
People Are Crazy,Billy Currington,https://open.spotify.com/track/5JnLiuMgRAWoHYOhatFP3s,231360,2008.0
One,U2,https://open.spotify.com/track/3G69vJMWsX6ZohTykad2AU,276186,1991.0
White Horse,Chris Stapleton,https://open.spotify.com/track/5yKB8qcTSflDercM2PXwot,234440,2008.0
867-5309/jenny,Tommy Tutone,,,
I Know ?,Travis Scott,https://open.spotify.com/track/6wsqVwoiVH2kde4k4KKAFU,211582,2023.0
Rhiannon (Will You Ever Win),Fleetwood Mac,https://open.spotify.com/track/3kZUnG3jVpgwh3TQFdTv18,250360,1975.0
After The Love Has Gone,"""Earth, Wind & Fire""",https://open.spotify.com/track/3cfnGXJ9bmiWvFqEO6ff8B,278001,1979.0
Eres Mía,Romeo Santos,https://open.spotify.com/track/6I86RF3odBlcuZA9Vfjzeq,250640,2014.0
Pour Some Sugar On Me,Def Leppard,https://open.spotify.com/track/0PdM2a6oIjqepoEfcJo0RO,267306,1987.0
She Had Me At Heads Carolina,Cole Swindell,,,
Boyfriend,Dove Cameron,https://open.spotify.com/track/23eLvOQ3JxtdhRi9YyxRKQ,153000,2023.0
Still The One,Orleans,https://open.spotify.com/track/2dtK02TSAuTvVYU2wGAVG0,234040,1976.0
Dance With Me,Orleans,https://open.spotify.com/track/2GORop0i2cyx8C0A3JzL44,180479,1997.0
Wanted,Hunter Hayes,,,
In The Night,The Weeknd,https://open.spotify.com/track/25KybV9BOUlvcnv7nN3Pyo,235653,2015.0
Echame La Culpa,Luis Fonsi & Demi Lovato,https://open.spotify.com/track/2hl6q70unbviGo3g1R7uFx,173720,2017.0
1985,Bowling For Soup,https://open.spotify.com/track/5oQcOu1omDykbIPSdSQQNJ,193000,2004.0
I Feel For You,Chaka Khan,https://open.spotify.com/track/5yR9u8QiOt8hJaddv32oo7,343400,1984.0
As Good As I Once Was,Toby Keith,https://open.spotify.com/track/7G6l2FtQyRhQgYgut2I6i8,227840,2005.0
Sorry,Buckcherry,,,
Burnin' Up,Jonas Brothers,https://open.spotify.com/track/2VEsmoek0sol9MnJFyoG9e,175093,2008.0
Still The Same,Bob Seger & The Silver Bullet Band,https://open.spotify.com/track/1Ryxsiacu8pUXIMCVnIQ8J,203546,1978.0
The First Night,Monica,,,
This Is How We Roll,Florida Georgia Line Ft. Jason Derulo & Luke Bryan,,,
Step By Step,New Kids on the Block,https://open.spotify.com/track/6J6RWKCPN5RFKHUKEUFjxS,267293,1990.0
Eight Days A Week,The Beatles,https://open.spotify.com/track/1Dg4dFJr3HW7sbA7vPejre,163600,1964.0
Dracula,Tame Impala,,,
Every Little Thing She Does Is Magic,The Police,https://open.spotify.com/track/44aTAUBF0g6sMkMNE8I5kd,260573,1981.0
Back To Black,Amy Winehouse,https://open.spotify.com/track/30FURVTCpbKyykjSEQzGkH,240440,2006.0
Every Rose Has Its Thorn,Poison,https://open.spotify.com/track/5qaSekPPKHIEA1Yn0qkCaC,260224,1988.0
This Is Me,Keala Settle & The Greatest Showman Ensemble,https://open.spotify.com/track/2xGjteMU3E1tkEPVFBO08U,234706,2017.0
Cecilia,Simon & Garfunkel,https://open.spotify.com/track/6QhXQOpyYvbpdbyjgAqKdY,174717,1970.0
Redrum,21 Savage,https://open.spotify.com/track/52eIcoLUM25zbQupAZYoFh,270697,2024.0
Have I Told You Lately,Rod Stewart,https://open.spotify.com/track/6mIY6O7uNGgVqOoX70UAYh,241506,1991.0
Tired Of Being Alone,Al Green,https://open.spotify.com/track/10vkYRKw6Jjr7try1ir50G,172320,1971.0
Hey Mr. D.J.,Zhane,https://open.spotify.com/track/6eB35pgMXdfhz5Z0WjwF1O,252400,1994.0
Ayo,Chris Brown & Tyga,https://open.spotify.com/track/0k6DnZMLoEUH8NGD5zh2SE,225226,2015.0
Let's Dance,David Bowie,https://open.spotify.com/track/3ix6K4wZY29bCujrSznwFZ,457675,1983.0
What It Sounds Like,"""HUNTR/X: EJAE, Audrey Nuna & REI AMI""",https://open.spotify.com/track/5sBDrrtLGbV64QJnEqfjer,250268,2025.0
Life Is A Highway,Tom Cochrane,https://open.spotify.com/track/7jIFGkTBIK1UwWaEXMW2Nh,266080,1991.0
Guilty,Barbra Streisand & Barry Gibb,https://open.spotify.com/track/60mGckXEG1EzR4VmjYLfEW,266533,1980.0
Just A Kiss,Lady Antebellum,https://open.spotify.com/track/5CR95JVlItpP3WaAIJUskm,214440,2011.0
Penny Lane,The Beatles,https://open.spotify.com/track/5RStjc42UAYI2NMY3cYpgz,180893,1967.0
Ella Baila Sola,Eslabon Armado X Peso Pluma,https://open.spotify.com/track/3qQbCzHBycnDpGskqOWY0E,165671,2023.0
Somebody's Watching Me,Rockwell,https://open.spotify.com/track/6hci8n9UowepjRmCc6CKTv,238773,1993.0
Monster,Shawn Mendes & Justin Bieber,https://open.spotify.com/track/1HbA4N1MiOsPthALesGFR1,178994,2020.0
Can't Buy Me Love,The Beatles,https://open.spotify.com/track/3SdingSsFcZDZAyvcJbgAw,131866,1964.0
Another Love,Tom Odell,https://open.spotify.com/track/3JvKfv6T31zO0ini8iNItO,244360,2013.0
I'm So Into You,SWV,,,
(You're the) Devil In Disguise,Elvis Presley With The Jordanaires,https://open.spotify.com/track/2hEwjc5DZVPcC4cVVBuMr5,141654,1968.0
Fifteen,Taylor Swift,https://open.spotify.com/track/5Ora3Ish2A1JN5veGYTxhw,294346,2008.0
Waiting For A Girl Like You,Foreigner,https://open.spotify.com/track/2OgVsp77En2nju8pnCieVU,292066,1981.0
She Wolf,Shakira,https://open.spotify.com/track/4cS2HQ6jK80vqdY9ofpztx,188866,2009.0
Electric Avenue,Eddy Grant,,,
I Know What You Did Last Summer,Shawn Mendes & Camila Cabello,https://open.spotify.com/track/2GyA33q5rti5IxkMQemRDH,223853,2015.0
Starting Over,Chris Stapleton,https://open.spotify.com/track/5y0YreEOnQiKFAnCrcFIXz,236546,1980.0
Diva,Beyonce,https://open.spotify.com/track/6GQuF9vzJAVs7fYN9ftBdP,200320,2008.0
One Of Them Girls,Lee Brice,,,
The Greatest,Sia Featuring Kendrick Lamar,https://open.spotify.com/track/7xHWNBFm6ObGEQPaUxHuKO,210226,2016.0
Groove Is In The Heart,Deee-Lite,https://open.spotify.com/track/2He3NOyqtLNE3RQPpeDdSb,231786,1990.0
The Way Life Goes,Lil Uzi Vert Featuring Nicki Minaj,https://open.spotify.com/track/2eAZfqOm4EnOF9VvN50Tyc,221746,2017.0
Show Me The Way,Peter Frampton,https://open.spotify.com/track/6BD1X1PeV5UzYUdiVaD2yL,243266,1975.0
Lonely No More,Rob Thomas,https://open.spotify.com/track/4faFAhOflLzhfJECveRwva,226640,2005.0
Trip,Ella Mai,https://open.spotify.com/track/6CTWathupIiDs7U4InHnDA,213993,2018.0
Say Hey (I Love You),Michael Franti & Spearhead Featuring Cherine Anderson,https://open.spotify.com/track/383B8ksM58jbV3HbiRJo0K,235760,2008.0
Somebody Like You,Keith Urban,https://open.spotify.com/track/0b9djfiuDIMw1zKH6gV74g,323040,2002.0
No Such Thing,John Mayer,https://open.spotify.com/track/6Vecwo7AHst9V2CE3kmwr0,231466,2001.0
Miami,Will Smith,https://open.spotify.com/track/6e8Ou0wiqAzIpWb2eSxll8,197560,1997.0
Dirt Road Anthem,Jason Aldean,,,
Hold On,Justin Bieber,https://open.spotify.com/track/1nahzW3kfMuwReTka28tH5,170813,2021.0
La Bachata,Manuel Turizo,https://open.spotify.com/track/5ww2BF9slyYgNOk37BlC4u,162637,2022.0
One Thing At A Time,Morgan Wallen,,,
Hard To Say I'm Sorry,Az Yet Featuring Peter Cetera,https://open.spotify.com/track/2u3K5ImL5pQOsjYH8sszUG,194293,2002.0
The One That You Love,Air Supply,https://open.spotify.com/track/3FDAd5vW4P7xe1GBNOLyfD,259000,1981.0
Love Runs Out,OneRepublic,https://open.spotify.com/track/3cOO5IQtOYs7huq4Z6lYfr,224853,2014.0
How Do U Want It/California Love,2Pac Featuring K-Ci And JoJo,,,
Cowboy Casanova,Carrie Underwood,,,
Confident,Demi Lovato,https://open.spotify.com/track/3DXXKDbbZKyAZfNb96ST3q,205745,2015.0
Mmm Mmm Mmm Mmm,Crash Test Dummies,https://open.spotify.com/track/31v2AQlx4pDI7kmnLxBkem,235173,1993.0
Love Grows (Where My Rosemary Goes),Edison Lighthouse,https://open.spotify.com/track/5Ts1DYOuouQLgzTaisxWYh,174760,1970.0
Everything She Wants,Wham!,https://open.spotify.com/track/5hXEcqQhEjfZdbIZLO8mf2,302693,1984.0
"""Say You, Say Me""",Lionel Richie,https://open.spotify.com/track/17CPezzLWzvGfpZW6X8XT0,241066,1986.0
You And I,Lady Gaga,https://open.spotify.com/track/1ADciGUxOaUbBFd0rpYx7d,307360,2011.0
One Of The Girls,"""The Weeknd, JENNIE & Lily-Rose Depp""",https://open.spotify.com/track/1VNWdmXSbaNrnWod10WIL0,244684,2024.0
Berzerk,Eminem,https://open.spotify.com/track/06aw4JI5nYa8XBeBKVrltZ,238746,2013.0
Natural High,Bloodstone,,,
Heartache Tonight,Eagles,https://open.spotify.com/track/2bzgKuK3pVez40qUvo8sYr,265678,1979.0
I Hate This Part,The Pussycat Dolls,https://open.spotify.com/track/3tSuRiNgJmMqmYR23dCqnR,218400,2008.0
He Wasn't Man Enough,Toni Braxton,https://open.spotify.com/track/7f1Dmr246cJ9uQYdbplTbh,261933,2000.0
Deja Vu,Beyonce Featuring Jay Z,https://open.spotify.com/track/1E84SRUQzCOYjEXTIU9alA,239960,2006.0
Shining Star,The Manhattans,https://open.spotify.com/track/0RgcOUQg4qYAEt9RIdf3oB,170212,1975.0
Party All The Time,Eddie Murphy,,,
Pop Out,Polo G Featuring Lil Tjay,https://open.spotify.com/track/6uFn47ACjqYkc0jADwEdj1,166560,2019.0
If You Love Me,Brownstone,https://open.spotify.com/track/0BTGqPIW9acmhhUmENkq5r,304160,1993.0
Me And My Broken Heart,Rixton,https://open.spotify.com/track/2rJojRundKuKFgbvmCAYva,193826,2014.0
My Love Is The Shhh!,Somethin' For The People Featuring Trina & Tamara,,,
Headstrong,Trapt,https://open.spotify.com/track/1AEYT6VxrxXPMoQUxsY0E4,286000,2002.0
Fox On The Run,Sweet,https://open.spotify.com/track/4uip0lLkMKl1nwchsdXs1r,207666,1974.0
Love.,Kendrick Lamar Featuring Zacari,,,
No More Tears (Enough Is Enough),Barbra Streisand/Donna Summer,,,
Love Me Not,Ravyn Lenae,https://open.spotify.com/track/4WFgvKVfEhb3IUAFGrutTR,213466,2024.0
Cupid,Fifty Fifty,https://open.spotify.com/track/7FbrGaHYVDmfr7KoLIZnQ7,174253,2023.0
Take What You Want,Post Malone Featuring Ozzy Osbourne & Travis Scott,https://open.spotify.com/track/7CZyCXKG6d5ALeq41sLzbw,229573,2019.0
Woman,John Lennon,https://open.spotify.com/track/0GGxVTb0UwDwdaKNjBdCn3,212933,1980.0
Dedicated To The One I Love,The Mamas & The Papas,https://open.spotify.com/track/1mFrjW8e8fuAOowlU3Q3Dr,178733,1967.0
Galway Girl,Ed Sheeran,https://open.spotify.com/track/0afhq8XCExXpqazXczTSve,170826,2017.0
The Boys Are Back In Town,Thin Lizzy,https://open.spotify.com/track/43DeSV93pJPT4lCZaWZ6b1,266720,1976.0
Angel Of The Morning,Juice Newton,https://open.spotify.com/track/11y8GSP2ASv8S9n0FiiDva,250440,1981.0
Remember When,Alan Jackson,https://open.spotify.com/track/1oZ6Rg6AiSTuqQ1oBtRPnu,270600,2006.0
Blue Ain't Your Color,Keith Urban,,,
Outta Control (Remix),50 Cent Feat. Mobb Deep,https://open.spotify.com/track/2uhnzF1F605tp9QS6rH2VW,247506,2005.0
Hey Daddy (Daddy's Home),Usher Featuring Plies,https://open.spotify.com/track/030OCtLMrljNhp8OWHBWW3,224093,2010.0
Like A Virgin,Madonna,https://open.spotify.com/track/1ZPlNanZsJSPK5h9YZZFbZ,218626,1984.0
Bent,Matchbox Twenty,https://open.spotify.com/track/6fA7akEuTUL3dW1V0GELaZ,256133,2000.0
Use Me,Bill Withers,https://open.spotify.com/track/4gRA0i5sxx3jAhHaVjPnUN,228326,1972.0
Feather,Sabrina Carpenter,https://open.spotify.com/track/2Zo1PcszsT9WQ0ANntJbID,185552,2023.0
Not Over You,Gavin DeGraw,https://open.spotify.com/track/6j7hih15xG2cdYwIJnQXsq,218520,2011.0
I Want You To Want Me,Cheap Trick,https://open.spotify.com/track/1JkZg3eMQTmTn93E8Yd3UL,191882,1977.0
That's My Kind Of Night,Luke Bryan,,,
Family Ties,Baby Keem & Kendrick Lamar,https://open.spotify.com/track/76lVWU084mEPxGuRwxHE1K,252262,2022.0
Money,Pink Floyd,https://open.spotify.com/track/7Gx2q0ueNwvDp2BOZYGCMO,380080,1973.0
Never Let You Go,Third Eye Blind,https://open.spotify.com/track/1sxUaLi0G2vB7dl4ogtCxH,237240,1999.0
We Will Rock You,Queen,https://open.spotify.com/track/4pbJqGIASGPr0ZpGpnWkDn,122066,1977.0
Get Back,Ludacris,https://open.spotify.com/track/3njpLvANriMsdv3dgADEad,270746,2004.0
"""Can't Get Enough Of Your Love, Babe""",Barry White,https://open.spotify.com/track/3mWpUEBYnv9SIFWfixSJFx,274000,1974.0
Oh My God,Adele,https://open.spotify.com/track/3Kkjo3cT83cw09VJyrLNwX,225148,2021.0
Pure Water,Mustard & Migos,https://open.spotify.com/track/3j84U36KvLeXNDPv4t5pI8,192470,2019.0
The Git Up,Blanco Brown,,,
Don't Forget About Us,Mariah Carey,https://open.spotify.com/track/0zgxPpepVRLg7tsADfboLt,233866,2005.0
Still D.R.E.,Dr. Dre Featuring Snoop Dogg,https://open.spotify.com/track/503OTo2dSqe7qk76rgsbep,270586,1999.0
If I Could Turn Back Time,Cher,https://open.spotify.com/track/6mYrhCAGWzTdF8QnKuchXM,239826,1989.0
I Love This Bar,Toby Keith,https://open.spotify.com/track/32jHB7W9b08OTorAqR0cJo,335333,2003.0
Shout,Tears for Fears,https://open.spotify.com/track/2gQaQUhDCNGfBVXTvxAmXQ,393666,1985.0
Take It Off,Ke$ha,https://open.spotify.com/track/5UWB4UcasxL1TFZiAXegAw,215200,2010.0
All Girls Are The Same,Juice WRLD,https://open.spotify.com/track/4VXIryQMWpIdGgYR4TrjT1,165819,2018.0
For Free,DJ Khaled Featuring Drake,,,
Shine,Collective Soul,https://open.spotify.com/track/6emdJW80SbDBMuHci8PJJn,306040,1994.0
Piece Of Me,Britney Spears,https://open.spotify.com/track/2EvwLVrnYbCZEG6Kx5DCRy,212106,2007.0
Can We Talk,Tevin Campbell,https://open.spotify.com/track/3eRE1KwnUma75nu1HhoNY4,284080,1993.0
Me Rehúso,Danny Ocean,https://open.spotify.com/track/6ifUES3keWjwXgae8pXI3o,205714,2019.0
Praise The Lord (Da Shine),A$AP Rocky Featuring Skepta,https://open.spotify.com/track/7ycWLEP1GsNjVvcjawXz3z,205813,2018.0
I'm Your Baby Tonight,Whitney Houston,https://open.spotify.com/track/3SmPl0CGxvvkQCrTv7edEE,299426,1990.0
Lady Madonna,The Beatles,https://open.spotify.com/track/1raiIrqaqRAqZmQWZlLuBd,136826,2000.0
Sand In My Boots,Morgan Wallen,,,
U Know What's Up,Donell Jones,https://open.spotify.com/track/5PMKzsUsTpZZGsCcJBuhP2,243733,1999.0
It's Been Awhile,Staind,https://open.spotify.com/track/1BExV8JprNJLvLeDE9qdEW,264706,2001.0
The Nights,Avicii,https://open.spotify.com/track/0ct6r3EGTcMLPtrXHDvVjc,176658,2014.0
"""I Like It, I Love It""",Tim McGraw,https://open.spotify.com/track/3IvcWWehbBcBR4YZxlGM9R,205706,1995.0
Solo,Clean Bandit Featuring Demi Lovato,https://open.spotify.com/track/3NuK5xMlSlB6K2Qp16zf3h,222706,2018.0
Used To Be Young,Miley Cyrus,,,
Hey Lover,LL Cool J,https://open.spotify.com/track/38VXcoyksXlWBJtWQzNPbs,284733,1995.0
Higher Love,Kygo X Whitney Houston,https://open.spotify.com/track/1kKYjjfNYxE0YYgLa7vgVY,228267,2020.0
Untouched,The Veronicas,https://open.spotify.com/track/40bm28QcJT5My540ymSQ2y,255360,2005.0
Chihiro,Billie Eilish,https://open.spotify.com/track/7BRD7x5pt8Lqa1eGYC4dzj,303440,2024.0
Take It Easy,Eagles,https://open.spotify.com/track/4yugZvBYaoREkJKtbG08Qr,211577,1972.0
God Only Knows,The Beach Boys,https://open.spotify.com/track/6iGU74CwXuT4XVepjc9Emf,173040,1966.0
Brave,Sara Bareilles,https://open.spotify.com/track/6Uy6K3KdmUdAfelUp0SeXn,220573,2013.0
"""Fun, Fun, Fun""",The Beach Boys,,,
Con Altura,ROSALÍA,https://open.spotify.com/track/2qG5sZ7Si6sdK74qLxedYM,161626,2019.0
Bootylicious,Destiny's Child,https://open.spotify.com/track/09mkdGhqb5ySKVsnkx9hy2,207733,2001.0
The Way You Do The Things You Do,UB40,https://open.spotify.com/track/04PydaEH97XN7YohGteKpK,182533,1989.0
My Life Would Suck Without You,Kelly Clarkson,https://open.spotify.com/track/4Dm32oO01YpIubCHaAtKkN,211493,2009.0
Where Them Girls At,David Guetta Featuring Flo Rida & Nicki Minaj,https://open.spotify.com/track/1Etdq9veihusHBIemDgxO2,210080,2011.0
Stroke You Up,Changing Faces,,,
Suge,DaBaby,https://open.spotify.com/track/2gwkD6igEhQbDQegRCcdoB,163320,2019.0
Saturday In The Park,Chicago,https://open.spotify.com/track/4OJFkrRQqol4FsPesF8eu4,235666,1972.0
Uprising,Muse,https://open.spotify.com/track/4VqPOruhp5EdPBeR92t6lQ,304840,2009.0
Supalonely,BENEE Featuring Gus Dapperton,https://open.spotify.com/track/3GZoWLVbmxcBys6g0DLFLf,223488,2020.0
My Way,Usher,,,
All The Things She Said,t.A.T.u.,https://open.spotify.com/track/4bJygwUKrRgq1stlNXcgMg,214440,2002.0
I Need A Doctor,Dr. Dre Featuring Eminem & Skylar Grey,https://open.spotify.com/track/1aUT4xl8iiYNr6emik4qTB,283733,2011.0
All My Life,K-Ci & JoJo,https://open.spotify.com/track/5GorFaKkP2mLREQvhSblIg,331240,1997.0
I'm On One,"""DJ Khaled Featuring Drake, Rick Ross & Lil Wayne""",,,
Even Though I'm Leaving,Luke Combs,,,
All-American Girl,Carrie Underwood,https://open.spotify.com/track/2dRPQFwPqAmc42mDRnsDQu,213253,2007.0
We Fly High,Jim Jones,,,
Then,Brad Paisley,https://open.spotify.com/track/3XKbdb9GB6u3hsnUklQTav,321616,2009.0
I Don't Wanna Be In Love (Dance Floor Anthem),Good Charlotte,https://open.spotify.com/track/36UVZPoK8a1Oxh13cY8kOp,244000,2007.0
Elvira,The Oak Ridge Boys,,,
Biggest Part Of Me,Ambrosia,https://open.spotify.com/track/6JHXiRD1QjMK1N6AQEnL04,324040,1980.0
Give A Little Bit,Supertramp,https://open.spotify.com/track/6XUHsYE38CEbYunT983O9G,248173,1977.0
Russian Roulette,Rihanna,https://open.spotify.com/track/3rMsX63C0IZVnOT5LGYoTH,227533,2009.0
Animal I Have Become,Three Days Grace,https://open.spotify.com/track/5eFxwmqKrHpSQDOEIFYlgY,231400,2006.0
Miss You Much,Janet Jackson,https://open.spotify.com/track/062mh4qAZyDV9dIQK70iu0,252426,1989.0
When I Think Of You,Janet Jackson,,,
"In The Still Of The Nite (From ""The Jacksons"")",Boyz II Men,https://open.spotify.com/track/6XriyFFLuomM8z2qmKKmpl,169306,2001.0
It's The Most Wonderful Time Of The Year,Andy Williams,https://open.spotify.com/track/5hslUAKq9I9CG2bAulFkHN,152570,1963.0
Yukon,Justin Bieber,,,
Too Many Nights,Metro Boomin Featuring Don Toliver & Future,https://open.spotify.com/track/2Hh3ETdQKrmSI3QS0hme7g,199920,2022.0
Picture,Kid Rock Featuring Sheryl Crow Or Allison Moorer,https://open.spotify.com/track/69j0KoPJuwpnbGWrfn7Yll,298960,2001.0
"""Sorry, Blame It On Me""",Akon,https://open.spotify.com/track/6m5jURnwGHY1pVw0sJqBBq,295720,2006.0
Shirt,SZA,https://open.spotify.com/track/4iu0UT9hX4c3xS9dFTgX46,181840,2024.0
I Don't Ever Want To See You Again,Uncle Sam,,,
7 Things,Miley Cyrus,https://open.spotify.com/track/5ecZWU5uQOiCVSnPxBZNmT,213453,2008.0
Master Of Puppets,Metallica,https://open.spotify.com/track/2MuWTIM3b0YEAskbeeFE1i,515386,1986.0
Ain't Too Proud To Beg,The Temptations,https://open.spotify.com/track/4CoGNqLap7UGU5Q3VdKug0,156173,1966.0
Chicago Freestyle,Drake Featuring Giveon,https://open.spotify.com/track/4wVOKKEHUJxHCFFNUWDn0B,220487,2020.0
Austin,Blake Shelton,https://open.spotify.com/track/2WQAknZHrJAEQOFXe0F44P,230333,2001.0
"""Father Stretch My Hands, Pt. 1""",Kanye West,https://open.spotify.com/track/4KW1lqgSr8TKrvBII0Brf8,135920,2016.0
Tell Her About It,Billy Joel,https://open.spotify.com/track/0RfdoNWHJbZxAI3sOWS8Q7,229133,2001.0
Let Me Down Slowly,Alec Benjamin + Alessia Cara,https://open.spotify.com/track/2qxmye6gAegTMjLKEBoR3d,169353,2018.0
It's Beginning To Look A Lot Like Christmas,Michael Buble,https://open.spotify.com/track/1rv46mRwDqMEhOBZ7vODg3,207199,2011.0
If I Can Dream,Elvis Presley,https://open.spotify.com/track/1Uxk2dxmATlKH5quLX2iFG,200057,1968.0
Love Is A Battlefield,Pat Benatar,https://open.spotify.com/track/4wYqPn3Kg3vZrkVgW2oqAG,245400,2001.0
bellyache,Billie Eilish,https://open.spotify.com/track/1ni8ZTAY1GHXEFOGHl7fdg,179172,2017.0
Overnight Celebrity,Twista,https://open.spotify.com/track/2tOZtdbkAMQASWokLvSlzj,233360,2004.0
Alone,Marshmello,,,
I Just Might,Bruno Mars,,,
This Town,Niall Horan,https://open.spotify.com/track/0qvzXomUDJVaUboy2wMfiS,232852,2017.0
No Time To Die,Billie Eilish,,,
Drunk On You,Luke Bryan,,,
Frozen,Madonna,https://open.spotify.com/track/2II03llydk4YnkBBvoYB3B,367333,1998.0
See You Again,"""Tyler, The Creator Featuring Kali Uchis""",https://open.spotify.com/track/7KA4W4McWYRpgf0fWsJZWB,180386,2017.0
Differences,Ginuwine,https://open.spotify.com/track/0Uyh92tLyb9JawG8lmWCzJ,265533,2001.0
Bed,J. Holiday,https://open.spotify.com/track/6TlRNJaezOdzdECnQeRuMM,275106,2007.0
Stand Up,Ludacris Featuring Shawnna,,,
Summer Nights,"""John Travolta, Olivia Newton-John & Grease Cast""",https://open.spotify.com/track/2AVkArcfALVk2X8sfPRzya,216906,1978.0
Te Bote,"""Casper Magico, Nio Garcia, Darell, Nicky Jam, Ozuna & Bad Bunny""",https://open.spotify.com/track/3V8UKqhEK5zBkBb6d6ub8i,417920,2018.0
You Give Good Love,Whitney Houston,,,
One More Night,Phil Collins,https://open.spotify.com/track/6fkvIT9KFKxO8poBeKfaEf,288973,1985.0
Can't Fight This Feeling,REO Speedwagon,https://open.spotify.com/track/5WwqdeavrQrbeAMDxGawse,294773,1984.0
So Emotional,Whitney Houston,,,
Yellow Submarine,The Beatles,https://open.spotify.com/track/6NqtddM4j4X9dG75yOmy0S,159720,1969.0
One Thing Right,Marshmello & Kane Brown,https://open.spotify.com/track/4hPpVbbakQNv8YTHYaOJP4,181823,2019.0
Lavender Haze,Taylor Swift,https://open.spotify.com/track/4g2c7NoTWAOSYDy44l9nub,202395,2022.0
A Bay Bay,Hurricane Chris,,,
Reminder,The Weeknd,https://open.spotify.com/track/37F0uwRSrdzkBiuj0D5UHI,218880,2016.0
Promise,Ciara,https://open.spotify.com/track/2foKQn911DUT6yi2eoTQ5U,267413,2006.0
Fighter,Christina Aguilera,https://open.spotify.com/track/7nXq1vaZiz7PdbfojpPjW5,245960,2002.0
Eenie Meenie,Sean Kingston & Justin Bieber,https://open.spotify.com/track/4vVTI94F9uJ8lHNDWKv0i2,201946,2010.0
I Got Stung,Elvis Presley,,,
Independent Women Part I,Destiny's Child,,,
Back At One,Brian McKnight,https://open.spotify.com/track/6mwA6YiKDjAUG8kWvRRUPh,263666,1999.0
Shake It Off,Mariah Carey,https://open.spotify.com/track/6rJQTvhKl5GSEA8SWW7t1X,232840,2005.0
Wait In The Truck,HARDY Featuring Lainey Wilson,,,
Broadway Girls,Lil Durk Featuring Morgan Wallen,https://open.spotify.com/track/7qTaDOcld0VmBWXnkbUj45,185600,2022.0
Stupid Love,Lady Gaga,https://open.spotify.com/track/2kJu14V7hbZw3I4K8L8SXb,193530,2020.0
God's Country,Blake Shelton,,,
Are You Gonna Be My Girl,Jet,https://open.spotify.com/track/305WCRhhS10XUcH6AEwZk6,213800,2003.0
Friday I'm In Love,The Cure,https://open.spotify.com/track/4QlzkaRHtU8gAdwqjWmO8n,215160,1992.0
Pour It Up,Rihanna,https://open.spotify.com/track/5r67bGhYXZNqk2m2Wupfmu,161200,2012.0
The Groove Line,Heatwave,,,
Behind Closed Doors,Charlie Rich,,,
Mystical Magical,Benson Boone,https://open.spotify.com/track/2ipIPsgrgd0j2beDf4Ki70,165746,2025.0
Let's Go,Trick Daddy Featuring Lil Jon & Twista,https://open.spotify.com/track/1fLibtVj3MrNTwRZq5yUOs,222200,2004.0
Wonder,Shawn Mendes,https://open.spotify.com/track/7rV6w1rff0TA61omGxvcCB,172692,2020.0
Put On,Young Jeezy Featuring Kanye West,https://open.spotify.com/track/5dANgSy7v091dhiPnEXNrf,321293,2008.0
Here And Now,Luther Vandross,,,
Every Little Step,Bobby Brown,https://open.spotify.com/track/0s6e7ZafqOAUBDoQYGmxrc,237240,1988.0
I Love College,Asher Roth,https://open.spotify.com/track/1akgiRM3mN2nxu2AX6ACCW,241933,2009.0
Chill Bill,Rob $tone Featuring J. Davi$ & Spooks,https://open.spotify.com/track/5uDASfU19gDxSjW8cnCaBp,177184,2016.0
Rich Baby Daddy,Drake Featuring Sexyy Red & SZA,https://open.spotify.com/track/1yeB8MUNeLo9Ek1UEpsyz6,319191,2023.0
Someday,Nickelback,https://open.spotify.com/track/4PkJ7c9y1CwpuVOiJODnCZ,207466,2003.0
Despecha,ROSALIA,https://open.spotify.com/track/53tfEupEzQRtVFOeZvk7xq,156787,2022.0
Hit Me With Your Best Shot,Pat Benatar,https://open.spotify.com/track/0vOkmmJEtjuFZDzrQSFzEE,171266,1980.0
I Don't Mind,Usher Featuring Juicy J,,,
Through The Wire,Kanye West,https://open.spotify.com/track/4mmkhcEm1Ljy1U9nwtsxUo,221226,2004.0
Boys 'Round Here,Blake Shelton Featuring Pistol Annies & Friends,,,
People Everyday,Arrested Development,https://open.spotify.com/track/1nSUJWYRqsafI8Bh1X0ypp,298773,2003.0
"I Want Your Sex (From ""Beverly Hills Cop II"")",George Michael,https://open.spotify.com/track/6QnFHieoch6U9J8zfv6hml,557293,1987.0
Dance (A$$),Big Sean Featuring Nicki Minaj,https://open.spotify.com/track/33yAEqzKXexYM3WlOYtTfQ,242266,2007.0
Heaven Must Be Missing An Angel (part 1),Tavares,https://open.spotify.com/track/0PBvvjD1p3TcH369HIbDx9,393013,1976.0
Back To December,Taylor Swift,https://open.spotify.com/track/5l6GqSxplqnZbLg0LTPQeG,293040,2010.0
Animal,Neon Trees,https://open.spotify.com/track/0l4DTppOxy7NUaEcwXuOb6,212306,2010.0
Smokin Out The Window,Silk Sonic (Bruno Mars & Anderson .Paak),https://open.spotify.com/track/3xVZYkcuWalGudeKl861wb,197442,2021.0
Just Like Fire,P!nk,https://open.spotify.com/track/7K5dzhGda2vRTaAWYI3hrb,215413,2016.0
Landslide (Live 1997),Fleetwood Mac,https://open.spotify.com/track/5ihS6UUlyQAfmp48eSkxuQ,199493,1975.0
All The Way,BigXthaPlug Featuring Bailey Zimmerman,https://open.spotify.com/track/2tA4QxWuga3lRPDBiEWVOn,221240,2014.0
Take Me Out,Franz Ferdinand,https://open.spotify.com/track/20I8RduZC2PWMWTDCZuuAN,237026,2004.0
1234,Feist,https://open.spotify.com/track/49CP2usyaN98EdtrOWXnal,183666,2007.0
Rain Over Me,Pitbull Featuring Marc Anthony,https://open.spotify.com/track/2cZrrQMjB63c0iIugYH9zS,231573,2011.0
Wishing Well,Juice WRLD,https://open.spotify.com/track/2U5WueTLIK5WJLD7mvDODv,194621,2020.0
Robarte un Beso,Carlos Vives,https://open.spotify.com/track/0JcNysfWVWaMS7R6vzGB2k,194742,2017.0
30 For 30,SZA With Kendrick Lamar,,,
Everywhere,Fleetwood Mac,https://open.spotify.com/track/254bXAqt3zP6P50BdQvEsq,226653,1987.0
Take It On The Run,REO Speedwagon,https://open.spotify.com/track/5gys5nzVQIYhgHIfiOJYva,239680,1980.0
Mr. Saxobeat,Alexandra Stan,https://open.spotify.com/track/7jaSSARL6ZLVuD4NePLHlo,195105,2011.0
I Wanna Go,Britney Spears,,,
What You Want,Mase Featuring Total,https://open.spotify.com/track/6hxn98poTu1O4YZfafvC18,242946,1997.0
Two Is Better Than One,Boys Like Girls Featuring Taylor Swift,https://open.spotify.com/track/1MaqkdFNIKPdpQGDzme5ss,242840,2009.0
I Can Do It With A Broken Heart,Taylor Swift,https://open.spotify.com/track/4q5YezDOIPcoLr8R81x9qy,218004,2024.0
Ain't 2 Proud 2 Beg,TLC,,,
Killing Me Softly With His Song,Fugees,https://open.spotify.com/track/0Q0IVlqMV64kNLlwjPj0Hl,298666,1996.0
Nowhere Man,The Beatles,https://open.spotify.com/track/5SUlhldQJtOhUr2GzH5RI7,163693,1965.0
Somebody,Natalie La Rose Featuring Jeremih,https://open.spotify.com/track/0pn6qyOJYNwP9nhGg3L7dV,189906,2014.0
Hard,Rihanna Featuring Jeezy,,,
You Can Call Me Al,Paul Simon,https://open.spotify.com/track/0qxYx4F3vm1AOnfux6dDxP,280586,1986.0
Gettin' Jiggy Wit It,Will Smith,https://open.spotify.com/track/0weAUscowxeqDtpCgtbpgp,227933,1997.0
Indian Outlaw,Tim McGraw,https://open.spotify.com/track/1fYypIR0kaFzaSRbzvtjl9,182120,1994.0
Hold On,Wilson Phillips,https://open.spotify.com/track/4VZDv8sASBS8UruUBGTFdk,266866,1990.0
Country Girl (Shake It For Me),Luke Bryan,https://open.spotify.com/track/0JbSghVDghtFEurrSO8JrC,225560,2011.0
Come As You Are,Nirvana,https://open.spotify.com/track/0MKGH8UMfCnq5w7nG06oM5,218920,1991.0
Another Night,Real McCoy,https://open.spotify.com/track/0gggjVyUJd90tYzAnmBjFV,236933,1995.0
Cool,Gwen Stefani,https://open.spotify.com/track/4QvTOAIVxL3NGgrIYU97pj,189333,2004.0
POWER,Kanye West,https://open.spotify.com/track/2gZUPNdnz5Y45eiGxpHGSc,292093,2010.0
Walk On The Wild Side,Lou Reed,https://open.spotify.com/track/5p3JunprHCxClJjOmcLV8G,255875,1972.0
Everything You Want,Vertical Horizon,https://open.spotify.com/track/4cKGldbhGJniI8BrB3K6tb,257066,1999.0
Way Down We Go,Kaleo,https://open.spotify.com/track/0y1QJc3SJVPKJ1OvFmFqe6,213706,2016.0
Eternal Flame,The Bangles,https://open.spotify.com/track/793zMrBCSBOYgD7JhYB97f,235666,1988.0
Lost In Your Eyes,Debbie Gibson,https://open.spotify.com/track/6PMDILZiYo4YzMBbE0dGK9,215146,1989.0
The Look,Roxette,https://open.spotify.com/track/2oWMI54r0qT4N8Xb4C76vq,237320,1988.0
Tell It To My Heart(Dub),Taylor Dayne,https://open.spotify.com/track/3YVPpVJvJG2EauXurPA90F,220880,1988.0
U And Dat,E-40 Featuring T-Pain & Kandi Girl,,,
Back In Time,Pitbull,https://open.spotify.com/track/42B7tsc3N17lBufA1tcTWa,207440,2012.0
Upside Down,Jack Johnson,https://open.spotify.com/track/0aJrYfARfCKzv6gXjhs4SZ,209546,2006.0
Lucky You,Eminem Featuring Joyner Lucas,https://open.spotify.com/track/60SdxE8apGAxMiRrpbmLY0,244679,2018.0
It's Like That,Mariah Carey,https://open.spotify.com/track/0HYtkDRLlCnJkMtEYEYJRK,203440,2005.0
Don't Stop The Party,Pitbull Featuring TJR,https://open.spotify.com/track/6WzHwmlEXBtygh04Q3Q91I,367413,2010.0
Tom's Diner,DNA Featuring Suzanne Vega,https://open.spotify.com/track/4sutLmjkVKRN6pOAMo2joC,227866,1998.0
Beverly Hills,Weezer,https://open.spotify.com/track/1yKu2MhpwzDXXH2tzG6xoa,196093,2005.0
Born To Die,Lana Del Rey,https://open.spotify.com/track/5wEreUfwxZxWnEol61ulIi,286253,2012.0
Never Really Over,Katy Perry,https://open.spotify.com/track/1IIV8jglA0klVZy17q665k,223297,2020.0
Alright,Darius Rucker,https://open.spotify.com/track/5JlH51YDYsGj2dyEJKKjcN,231920,2008.0
Black Velvet,Alannah Myles,https://open.spotify.com/track/1KU5EHSz04JhGg3rReGJ0N,287440,1989.0
She Looks So Perfect,5 Seconds of Summer,https://open.spotify.com/track/1CQ2cMfrmFM1YdfmjENKVE,202496,2014.0
Can't Remember To Forget You,Shakira Featuring Rihanna,https://open.spotify.com/track/7o1Pm9jpH0wFpN5g793Lnq,206866,2014.0
Sussudio,Phil Collins,https://open.spotify.com/track/4qM461TqtpnP4GLRIXwEnW,263106,1985.0
I Don't Care,Fall Out Boy,https://open.spotify.com/track/26VG1uCazw9xtVnq8A1vtd,214493,2008.0
Hold It Against Me,Britney Spears,https://open.spotify.com/track/7Dyq1bhhjknLKEGg4k5NLr,228826,2011.0
"""Lean Wit It, Rock Wit It""",Dem Franchize Boyz Featuring Lil Peanut & Charlay,,,
I Belong To You (Every Time I See Your Face),Rome,https://open.spotify.com/track/2zee8Zcesqwnnwliw2Jy8M,257733,1998.0
"On Our Own (From ""Ghostbusters II"")",Bobby Brown,,,
Respect Yourself,The Staple Singers,,,
Hanging By A Moment,Lifehouse,https://open.spotify.com/track/6jWLyg8AuMQ9LtIB2UlfOF,216360,2000.0
Livin' Thing,Electric Light Orchestra,https://open.spotify.com/track/2hdNya0b6Cc2YJ8IyaQIWp,211708,1976.0
Have You Ever Seen The Rain,Creedence Clearwater Revival,https://open.spotify.com/track/2LawezPeJhN4AWuSB0GtAU,160133,1970.0
No Love,Eminem Featuring Lil Wayne,https://open.spotify.com/track/0MCUkwn1vaGY9W3dCw5GbJ,299506,2010.0
On The Hotline,Pretty Ricky,https://open.spotify.com/track/3bsoEOP4NHEoeVbAAYdbaU,242586,2007.0
Be Her,Ella Langley,,,
The Great Escape,Boys Like Girls,https://open.spotify.com/track/4j2Z0fivH9kDUhqG69Z3Aa,206520,2006.0
I Wanna Know,Joe,https://open.spotify.com/track/1m2xMsxbtxv21Brome189p,296693,2000.0
I'm Still In Love With You,Sean Paul Featuring Sasha,https://open.spotify.com/track/3MhdH8PxqH1FuQp3HBptUI,273360,2002.0
Ransom,Lil Tecca,https://open.spotify.com/track/1lOe9qE0vR9zwWQAOk6CoO,131240,2019.0
Where Do Broken Hearts Go,Whitney Houston,https://open.spotify.com/track/7tLtIZclwLWk54PFAyDv5T,278853,1987.0
White Walls,Macklemore & Ryan Lewis Featuring ScHoolboy Q & Hollis,,,
EARFQUAKE,"""Tyler, The Creator""",https://open.spotify.com/track/5hVghJ4KaYES3BFUATCYn0,190072,2019.0
One More Try,George Michael,https://open.spotify.com/track/5932kbyNt445gDTT2chRUS,350666,1987.0
Can I Get A...,Jay-Z Featuring Amil (Of Major Coinz) & Ja,,,
Love Somebody,Maroon 5,https://open.spotify.com/track/0HnaqUxvHP5LaWdmWwJpiS,229813,2012.0
Chantaje,Shakira Featuring Maluma,https://open.spotify.com/track/6mICuAdrwEjh6Y6lroV2Kg,195840,2017.0
In My Bed,Dru Hill,,,
Harder To Breathe,Maroon 5,https://open.spotify.com/track/4V9JDRqKjN8F2HWdlEDxvI,173693,2002.0
All By Myself,Celine Dion,https://open.spotify.com/track/0gsl92EMIScPGV1AU35nuD,312306,1996.0
Best Thing I Never Had,Beyonce,https://open.spotify.com/track/3lBRNqXjPp2j3JMTCXDTNO,253746,2011.0
Copacabana (at The Copa),Barry Manilow,https://open.spotify.com/track/26qO4FFiU8crnSfk2AFia4,345986,1978.0
Look At Me!,XXXTENTACION,https://open.spotify.com/track/7floNISpH8VF4z4459Qo18,126345,2017.0
Keep Holding On,Avril Lavigne,https://open.spotify.com/track/4UPcXTh26ilb7owtuyHqNI,239906,2007.0
Chasing Pavements,Adele,https://open.spotify.com/track/0Z5ok0QLLttAKsujOZYOXf,210506,2008.0
Think,Aretha Franklin,https://open.spotify.com/track/4yQw7FR9lcvL6RHtegbJBh,139733,1968.0
Sorry Seems To Be The Hardest Word,Elton John,https://open.spotify.com/track/6XfxmT5QNCXvpZA6PKfWVL,228933,1976.0
Try Again,Aaliyah,https://open.spotify.com/track/6dp3XPQJuC7qP7TaEFVgL5,284000,2002.0
After Hours,The Weeknd,https://open.spotify.com/track/2p8IUWQDrpjuFltbdgLOag,361026,2020.0
Heart Like A Truck,Lainey Wilson,,,
Romantic Homicide,d4vd,https://open.spotify.com/track/1xK59OXxi2TAAAbmZK0kBL,132630,2022.0
Best Part,Daniel Caesar Featuring H.E.R.,https://open.spotify.com/track/1RMJOxR6GRPsBHL8qeC2ux,209831,2017.0
Glorious,Macklemore Featuring Skylar Grey,https://open.spotify.com/track/0CokSRCu5hZgPxcZBaEzVE,220454,2017.0
Beast Of Burden,The Rolling Stones,https://open.spotify.com/track/77oU2rjC5XbjQfNe3bD6so,265173,1978.0
Ring Of Fire,Johnny Cash,https://open.spotify.com/track/6YffUZJ2R06kyxyK6onezL,158426,1963.0
Hold Me Closer,Elton John & Britney Spears,https://open.spotify.com/track/5TJEBoTCDbJXiKMdCN9pd3,202245,2021.0
Run To You,Whitney Houston,https://open.spotify.com/track/6M1M6cRtVkm5d0qTzkSEuK,264333,1992.0
Hungry Heart,Bruce Springsteen,https://open.spotify.com/track/1KsI8NEeAna8ZIdojI3FiT,199452,1980.0
The London,"""Young Thug, J. Cole & Travis Scott""",https://open.spotify.com/track/3s4mrPrEFFPF0LmAfutW0n,200186,2019.0
Find Your Love,Drake,,,
